version 2
JvmtiExport can_access_local_variables 0
JvmtiExport can_hotswap_or_post_breakpoint 1
JvmtiExport can_post_on_exceptions 0
# 356 ciObject found
instanceKlass java/lang/invoke/MethodType
ciInstanceKlass java/lang/Cloneable 1 0 7 100 1 100 1 1 1
instanceKlass org/jetbrains/kotlin/com/intellij/util/containers/IntStack
instanceKlass org/jetbrains/kotlin/it/unimi/dsi/fastutil/objects/ObjectArrays$ArrayHashStrategy
instanceKlass org/jetbrains/kotlin/it/unimi/dsi/fastutil/objects/ObjectArrays
instanceKlass  @bci org/jetbrains/kotlin/it/unimi/dsi/fastutil/objects/ObjectArrayList <clinit> ()V 26 <appendix> argL0 ; # org/jetbrains/kotlin/it/unimi/dsi/fastutil/objects/ObjectArrayList$$Lambda+0x000001938141a980
instanceKlass  @bci org/jetbrains/kotlin/it/unimi/dsi/fastutil/objects/ObjectArrayList <clinit> ()V 21 <appendix> argL0 ; # org/jetbrains/kotlin/it/unimi/dsi/fastutil/objects/ObjectArrayList$$Lambda+0x000001938141a750
instanceKlass  @bci org/jetbrains/kotlin/it/unimi/dsi/fastutil/objects/ObjectArrayList <clinit> ()V 16 <appendix> argL0 ; # org/jetbrains/kotlin/it/unimi/dsi/fastutil/objects/ObjectArrayList$$Lambda+0x000001938141a530
instanceKlass org/jetbrains/kotlin/it/unimi/dsi/fastutil/objects/ObjectListIterator
instanceKlass org/jetbrains/kotlin/it/unimi/dsi/fastutil/objects/ObjectBidirectionalIterator
instanceKlass org/jetbrains/kotlin/it/unimi/dsi/fastutil/BidirectionalIterator
instanceKlass org/jetbrains/kotlin/it/unimi/dsi/fastutil/objects/ObjectList
instanceKlass org/jetbrains/kotlin/com/intellij/psi/text/BlockSupport
instanceKlass org/jetbrains/kotlin/com/intellij/psi/impl/source/tree/SharedImplUtil
instanceKlass org/jetbrains/kotlin/lexer/_JetLexer
instanceKlass org/jetbrains/kotlin/com/intellij/lexer/FlexLexer
instanceKlass org/jetbrains/kotlin/com/intellij/lexer/LexerPosition
instanceKlass org/jetbrains/kotlin/com/intellij/lang/WhitespacesAndCommentsBinder$TokenTextGetter
instanceKlass org/jetbrains/kotlin/com/intellij/lang/PsiBuilder$Marker
instanceKlass org/jetbrains/kotlin/com/intellij/lang/SyntaxTreeBuilder$Marker
instanceKlass org/jetbrains/kotlin/com/intellij/lang/impl/PsiBuilderImpl$ProductionMarker
instanceKlass org/jetbrains/kotlin/com/intellij/lang/impl/PsiBuilderImpl$Node
instanceKlass org/jetbrains/kotlin/com/intellij/lang/LighterASTNode
instanceKlass org/jetbrains/kotlin/com/intellij/util/diff/ShallowNodeComparator
instanceKlass org/jetbrains/kotlin/com/intellij/util/diff/DiffTreeChangeBuilder
instanceKlass org/jetbrains/kotlin/com/intellij/openapi/util/UnprotectedUserDataHolder
instanceKlass  @bci org/jetbrains/kotlin/com/intellij/psi/impl/source/tree/LazyParseableElement ensureParsed ()V 135 <appendix> member <vmtarget> ; # org/jetbrains/kotlin/com/intellij/psi/impl/source/tree/LazyParseableElement$$Lambda+0x0000019381414168
instanceKlass org/jetbrains/kotlin/com/intellij/util/ThrowableRunnable
instanceKlass org/jetbrains/kotlin/com/intellij/psi/impl/source/tree/TreeUtil
instanceKlass org/jetbrains/kotlin/com/intellij/psi/impl/DebugUtil
instanceKlass  @bci org/jetbrains/kotlin/com/intellij/psi/impl/source/tree/LazyParseableElement <init> (Lorg/jetbrains/kotlin/com/intellij/psi/tree/IElementType;Ljava/lang/CharSequence;)V 57 <appendix> member <vmtarget> ; # org/jetbrains/kotlin/com/intellij/psi/impl/source/tree/LazyParseableElement$$Lambda+0x0000019381412b80
instanceKlass  @bci org/jetbrains/kotlin/com/intellij/psi/impl/source/tree/LazyParseableElement <clinit> ()V 24 <appendix> argL0 ; # org/jetbrains/kotlin/com/intellij/psi/impl/source/tree/LazyParseableElement$$Lambda+0x0000019381412378
instanceKlass org/jetbrains/kotlin/com/intellij/lang/LighterAST
instanceKlass  @bci org/jetbrains/kotlin/com/intellij/util/AstLoadingFilter <clinit> ()V 18 <appendix> argL0 ; # org/jetbrains/kotlin/com/intellij/util/AstLoadingFilter$$Lambda+0x0000019381410e70
instanceKlass org/jetbrains/kotlin/com/intellij/util/AstLoadingFilter
instanceKlass org/jetbrains/kotlin/util/slicedMap/Slices$SliceBuilder
instanceKlass org/jetbrains/kotlin/util/slicedMap/SetSlice$Companion
instanceKlass org/jetbrains/kotlin/util/slicedMap/RewritePolicy$1
instanceKlass org/jetbrains/kotlin/resolve/BindingContext$1
instanceKlass kotlin/jvm/internal/Ref$ObjectRef
instanceKlass javaslang/collection/HashArrayMappedTrieModule$AbstractNode
instanceKlass javaslang/collection/HashArrayMappedTrie
instanceKlass javaslang/collection/Set
instanceKlass javaslang/collection/Seq
instanceKlass javaslang/collection/Iterator
instanceKlass javaslang/collection/HashMap
instanceKlass javaslang/collection/Map
instanceKlass javaslang/collection/Traversable
instanceKlass javaslang/collection/Foldable
instanceKlass javaslang/Value
instanceKlass javaslang/Function1
instanceKlass javaslang/\u03bb
instanceKlass org/jetbrains/kotlin/resolve/calls/smartcasts/DataFlowInfoImpl$Companion
instanceKlass org/jetbrains/kotlin/resolve/calls/smartcasts/DataFlowInfoImpl
instanceKlass org/jetbrains/kotlin/resolve/calls/smartcasts/DataFlowInfoFactory
instanceKlass org/jetbrains/kotlin/resolve/calls/smartcasts/DataFlowInfo$Companion
instanceKlass org/jetbrains/kotlin/library/metadata/impl/KlibResolvedModuleDescriptorsFactoryImpl$Companion
instanceKlass org/jetbrains/kotlin/library/metadata/impl/KlibResolvedModuleDescriptorsFactoryImpl
instanceKlass org/jetbrains/kotlin/library/metadata/KlibResolvedModuleDescriptorsFactory
instanceKlass org/jetbrains/kotlin/library/metadata/impl/KlibMetadataModuleDescriptorFactoryImpl
instanceKlass org/jetbrains/kotlin/library/metadata/KlibMetadataModuleDescriptorFactory
instanceKlass org/jetbrains/kotlin/library/metadata/impl/KlibMetadataDeserializedPackageFragmentsFactoryImpl
instanceKlass org/jetbrains/kotlin/library/metadata/KlibMetadataDeserializedPackageFragmentsFactory
instanceKlass org/jetbrains/kotlin/library/metadata/impl/KlibModuleDescriptorFactoryImpl
instanceKlass org/jetbrains/kotlin/library/metadata/KlibModuleDescriptorFactory
instanceKlass org/jetbrains/kotlin/library/metadata/NullFlexibleTypeDeserializer
instanceKlass org/jetbrains/kotlin/library/metadata/KlibMetadataFactories
instanceKlass org/jetbrains/kotlin/cli/jvm/compiler/TopDownAnalyzerFacadeForJVMKt
instanceKlass org/jetbrains/kotlin/load/kotlin/incremental/IncrementalPackagePartProvider
instanceKlass org/jetbrains/kotlin/cli/jvm/config/ClassicFrontendSpecificJvmConfigurationKeys
instanceKlass org/jetbrains/kotlin/resolve/CodeAnalyzerInitializer$Companion
# instanceKlass java/lang/invoke/LambdaForm$MH+0x0000019381409c00
# instanceKlass java/lang/invoke/LambdaForm$MH+0x0000019381409800
# instanceKlass java/lang/invoke/LambdaForm$MH+0x0000019381409400
# instanceKlass java/lang/invoke/LambdaForm$MH+0x0000019381409000
# instanceKlass java/lang/invoke/LambdaForm$MH+0x0000019381408c00
# instanceKlass java/lang/invoke/LambdaForm$MH+0x0000019381408800
# instanceKlass java/lang/invoke/LambdaForm$MH+0x0000019381408400
# instanceKlass java/lang/invoke/LambdaForm$MH+0x0000019381408000
# instanceKlass java/lang/invoke/LambdaForm$MH+0x0000019381403c00
# instanceKlass java/lang/invoke/LambdaForm$MH+0x0000019381403800
# instanceKlass java/lang/invoke/LambdaForm$MH+0x0000019381403400
# instanceKlass java/lang/invoke/LambdaForm$MH+0x0000019381403000
# instanceKlass java/lang/invoke/LambdaForm$MH+0x0000019381402c00
# instanceKlass java/lang/invoke/LambdaForm$MH+0x0000019381402800
# instanceKlass java/lang/invoke/LambdaForm$MH+0x0000019381402400
# instanceKlass java/lang/invoke/LambdaForm$MH+0x0000019381402000
# instanceKlass java/lang/invoke/LambdaForm$MH+0x0000019381401c00
# instanceKlass java/lang/invoke/LambdaForm$MH+0x0000019381401800
# instanceKlass java/lang/invoke/LambdaForm$MH+0x0000019381401400
# instanceKlass java/lang/invoke/LambdaForm$MH+0x0000019381401000
# instanceKlass java/lang/invoke/LambdaForm$MH+0x0000019381400c00
# instanceKlass java/lang/invoke/LambdaForm$MH+0x0000019381400800
instanceKlass org/jetbrains/kotlin/resolve/calls/inference/ConstraintSystemBuilderImpl$Companion
instanceKlass org/jetbrains/kotlin/resolve/calls/inference/ConstraintSystemBuilderImpl
instanceKlass org/jetbrains/kotlin/resolve/calls/results/FlatSignatureForResolvedCallKt
# instanceKlass java/lang/invoke/LambdaForm$MH+0x0000019381400400
# instanceKlass java/lang/invoke/LambdaForm$MH+0x0000019381400000
# instanceKlass java/lang/invoke/LambdaForm$MH+0x00000193813ffc00
# instanceKlass java/lang/invoke/LambdaForm$MH+0x00000193813ff800
# instanceKlass java/lang/invoke/LambdaForm$MH+0x00000193813ff400
# instanceKlass java/lang/invoke/LambdaForm$MH+0x00000193813ff000
# instanceKlass java/lang/invoke/LambdaForm$MH+0x00000193813fec00
# instanceKlass java/lang/invoke/LambdaForm$MH+0x00000193813fe800
# instanceKlass java/lang/invoke/LambdaForm$MH+0x00000193813fe400
# instanceKlass java/lang/invoke/LambdaForm$MH+0x00000193813fe000
# instanceKlass java/lang/invoke/LambdaForm$MH+0x00000193813fdc00
# instanceKlass java/lang/invoke/LambdaForm$MH+0x00000193813fd800
# instanceKlass java/lang/invoke/LambdaForm$MH+0x00000193813fd400
# instanceKlass java/lang/invoke/LambdaForm$MH+0x00000193813fd000
# instanceKlass java/lang/invoke/LambdaForm$MH+0x00000193813fcc00
# instanceKlass java/lang/invoke/LambdaForm$MH+0x00000193813fc800
# instanceKlass java/lang/invoke/LambdaForm$MH+0x00000193813fc400
# instanceKlass java/lang/invoke/LambdaForm$MH+0x00000193813fc000
# instanceKlass java/lang/invoke/LambdaForm$MH+0x00000193813fbc00
# instanceKlass java/lang/invoke/LambdaForm$MH+0x00000193813fb800
# instanceKlass java/lang/invoke/LambdaForm$MH+0x00000193813fb400
# instanceKlass java/lang/invoke/LambdaForm$MH+0x00000193813fb000
# instanceKlass java/lang/invoke/LambdaForm$MH+0x00000193813fac00
# instanceKlass java/lang/invoke/LambdaForm$MH+0x00000193813fa800
# instanceKlass java/lang/invoke/LambdaForm$MH+0x00000193813fa400
# instanceKlass java/lang/invoke/LambdaForm$MH+0x00000193813fa000
# instanceKlass java/lang/invoke/LambdaForm$MH+0x00000193813f9c00
# instanceKlass java/lang/invoke/LambdaForm$MH+0x00000193813f9800
# instanceKlass java/lang/invoke/LambdaForm$MH+0x00000193813f9400
# instanceKlass java/lang/invoke/LambdaForm$MH+0x00000193813f9000
# instanceKlass java/lang/invoke/LambdaForm$MH+0x00000193813f8c00
# instanceKlass java/lang/invoke/LambdaForm$MH+0x00000193813f8800
# instanceKlass java/lang/invoke/LambdaForm$MH+0x00000193813f8400
# instanceKlass java/lang/invoke/LambdaForm$MH+0x00000193813f8000
# instanceKlass java/lang/invoke/LambdaForm$MH+0x00000193813f7c00
# instanceKlass java/lang/invoke/LambdaForm$MH+0x00000193813f7800
# instanceKlass java/lang/invoke/LambdaForm$MH+0x00000193813f7400
instanceKlass org/jetbrains/kotlin/resolve/calls/CallExpressionResolver$Companion
# instanceKlass java/lang/invoke/LambdaForm$MH+0x00000193813f7000
# instanceKlass java/lang/invoke/LambdaForm$MH+0x00000193813f6c00
# instanceKlass java/lang/invoke/LambdaForm$MH+0x00000193813f6800
# instanceKlass java/lang/invoke/LambdaForm$MH+0x00000193813f6400
# instanceKlass java/lang/invoke/LambdaForm$MH+0x00000193813f6000
# instanceKlass java/lang/invoke/LambdaForm$MH+0x00000193813f5c00
# instanceKlass java/lang/invoke/LambdaForm$MH+0x00000193813f5800
# instanceKlass java/lang/invoke/LambdaForm$MH+0x00000193813f5400
# instanceKlass java/lang/invoke/LambdaForm$MH+0x00000193813f5000
# instanceKlass java/lang/invoke/LambdaForm$MH+0x00000193813f4c00
# instanceKlass java/lang/invoke/LambdaForm$MH+0x00000193813f4800
# instanceKlass java/lang/invoke/LambdaForm$MH+0x00000193813f4400
# instanceKlass java/lang/invoke/LambdaForm$MH+0x00000193813f4000
# instanceKlass java/lang/invoke/LambdaForm$MH+0x00000193813f3c00
# instanceKlass java/lang/invoke/LambdaForm$MH+0x00000193813f3800
# instanceKlass java/lang/invoke/LambdaForm$MH+0x00000193813f3400
# instanceKlass java/lang/invoke/LambdaForm$MH+0x00000193813f3000
# instanceKlass java/lang/invoke/LambdaForm$MH+0x00000193813f2c00
# instanceKlass java/lang/invoke/LambdaForm$MH+0x00000193813f2800
# instanceKlass java/lang/invoke/LambdaForm$MH+0x00000193813f2400
# instanceKlass java/lang/invoke/LambdaForm$MH+0x00000193813f2000
# instanceKlass java/lang/invoke/LambdaForm$MH+0x00000193813f1c00
# instanceKlass java/lang/invoke/LambdaForm$MH+0x00000193813f1800
# instanceKlass java/lang/invoke/LambdaForm$MH+0x00000193813f1400
# instanceKlass java/lang/invoke/LambdaForm$MH+0x00000193813f1000
# instanceKlass java/lang/invoke/LambdaForm$MH+0x00000193813f0c00
# instanceKlass java/lang/invoke/LambdaForm$MH+0x00000193813f0800
# instanceKlass java/lang/invoke/LambdaForm$MH+0x00000193813f0400
# instanceKlass java/lang/invoke/LambdaForm$MH+0x00000193813f0000
instanceKlass org/jetbrains/kotlin/builtins/jvm/JvmBuiltInsPackageFragmentProvider$Companion
instanceKlass org/jetbrains/kotlin/resolve/jvm/TopPackageNamesProvider
instanceKlass org/jetbrains/kotlin/serialization/deserialization/JvmEnumEntriesDeserializationSupport
instanceKlass org/jetbrains/kotlin/metadata/jvm/JvmProtoBuf$JvmFieldSignatureOrBuilder
instanceKlass org/jetbrains/kotlin/metadata/jvm/JvmProtoBuf$JvmPropertySignatureOrBuilder
instanceKlass org/jetbrains/kotlin/metadata/jvm/JvmProtoBuf$JvmMethodSignatureOrBuilder
instanceKlass org/jetbrains/kotlin/metadata/jvm/JvmProtoBuf
instanceKlass org/jetbrains/kotlin/metadata/jvm/deserialization/JvmProtoBufUtil
instanceKlass org/jetbrains/kotlin/load/kotlin/JavaFlexibleTypeDeserializer
# instanceKlass java/lang/invoke/LambdaForm$MH+0x00000193813ebc00
# instanceKlass java/lang/invoke/LambdaForm$MH+0x00000193813eb800
# instanceKlass java/lang/invoke/LambdaForm$MH+0x00000193813eb400
# instanceKlass java/lang/invoke/LambdaForm$MH+0x00000193813eb000
# instanceKlass java/lang/invoke/LambdaForm$MH+0x00000193813eac00
# instanceKlass java/lang/invoke/LambdaForm$MH+0x00000193813ea800
# instanceKlass java/lang/invoke/LambdaForm$MH+0x00000193813ea400
# instanceKlass java/lang/invoke/LambdaForm$MH+0x00000193813ea000
# instanceKlass java/lang/invoke/LambdaForm$MH+0x00000193813e9c00
# instanceKlass java/lang/invoke/LambdaForm$MH+0x00000193813e9800
# instanceKlass java/lang/invoke/LambdaForm$MH+0x00000193813e9400
# instanceKlass java/lang/invoke/LambdaForm$MH+0x00000193813e9000
# instanceKlass java/lang/invoke/LambdaForm$MH+0x00000193813e8c00
# instanceKlass java/lang/invoke/LambdaForm$BMH+0x00000193813e8800
# instanceKlass java/lang/invoke/LambdaForm$DMH+0x00000193813e8400
# instanceKlass java/lang/invoke/LambdaForm$DMH+0x00000193813e8000
instanceKlass org/jetbrains/kotlin/load/kotlin/DeserializationComponentsForJava$Companion
# instanceKlass java/lang/invoke/LambdaForm$MH+0x00000193813e7c00
# instanceKlass java/lang/invoke/LambdaForm$MH+0x00000193813e7800
# instanceKlass java/lang/invoke/LambdaForm$MH+0x00000193813e7400
# instanceKlass java/lang/invoke/LambdaForm$MH+0x00000193813e7000
instanceKlass org/jetbrains/kotlin/load/kotlin/AbstractBinaryClassAnnotationLoader$Companion
instanceKlass org/jetbrains/kotlin/types/TypeParameterErasureOptions
instanceKlass org/jetbrains/kotlin/types/TypeParameterUpperBoundEraser$Companion
instanceKlass org/jetbrains/kotlin/types/TypeParameterUpperBoundEraser
instanceKlass org/jetbrains/kotlin/types/ErasureProjectionComputer
instanceKlass org/jetbrains/kotlin/load/java/lazy/types/JavaTypeResolver
instanceKlass kotlin/InitializedLazyImpl
instanceKlass org/jetbrains/kotlin/load/java/lazy/TypeParameterResolver$EMPTY
instanceKlass org/jetbrains/kotlin/load/java/lazy/TypeParameterResolver
# instanceKlass java/lang/invoke/LambdaForm$MH+0x00000193813e6c00
# instanceKlass java/lang/invoke/LambdaForm$MH+0x00000193813e6800
# instanceKlass java/lang/invoke/LambdaForm$DMH+0x00000193813e6400
# instanceKlass java/lang/invoke/LambdaForm$MH+0x00000193813e6000
# instanceKlass java/lang/invoke/LambdaForm$DMH+0x00000193813e5c00
# instanceKlass java/lang/invoke/LambdaForm$MH+0x00000193813e5800
# instanceKlass java/lang/invoke/LambdaForm$MH+0x00000193813e5400
# instanceKlass java/lang/invoke/LambdaForm$MH+0x00000193813e5000
# instanceKlass java/lang/invoke/LambdaForm$MH+0x00000193813e4c00
# instanceKlass java/lang/invoke/LambdaForm$MH+0x00000193813e4800
# instanceKlass java/lang/invoke/LambdaForm$MH+0x00000193813e4400
# instanceKlass java/lang/invoke/LambdaForm$MH+0x00000193813e4000
# instanceKlass java/lang/invoke/LambdaForm$MH+0x00000193813e3c00
# instanceKlass java/lang/invoke/LambdaForm$MH+0x00000193813e3800
# instanceKlass java/lang/invoke/LambdaForm$MH+0x00000193813e3400
# instanceKlass java/lang/invoke/LambdaForm$MH+0x00000193813e3000
# instanceKlass java/lang/invoke/LambdaForm$MH+0x00000193813e2c00
# instanceKlass java/lang/invoke/LambdaForm$MH+0x00000193813e2800
# instanceKlass java/lang/invoke/LambdaForm$MH+0x00000193813e2400
# instanceKlass java/lang/invoke/LambdaForm$MH+0x00000193813e2000
# instanceKlass java/lang/invoke/LambdaForm$MH+0x00000193813e1c00
# instanceKlass java/lang/invoke/LambdaForm$MH+0x00000193813e1800
# instanceKlass java/lang/invoke/LambdaForm$MH+0x00000193813e1400
# instanceKlass java/lang/invoke/LambdaForm$MH+0x00000193813e1000
# instanceKlass java/lang/invoke/LambdaForm$MH+0x00000193813e0c00
# instanceKlass java/lang/invoke/LambdaForm$MH+0x00000193813e0800
# instanceKlass java/lang/invoke/LambdaForm$MH+0x00000193813e0400
# instanceKlass java/lang/invoke/LambdaForm$BMH+0x00000193813e0000
# instanceKlass java/lang/invoke/LambdaForm$DMH+0x00000193813dfc00
# instanceKlass java/lang/invoke/LambdaForm$DMH+0x00000193813df800
instanceKlass org/jetbrains/kotlin/load/java/components/TraceBasedErrorReporter$Companion
instanceKlass org/jetbrains/kotlin/load/kotlin/header/KotlinClassHeader$Kind$Companion
instanceKlass org/jetbrains/kotlin/load/kotlin/DeserializedDescriptorResolver$Companion
# instanceKlass java/lang/invoke/LambdaForm$MH+0x00000193813df400
# instanceKlass java/lang/invoke/LambdaForm$MH+0x00000193813df000
# instanceKlass java/lang/invoke/LambdaForm$MH+0x00000193813dec00
# instanceKlass java/lang/invoke/LambdaForm$MH+0x00000193813de800
# instanceKlass java/lang/invoke/LambdaForm$MH+0x00000193813de400
# instanceKlass java/lang/invoke/LambdaForm$MH+0x00000193813de000
# instanceKlass java/lang/invoke/LambdaForm$MH+0x00000193813ddc00
# instanceKlass java/lang/invoke/LambdaForm$MH+0x00000193813dd800
# instanceKlass java/lang/invoke/LambdaForm$MH+0x00000193813dd400
# instanceKlass java/lang/invoke/LambdaForm$MH+0x00000193813dd000
# instanceKlass java/lang/invoke/LambdaForm$MH+0x00000193813dcc00
# instanceKlass java/lang/invoke/LambdaForm$MH+0x00000193813dc800
# instanceKlass java/lang/invoke/LambdaForm$MH+0x00000193813dc400
# instanceKlass java/lang/invoke/LambdaForm$MH+0x00000193813dc000
# instanceKlass java/lang/invoke/LambdaForm$MH+0x00000193813dbc00
# instanceKlass java/lang/invoke/LambdaForm$MH+0x00000193813db800
# instanceKlass java/lang/invoke/LambdaForm$MH+0x00000193813db400
# instanceKlass java/lang/invoke/LambdaForm$MH+0x00000193813db000
# instanceKlass java/lang/invoke/LambdaForm$BMH+0x00000193813dac00
# instanceKlass java/lang/invoke/LambdaForm$DMH+0x00000193813da800
# instanceKlass java/lang/invoke/LambdaForm$DMH+0x00000193813da400
# instanceKlass java/lang/invoke/LambdaForm$MH+0x00000193813da000
instanceKlass org/jetbrains/kotlin/util/slicedMap/Slices$2
instanceKlass org/jetbrains/kotlin/util/slicedMap/Slices$1
instanceKlass org/jetbrains/kotlin/util/slicedMap/RewritePolicy
instanceKlass org/jetbrains/kotlin/util/slicedMap/Slices
instanceKlass org/jetbrains/kotlin/load/java/components/FilesByFacadeFqNameIndexer$Companion
instanceKlass org/jetbrains/kotlin/com/intellij/util/SmartFMap
instanceKlass org/jetbrains/kotlin/resolve/ObservableBindingTrace
# instanceKlass java/lang/invoke/LambdaForm$MH+0x00000193813d9c00
# instanceKlass java/lang/invoke/LambdaForm$MH+0x00000193813d9800
# instanceKlass java/lang/invoke/LambdaForm$MH+0x00000193813d9400
# instanceKlass java/lang/invoke/LambdaForm$MH+0x00000193813d9000
# instanceKlass java/lang/invoke/LambdaForm$MH+0x00000193813d8c00
# instanceKlass java/lang/invoke/LambdaForm$MH+0x00000193813d8800
# instanceKlass java/lang/invoke/LambdaForm$MH+0x00000193813d8400
# instanceKlass java/lang/invoke/LambdaForm$MH+0x00000193813d8000
# instanceKlass java/lang/invoke/LambdaForm$MH+0x00000193813d7c00
# instanceKlass java/lang/invoke/LambdaForm$MH+0x00000193813d7800
# instanceKlass java/lang/invoke/LambdaForm$MH+0x00000193813d7400
# instanceKlass java/lang/invoke/LambdaForm$MH+0x00000193813d7000
# instanceKlass java/lang/invoke/LambdaForm$MH+0x00000193813d6c00
# instanceKlass java/lang/invoke/LambdaForm$MH+0x00000193813d6800
# instanceKlass java/lang/invoke/LambdaForm$MH+0x00000193813d6400
# instanceKlass java/lang/invoke/LambdaForm$MH+0x00000193813d6000
# instanceKlass java/lang/invoke/LambdaForm$BMH+0x00000193813d5c00
# instanceKlass java/lang/invoke/LambdaForm$DMH+0x00000193813d5800
# instanceKlass java/lang/invoke/LambdaForm$DMH+0x00000193813d5400
# instanceKlass java/lang/invoke/LambdaForm$MH+0x00000193813d5000
# instanceKlass java/lang/invoke/LambdaForm$MH+0x00000193813d4c00
# instanceKlass java/lang/invoke/LambdaForm$MH+0x00000193813d4800
# instanceKlass java/lang/invoke/LambdaForm$MH+0x00000193813d4400
# instanceKlass java/lang/invoke/LambdaForm$MH+0x00000193813d4000
instanceKlass org/jetbrains/kotlin/resolve/ShadowedExtensionChecker
instanceKlass org/jetbrains/kotlin/descriptors/EffectiveVisibility
instanceKlass org/jetbrains/kotlin/resolve/ExposedVisibilityChecker
# instanceKlass java/lang/invoke/LambdaForm$MH+0x00000193813cf400
# instanceKlass java/lang/invoke/LambdaForm$MH+0x00000193813cf000
# instanceKlass java/lang/invoke/LambdaForm$MH+0x00000193813cec00
# instanceKlass java/lang/invoke/LambdaForm$MH+0x00000193813ce800
# instanceKlass java/lang/invoke/LambdaForm$MH+0x00000193813ce400
# instanceKlass java/lang/invoke/LambdaForm$MH+0x00000193813ce000
# instanceKlass java/lang/invoke/LambdaForm$MH+0x00000193813cdc00
# instanceKlass java/lang/invoke/LambdaForm$MH+0x00000193813cd800
# instanceKlass java/lang/invoke/LambdaForm$MH+0x00000193813cd400
instanceKlass org/jetbrains/kotlin/resolve/DeclarationsChecker$Companion
# instanceKlass java/lang/invoke/LambdaForm$MH+0x00000193813cd000
# instanceKlass java/lang/invoke/LambdaForm$MH+0x00000193813ccc00
# instanceKlass java/lang/invoke/LambdaForm$MH+0x00000193813cc800
# instanceKlass java/lang/invoke/LambdaForm$MH+0x00000193813cc400
# instanceKlass java/lang/invoke/LambdaForm$MH+0x00000193813cc000
# instanceKlass java/lang/invoke/LambdaForm$MH+0x00000193813cbc00
# instanceKlass java/lang/invoke/LambdaForm$MH+0x00000193813cb800
instanceKlass org/jetbrains/kotlin/resolve/VarianceCheckerCore$Companion
instanceKlass org/jetbrains/kotlin/resolve/VarianceCheckerCore
instanceKlass org/jetbrains/kotlin/idea/MainFunctionDetector$Companion
# instanceKlass java/lang/invoke/LambdaForm$MH+0x00000193813cb400
# instanceKlass java/lang/invoke/LambdaForm$MH+0x00000193813cb000
# instanceKlass java/lang/invoke/LambdaForm$MH+0x00000193813cac00
# instanceKlass java/lang/invoke/LambdaForm$MH+0x00000193813ca800
# instanceKlass java/lang/invoke/LambdaForm$MH+0x00000193813ca400
# instanceKlass java/lang/invoke/LambdaForm$MH+0x00000193813ca000
# instanceKlass java/lang/invoke/LambdaForm$MH+0x00000193813c9c00
# instanceKlass java/lang/invoke/LambdaForm$MH+0x00000193813c9800
# instanceKlass java/lang/invoke/LambdaForm$MH+0x00000193813c9400
# instanceKlass java/lang/invoke/LambdaForm$MH+0x00000193813c9000
# instanceKlass java/lang/invoke/LambdaForm$MH+0x00000193813c8c00
# instanceKlass java/lang/invoke/LambdaForm$MH+0x00000193813c8800
instanceKlass org/jetbrains/kotlin/resolve/OverrideResolver$Companion
instanceKlass org/jetbrains/kotlin/load/java/AbstractAnnotationTypeQualifierResolver$Companion
# instanceKlass java/lang/invoke/LambdaForm$MH+0x00000193813c8400
# instanceKlass java/lang/invoke/LambdaForm$MH+0x00000193813c8000
instanceKlass org/jetbrains/kotlin/resolve/lazy/FileScopeFactory$DefaultImportImpl
instanceKlass org/jetbrains/kotlin/util/collectionUtils/ScopeUtilsKt
instanceKlass org/jetbrains/kotlin/builtins/jvm/CloneableClassScope$Companion
instanceKlass org/jetbrains/kotlin/descriptors/TypeParameterUtilsKt
instanceKlass org/jetbrains/kotlin/incremental/UtilsKt
instanceKlass org/jetbrains/kotlin/serialization/deserialization/descriptors/DeserializedClassDescriptor$EnumEntryClassDescriptors
instanceKlass org/jetbrains/kotlin/builtins/functions/FunctionTypeKindExtractor$Companion
instanceKlass org/jetbrains/kotlin/builtins/functions/FunctionTypeKindExtractor
instanceKlass org/jetbrains/kotlin/serialization/deserialization/descriptors/DeserializedAnnotations
instanceKlass org/jetbrains/kotlin/descriptors/impl/AbstractTypeParameterDescriptor$2
instanceKlass org/jetbrains/kotlin/descriptors/impl/AbstractTypeParameterDescriptor$1
instanceKlass org/jetbrains/kotlin/descriptors/SupertypeLoopChecker$EMPTY
instanceKlass org/jetbrains/kotlin/descriptors/ScopesHolderForClass$Companion
instanceKlass org/jetbrains/kotlin/descriptors/ScopesHolderForClass
instanceKlass org/jetbrains/kotlin/serialization/deserialization/ProtoEnumFlagsUtilsKt$WhenMappings
instanceKlass org/jetbrains/kotlin/serialization/deserialization/ProtoEnumFlagsUtilsKt
instanceKlass org/jetbrains/kotlin/serialization/deserialization/ProtoEnumFlags$WhenMappings
instanceKlass org/jetbrains/kotlin/metadata/ProtoBuf$MemberKind$1
instanceKlass org/jetbrains/kotlin/metadata/ProtoBuf$Class$Kind$1
instanceKlass org/jetbrains/kotlin/metadata/ProtoBuf$Modality$1
instanceKlass org/jetbrains/kotlin/metadata/ProtoBuf$Visibility$1
instanceKlass org/jetbrains/kotlin/metadata/deserialization/Flags$FlagField
instanceKlass org/jetbrains/kotlin/metadata/deserialization/Flags
instanceKlass org/jetbrains/kotlin/serialization/deserialization/ProtoEnumFlags
instanceKlass org/jetbrains/kotlin/descriptors/DeserializedDescriptor
instanceKlass org/jetbrains/kotlin/serialization/deserialization/ClassDeserializer$ClassKey
instanceKlass org/jetbrains/kotlin/resolve/scopes/ChainedMemberScope$Companion
instanceKlass org/jetbrains/kotlin/resolve/scopes/ChainedMemberScope
instanceKlass org/jetbrains/kotlin/descriptors/PackageFragmentProviderKt
instanceKlass org/jetbrains/kotlin/descriptors/impl/CompositePackageFragmentProvider
instanceKlass org/jetbrains/kotlin/resolve/scopes/MemberScope$Companion
instanceKlass org/jetbrains/kotlin/resolve/scopes/DescriptorKindFilter$Companion$MaskToName
instanceKlass org/jetbrains/kotlin/resolve/scopes/DescriptorKindFilter$Companion
instanceKlass org/jetbrains/kotlin/resolve/scopes/DescriptorKindFilter
instanceKlass org/jetbrains/kotlin/resolve/scopes/AbstractScopeAdapter
instanceKlass org/jetbrains/kotlin/resolve/PlatformDependentAnalyzerServices$DefaultImportsKey
# instanceKlass java/lang/invoke/LambdaForm$MH+0x00000193813b9c00
# instanceKlass java/lang/invoke/LambdaForm$MH+0x00000193813b9800
# instanceKlass java/lang/invoke/LambdaForm$MH+0x00000193813b9400
# instanceKlass java/lang/invoke/LambdaForm$MH+0x00000193813b9000
# instanceKlass java/lang/invoke/LambdaForm$MH+0x00000193813b8c00
# instanceKlass java/lang/invoke/LambdaForm$MH+0x00000193813b8800
# instanceKlass java/lang/invoke/LambdaForm$MH+0x00000193813b8400
# instanceKlass java/lang/invoke/LambdaForm$MH+0x00000193813b8000
# instanceKlass java/lang/invoke/LambdaForm$MH+0x00000193813b7c00
# instanceKlass java/lang/invoke/LambdaForm$MH+0x00000193813b7800
# instanceKlass java/lang/invoke/LambdaForm$MH+0x00000193813b7400
# instanceKlass java/lang/invoke/LambdaForm$MH+0x00000193813b7000
# instanceKlass java/lang/invoke/LambdaForm$MH+0x00000193813b6c00
# instanceKlass java/lang/invoke/LambdaForm$MH+0x00000193813b6800
# instanceKlass java/lang/invoke/LambdaForm$MH+0x00000193813b6400
# instanceKlass java/lang/invoke/LambdaForm$MH+0x00000193813b6000
# instanceKlass java/lang/invoke/LambdaForm$MH+0x00000193813b5c00
# instanceKlass java/lang/invoke/LambdaForm$MH+0x00000193813b5800
# instanceKlass java/lang/invoke/LambdaForm$MH+0x00000193813b5400
# instanceKlass java/lang/invoke/LambdaForm$MH+0x00000193813b5000
# instanceKlass java/lang/invoke/LambdaForm$MH+0x00000193813b4c00
# instanceKlass java/lang/invoke/LambdaForm$MH+0x00000193813b4800
# instanceKlass java/lang/invoke/LambdaForm$MH+0x00000193813b4400
# instanceKlass java/lang/invoke/LambdaForm$MH+0x00000193813b4000
# instanceKlass java/lang/invoke/LambdaForm$MH+0x00000193813b3c00
# instanceKlass java/lang/invoke/LambdaForm$MH+0x00000193813b3800
# instanceKlass java/lang/invoke/LambdaForm$MH+0x00000193813b3400
# instanceKlass java/lang/invoke/LambdaForm$MH+0x00000193813b3000
# instanceKlass java/lang/invoke/LambdaForm$MH+0x00000193813b2c00
# instanceKlass java/lang/invoke/LambdaForm$MH+0x00000193813b2800
# instanceKlass java/lang/invoke/LambdaForm$MH+0x00000193813b2400
# instanceKlass java/lang/invoke/LambdaForm$MH+0x00000193813b2000
# instanceKlass java/lang/invoke/LambdaForm$MH+0x00000193813b1c00
# instanceKlass java/lang/invoke/LambdaForm$MH+0x00000193813b1800
# instanceKlass java/lang/invoke/LambdaForm$MH+0x00000193813b1400
# instanceKlass java/lang/invoke/LambdaForm$MH+0x00000193813b1000
# instanceKlass java/lang/invoke/LambdaForm$MH+0x00000193813b0c00
# instanceKlass java/lang/invoke/LambdaForm$MH+0x00000193813b0800
# instanceKlass java/lang/invoke/LambdaForm$MH+0x00000193813b0400
# instanceKlass java/lang/invoke/LambdaForm$MH+0x00000193813b0000
# instanceKlass java/lang/invoke/LambdaForm$MH+0x00000193813afc00
# instanceKlass java/lang/invoke/LambdaForm$MH+0x00000193813af800
# instanceKlass java/lang/invoke/LambdaForm$BMH+0x00000193813af400
# instanceKlass java/lang/invoke/LambdaForm$DMH+0x00000193813af000
# instanceKlass java/lang/invoke/LambdaForm$DMH+0x00000193813aec00
# instanceKlass java/lang/invoke/LambdaForm$MH+0x00000193813ae800
# instanceKlass java/lang/invoke/LambdaForm$MH+0x00000193813ae400
# instanceKlass java/lang/invoke/LambdaForm$MH+0x00000193813ae000
# instanceKlass java/lang/invoke/LambdaForm$MH+0x00000193813adc00
# instanceKlass java/lang/invoke/LambdaForm$MH+0x00000193813ad800
# instanceKlass java/lang/invoke/LambdaForm$MH+0x00000193813ad400
# instanceKlass java/lang/invoke/LambdaForm$MH+0x00000193813ad000
# instanceKlass java/lang/invoke/LambdaForm$MH+0x00000193813acc00
# instanceKlass java/lang/invoke/LambdaForm$MH+0x00000193813ac800
# instanceKlass java/lang/invoke/LambdaForm$MH+0x00000193813ac400
# instanceKlass java/lang/invoke/LambdaForm$MH+0x00000193813ac000
# instanceKlass java/lang/invoke/LambdaForm$MH+0x00000193813abc00
# instanceKlass java/lang/invoke/LambdaForm$MH+0x00000193813ab800
# instanceKlass java/lang/invoke/LambdaForm$MH+0x00000193813ab400
# instanceKlass java/lang/invoke/LambdaForm$MH+0x00000193813ab000
# instanceKlass java/lang/invoke/LambdaForm$MH+0x00000193813aac00
# instanceKlass java/lang/invoke/LambdaForm$MH+0x00000193813aa800
# instanceKlass java/lang/invoke/LambdaForm$MH+0x00000193813aa400
# instanceKlass java/lang/invoke/LambdaForm$MH+0x00000193813aa000
# instanceKlass java/lang/invoke/LambdaForm$MH+0x00000193813a9c00
# instanceKlass java/lang/invoke/LambdaForm$MH+0x00000193813a9800
# instanceKlass java/lang/invoke/LambdaForm$MH+0x00000193813a9400
# instanceKlass java/lang/invoke/LambdaForm$MH+0x00000193813a9000
# instanceKlass java/lang/invoke/LambdaForm$MH+0x00000193813a8c00
# instanceKlass java/lang/invoke/LambdaForm$MH+0x00000193813a8800
# instanceKlass java/lang/invoke/LambdaForm$MH+0x00000193813a8400
# instanceKlass java/lang/invoke/LambdaForm$MH+0x00000193813a8000
# instanceKlass java/lang/invoke/LambdaForm$MH+0x00000193813a3c00
instanceKlass org/jetbrains/kotlin/resolve/VariableTypeAndInitializerResolver$Companion
# instanceKlass java/lang/invoke/LambdaForm$MH+0x00000193813a3800
# instanceKlass java/lang/invoke/LambdaForm$MH+0x00000193813a3400
# instanceKlass java/lang/invoke/LambdaForm$MH+0x00000193813a3000
# instanceKlass java/lang/invoke/LambdaForm$MH+0x00000193813a2c00
# instanceKlass java/lang/invoke/LambdaForm$MH+0x00000193813a2800
# instanceKlass java/lang/invoke/LambdaForm$MH+0x00000193813a2400
# instanceKlass java/lang/invoke/LambdaForm$MH+0x00000193813a2000
# instanceKlass java/lang/invoke/LambdaForm$MH+0x00000193813a1c00
# instanceKlass java/lang/invoke/LambdaForm$MH+0x00000193813a1800
# instanceKlass java/lang/invoke/LambdaForm$MH+0x00000193813a1400
instanceKlass org/jetbrains/kotlin/resolve/checkers/ResolutionWithStubTypesChecker
instanceKlass org/jetbrains/kotlin/types/checker/SimpleClassicTypeSystemContext
instanceKlass org/jetbrains/kotlin/resolve/checkers/PassingProgressionAsCollectionCallChecker
instanceKlass org/jetbrains/kotlin/resolve/calls/checkers/CallCheckerWithAdditionalResolve
# instanceKlass java/lang/invoke/LambdaForm$MH+0x00000193813a1000
# instanceKlass java/lang/invoke/LambdaForm$MH+0x00000193813a0c00
# instanceKlass java/lang/invoke/LambdaForm$DMH+0x00000193813a0800
# instanceKlass java/lang/invoke/LambdaForm$MH+0x00000193813a0400
# instanceKlass java/lang/invoke/LambdaForm$DMH+0x00000193813a0000
# instanceKlass java/lang/invoke/LambdaForm$MH+0x000001938139fc00
# instanceKlass java/lang/invoke/LambdaForm$DMH+0x000001938139f800
# instanceKlass java/lang/invoke/LambdaForm$MH+0x000001938139f400
# instanceKlass java/lang/invoke/LambdaForm$DMH+0x000001938139f000
# instanceKlass java/lang/invoke/LambdaForm$MH+0x000001938139ec00
# instanceKlass java/lang/invoke/LambdaForm$DMH+0x000001938139e800
# instanceKlass java/lang/invoke/LambdaForm$MH+0x000001938139e400
# instanceKlass java/lang/invoke/LambdaForm$MH+0x000001938139e000
# instanceKlass java/lang/invoke/LambdaForm$MH+0x000001938139dc00
# instanceKlass java/lang/invoke/LambdaForm$MH+0x000001938139d800
# instanceKlass java/lang/invoke/LambdaForm$MH+0x000001938139d400
# instanceKlass java/lang/invoke/LambdaForm$MH+0x000001938139d000
# instanceKlass java/lang/invoke/LambdaForm$MH+0x000001938139cc00
# instanceKlass java/lang/invoke/LambdaForm$MH+0x000001938139c800
# instanceKlass java/lang/invoke/LambdaForm$MH+0x000001938139c400
# instanceKlass java/lang/invoke/LambdaForm$MH+0x000001938139c000
# instanceKlass java/lang/invoke/LambdaForm$MH+0x000001938139bc00
# instanceKlass java/lang/invoke/LambdaForm$MH+0x000001938139b800
# instanceKlass java/lang/invoke/LambdaForm$MH+0x000001938139b400
# instanceKlass java/lang/invoke/LambdaForm$MH+0x000001938139b000
# instanceKlass java/lang/invoke/LambdaForm$MH+0x000001938139ac00
# instanceKlass java/lang/invoke/LambdaForm$MH+0x000001938139a800
# instanceKlass java/lang/invoke/LambdaForm$MH+0x000001938139a400
# instanceKlass java/lang/invoke/LambdaForm$BMH+0x000001938139a000
# instanceKlass java/lang/invoke/LambdaForm$DMH+0x0000019381399c00
# instanceKlass java/lang/invoke/LambdaForm$DMH+0x0000019381399800
# instanceKlass java/lang/invoke/LambdaForm$MH+0x0000019381399400
# instanceKlass java/lang/invoke/LambdaForm$MH+0x0000019381399000
# instanceKlass java/lang/invoke/LambdaForm$MH+0x0000019381398c00
# instanceKlass java/lang/invoke/LambdaForm$MH+0x0000019381398800
# instanceKlass java/lang/invoke/LambdaForm$MH+0x0000019381398400
# instanceKlass java/lang/invoke/LambdaForm$MH+0x0000019381398000
# instanceKlass java/lang/invoke/LambdaForm$DMH+0x0000019381395c00
instanceKlass org/jetbrains/kotlin/resolve/calls/components/NewOverloadingConflictResolver$Companion
instanceKlass org/jetbrains/kotlin/resolve/calls/inference/components/KotlinConstraintSystemCompleter$Companion
# instanceKlass java/lang/invoke/LambdaForm$MH+0x0000019381395800
# instanceKlass java/lang/invoke/LambdaForm$MH+0x0000019381395400
# instanceKlass java/lang/invoke/LambdaForm$MH+0x0000019381395000
# instanceKlass java/lang/invoke/LambdaForm$MH+0x0000019381394c00
# instanceKlass java/lang/invoke/LambdaForm$MH+0x0000019381394800
instanceKlass org/jetbrains/kotlin/resolve/calls/inference/components/PostponedArgumentInputTypesResolver$Companion
# instanceKlass java/lang/invoke/LambdaForm$MH+0x0000019381394400
# instanceKlass java/lang/invoke/LambdaForm$MH+0x0000019381394000
# instanceKlass java/lang/invoke/LambdaForm$MH+0x0000019381393c00
# instanceKlass java/lang/invoke/LambdaForm$MH+0x0000019381393800
# instanceKlass java/lang/invoke/LambdaForm$DMH+0x0000019381393400
# instanceKlass java/lang/invoke/LambdaForm$MH+0x0000019381393000
# instanceKlass java/lang/invoke/LambdaForm$DMH+0x0000019381392c00
# instanceKlass java/lang/invoke/LambdaForm$MH+0x0000019381392800
# instanceKlass java/lang/invoke/LambdaForm$DMH+0x0000019381392400
# instanceKlass java/lang/invoke/LambdaForm$MH+0x0000019381392000
# instanceKlass java/lang/invoke/LambdaForm$DMH+0x0000019381391c00
# instanceKlass java/lang/invoke/LambdaForm$MH+0x0000019381391800
# instanceKlass java/lang/invoke/LambdaForm$MH+0x0000019381391400
# instanceKlass java/lang/invoke/LambdaForm$MH+0x0000019381391000
# instanceKlass java/lang/invoke/LambdaForm$MH+0x0000019381390c00
# instanceKlass java/lang/invoke/LambdaForm$MH+0x0000019381390800
# instanceKlass java/lang/invoke/LambdaForm$MH+0x0000019381390400
# instanceKlass java/lang/invoke/LambdaForm$MH+0x0000019381390000
# instanceKlass java/lang/invoke/LambdaForm$MH+0x000001938138fc00
# instanceKlass java/lang/invoke/LambdaForm$MH+0x000001938138f800
# instanceKlass java/lang/invoke/LambdaForm$MH+0x000001938138f400
# instanceKlass java/lang/invoke/LambdaForm$MH+0x000001938138f000
# instanceKlass java/lang/invoke/LambdaForm$MH+0x000001938138ec00
# instanceKlass java/lang/invoke/LambdaForm$MH+0x000001938138e800
instanceKlass java/lang/invoke/LambdaFormEditor$1
# instanceKlass java/lang/invoke/LambdaForm$BMH+0x000001938138e400
# instanceKlass java/lang/invoke/LambdaForm$DMH+0x000001938138e000
# instanceKlass java/lang/invoke/LambdaForm$DMH+0x000001938138dc00
instanceKlass org/jetbrains/kotlin/resolve/calls/tower/KotlinToResolvedCallTransformer$Companion
# instanceKlass java/lang/invoke/LambdaForm$MH+0x000001938138d800
# instanceKlass java/lang/invoke/LambdaForm$MH+0x000001938138d400
# instanceKlass java/lang/invoke/LambdaForm$DMH+0x000001938138d000
# instanceKlass java/lang/invoke/LambdaForm$MH+0x000001938138cc00
# instanceKlass java/lang/invoke/LambdaForm$DMH+0x000001938138c800
# instanceKlass java/lang/invoke/LambdaForm$MH+0x000001938138c400
# instanceKlass java/lang/invoke/LambdaForm$MH+0x000001938138c000
# instanceKlass java/lang/invoke/LambdaForm$MH+0x000001938138bc00
# instanceKlass java/lang/invoke/LambdaForm$MH+0x000001938138b800
# instanceKlass java/lang/invoke/LambdaForm$MH+0x000001938138b400
# instanceKlass java/lang/invoke/LambdaForm$MH+0x000001938138b000
# instanceKlass java/lang/invoke/LambdaForm$MH+0x000001938138ac00
# instanceKlass java/lang/invoke/LambdaForm$MH+0x000001938138a800
# instanceKlass java/lang/invoke/LambdaForm$MH+0x000001938138a400
# instanceKlass java/lang/invoke/LambdaForm$MH+0x000001938138a000
# instanceKlass java/lang/invoke/LambdaForm$MH+0x0000019381389c00
# instanceKlass java/lang/invoke/LambdaForm$BMH+0x0000019381389800
# instanceKlass java/lang/invoke/LambdaForm$DMH+0x0000019381389400
# instanceKlass java/lang/invoke/LambdaForm$DMH+0x0000019381389000
instanceKlass org/jetbrains/kotlin/resolve/calls/results/OverloadingConflictResolver$SpecificityComparisonWithNumerics$1
instanceKlass org/jetbrains/kotlin/resolve/calls/results/SpecificityComparisonCallbacks
instanceKlass org/jetbrains/kotlin/resolve/calls/results/OverloadingConflictResolver$resolvedCallHashingStrategy$1
# instanceKlass java/lang/invoke/LambdaForm$MH+0x0000019381388c00
# instanceKlass java/lang/invoke/LambdaForm$MH+0x0000019381388800
# instanceKlass java/lang/invoke/LambdaForm$MH+0x0000019381388400
# instanceKlass java/lang/invoke/LambdaForm$MH+0x0000019381388000
# instanceKlass java/lang/invoke/LambdaForm$MH+0x0000019381387c00
# instanceKlass java/lang/invoke/LambdaForm$MH+0x0000019381387800
# instanceKlass java/lang/invoke/LambdaForm$MH+0x0000019381387400
# instanceKlass java/lang/invoke/LambdaForm$MH+0x0000019381387000
# instanceKlass java/lang/invoke/LambdaForm$MH+0x0000019381386c00
# instanceKlass java/lang/invoke/LambdaForm$DMH+0x0000019381386800
instanceKlass org/jetbrains/kotlin/resolve/calls/components/CallableReferenceOverloadConflictResolver$Companion
instanceKlass org/jetbrains/kotlin/resolve/calls/inference/components/TrivialConstraintTypeInferenceOracle$Companion
instanceKlass org/jetbrains/kotlin/types/AbstractTypeApproximator$Companion
# instanceKlass java/lang/invoke/LambdaForm$MH+0x0000019381386400
# instanceKlass java/lang/invoke/LambdaForm$MH+0x0000019381386000
# instanceKlass java/lang/invoke/LambdaForm$MH+0x0000019381385c00
# instanceKlass java/lang/invoke/LambdaForm$MH+0x0000019381385800
# instanceKlass java/lang/invoke/LambdaForm$MH+0x0000019381385400
# instanceKlass java/lang/invoke/LambdaForm$MH+0x0000019381385000
# instanceKlass java/lang/invoke/LambdaForm$MH+0x0000019381384c00
# instanceKlass java/lang/invoke/LambdaForm$MH+0x0000019381384800
# instanceKlass java/lang/invoke/LambdaForm$MH+0x0000019381384400
# instanceKlass java/lang/invoke/LambdaForm$MH+0x0000019381384000
# instanceKlass java/lang/invoke/LambdaForm$MH+0x0000019381383c00
# instanceKlass java/lang/invoke/LambdaForm$MH+0x0000019381383800
instanceKlass org/jetbrains/kotlin/types/expressions/DoubleColonExpressionResolver$Companion
# instanceKlass java/lang/invoke/LambdaForm$MH+0x0000019381383400
# instanceKlass java/lang/invoke/LambdaForm$MH+0x0000019381383000
# instanceKlass java/lang/invoke/LambdaForm$MH+0x0000019381382c00
# instanceKlass java/lang/invoke/LambdaForm$MH+0x0000019381382800
# instanceKlass java/lang/invoke/LambdaForm$MH+0x0000019381382400
# instanceKlass java/lang/invoke/LambdaForm$MH+0x0000019381382000
# instanceKlass java/lang/invoke/LambdaForm$MH+0x0000019381381c00
# instanceKlass java/lang/invoke/LambdaForm$MH+0x0000019381381800
# instanceKlass java/lang/invoke/LambdaForm$MH+0x0000019381381400
# instanceKlass java/lang/invoke/LambdaForm$MH+0x0000019381381000
# instanceKlass java/lang/invoke/LambdaForm$MH+0x0000019381380c00
# instanceKlass java/lang/invoke/LambdaForm$DMH+0x0000019381380800
instanceKlass org/jetbrains/kotlin/resolve/calls/smartcasts/SmartCastManager$Companion
# instanceKlass java/lang/invoke/LambdaForm$MH+0x0000019381380400
# instanceKlass java/lang/invoke/LambdaForm$MH+0x0000019381380000
# instanceKlass java/lang/invoke/LambdaForm$MH+0x000001938137bc00
# instanceKlass java/lang/invoke/LambdaForm$MH+0x000001938137b800
# instanceKlass java/lang/invoke/LambdaForm$MH+0x000001938137b400
# instanceKlass java/lang/invoke/LambdaForm$MH+0x000001938137b000
# instanceKlass java/lang/invoke/LambdaForm$MH+0x000001938137ac00
# instanceKlass java/lang/invoke/LambdaForm$MH+0x000001938137a800
# instanceKlass java/lang/invoke/LambdaForm$DMH+0x000001938137a400
# instanceKlass java/lang/invoke/LambdaForm$MH+0x000001938137a000
# instanceKlass java/lang/invoke/LambdaForm$MH+0x0000019381379c00
# instanceKlass java/lang/invoke/LambdaForm$MH+0x0000019381379800
# instanceKlass java/lang/invoke/LambdaForm$MH+0x0000019381379400
instanceKlass org/jetbrains/kotlin/resolve/StatementFilter$Companion
# instanceKlass java/lang/invoke/LambdaForm$MH+0x0000019381379000
# instanceKlass java/lang/invoke/LambdaForm$MH+0x0000019381378c00
instanceKlass org/jetbrains/kotlin/resolve/AnnotationChecker$Companion
# instanceKlass java/lang/invoke/LambdaForm$MH+0x0000019381378800
# instanceKlass java/lang/invoke/LambdaForm$MH+0x0000019381378400
# instanceKlass java/lang/invoke/LambdaForm$DMH+0x0000019381378000
# instanceKlass java/lang/invoke/LambdaForm$MH+0x0000019381377c00
# instanceKlass java/lang/invoke/LambdaForm$DMH+0x0000019381377800
# instanceKlass java/lang/invoke/LambdaForm$MH+0x0000019381377400
# instanceKlass java/lang/invoke/LambdaForm$MH+0x0000019381377000
# instanceKlass java/lang/invoke/LambdaForm$MH+0x0000019381376c00
# instanceKlass java/lang/invoke/LambdaForm$MH+0x0000019381376800
# instanceKlass java/lang/invoke/LambdaForm$MH+0x0000019381376400
# instanceKlass java/lang/invoke/LambdaForm$MH+0x0000019381376000
# instanceKlass java/lang/invoke/LambdaForm$MH+0x0000019381375c00
# instanceKlass java/lang/invoke/LambdaForm$MH+0x0000019381375800
# instanceKlass java/lang/invoke/LambdaForm$MH+0x0000019381375400
# instanceKlass java/lang/invoke/LambdaForm$DMH+0x0000019381375000
# instanceKlass java/lang/invoke/LambdaForm$DMH+0x0000019381374c00
instanceKlass org/jetbrains/kotlin/resolve/TypeResolver$Companion
instanceKlass org/jetbrains/kotlin/resolve/QualifiedExpressionResolver$Companion
# instanceKlass java/lang/invoke/LambdaForm$MH+0x0000019381374800
# instanceKlass java/lang/invoke/LambdaForm$MH+0x0000019381374400
# instanceKlass java/lang/invoke/LambdaForm$MH+0x0000019381374000
# instanceKlass java/lang/invoke/LambdaForm$MH+0x0000019381373c00
# instanceKlass java/lang/invoke/LambdaForm$MH+0x0000019381373800
instanceKlass org/jetbrains/kotlin/resolve/constants/evaluate/ConstantExpressionEvaluator$Companion$ExperimentalityDiagnostic1
instanceKlass org/jetbrains/kotlin/resolve/constants/evaluate/ConstantExpressionEvaluator$Companion
# instanceKlass java/lang/invoke/LambdaForm$MH+0x0000019381373400
# instanceKlass java/lang/invoke/LambdaForm$MH+0x0000019381373000
# instanceKlass java/lang/invoke/LambdaForm$MH+0x0000019381372c00
instanceKlass org/jetbrains/kotlin/util/CounterWithExclude$Companion
instanceKlass org/jetbrains/kotlin/util/ReenterableCounter$Companion
# instanceKlass java/lang/invoke/LambdaForm$MH+0x0000019381372800
# instanceKlass java/lang/invoke/LambdaForm$MH+0x0000019381372400
# instanceKlass java/lang/invoke/LambdaForm$MH+0x0000019381372000
instanceKlass org/jetbrains/kotlin/container/MethodBinding
instanceKlass org/jetbrains/kotlin/resolve/extensions/SyntheticResolveExtension$Companion$getInstance$1
instanceKlass  @bci org/jetbrains/kotlin/resolve/lazy/ResolveSession <init> (Lorg/jetbrains/kotlin/com/intellij/openapi/project/Project;Lorg/jetbrains/kotlin/context/GlobalContext;Lorg/jetbrains/kotlin/descriptors/ModuleDescriptor;Lorg/jetbrains/kotlin/resolve/lazy/declarations/DeclarationProviderFactory;Lorg/jetbrains/kotlin/resolve/BindingTrace;Lorg/jetbrains/kotlin/types/checker/NewKotlinTypeChecker;)V 166 <appendix> member <vmtarget> ; # org/jetbrains/kotlin/resolve/lazy/ResolveSession$$Lambda+0x000001938136cf20
instanceKlass  @bci org/jetbrains/kotlin/resolve/lazy/ResolveSession <init> (Lorg/jetbrains/kotlin/com/intellij/openapi/project/Project;Lorg/jetbrains/kotlin/context/GlobalContext;Lorg/jetbrains/kotlin/descriptors/ModuleDescriptor;Lorg/jetbrains/kotlin/resolve/lazy/declarations/DeclarationProviderFactory;Lorg/jetbrains/kotlin/resolve/BindingTrace;Lorg/jetbrains/kotlin/types/checker/NewKotlinTypeChecker;)V 147 <appendix> member <vmtarget> ; # org/jetbrains/kotlin/resolve/lazy/ResolveSession$$Lambda+0x0000019381367dc0
instanceKlass org/jetbrains/kotlin/resolve/lazy/descriptors/LazyAnnotations
instanceKlass org/jetbrains/kotlin/resolve/lazy/ResolveSession$1
instanceKlass org/jetbrains/kotlin/storage/LockBasedLazyResolveStorageManager$LockProtectedContext
instanceKlass org/jetbrains/kotlin/storage/LockBasedLazyResolveStorageManager$LockProtectedTrace
instanceKlass org/jetbrains/kotlin/storage/LockBasedLazyResolveStorageManager
# instanceKlass java/lang/invoke/LambdaForm$MH+0x0000019381371c00
# instanceKlass java/lang/invoke/LambdaForm$MH+0x0000019381371800
# instanceKlass java/lang/invoke/LambdaForm$MH+0x0000019381371400
# instanceKlass java/lang/invoke/LambdaForm$MH+0x0000019381371000
# instanceKlass java/lang/invoke/LambdaForm$MH+0x0000019381370c00
# instanceKlass java/lang/invoke/LambdaForm$MH+0x0000019381370800
# instanceKlass java/lang/invoke/LambdaForm$MH+0x0000019381370400
# instanceKlass java/lang/invoke/LambdaForm$DMH+0x0000019381370000
instanceKlass org/jetbrains/kotlin/resolve/checkers/OptInNames
instanceKlass org/jetbrains/kotlin/resolve/checkers/OptInUsageChecker$OptInFactoryBasedReporter
instanceKlass org/jetbrains/kotlin/resolve/checkers/OptInUsageChecker$OptInDiagnosticReporter
instanceKlass org/jetbrains/kotlin/resolve/checkers/OptInUsageChecker$Companion
# instanceKlass java/lang/invoke/LambdaForm$MH+0x000001938136bc00
# instanceKlass java/lang/invoke/LambdaForm$MH+0x000001938136b800
# instanceKlass java/lang/invoke/LambdaForm$MH+0x000001938136b400
# instanceKlass java/lang/invoke/LambdaForm$MH+0x000001938136b000
# instanceKlass java/lang/invoke/LambdaForm$MH+0x000001938136ac00
instanceKlass org/jetbrains/kotlin/resolve/checkers/ExpectedActualDeclarationChecker$Companion
# instanceKlass java/lang/invoke/LambdaForm$MH+0x000001938136a800
# instanceKlass java/lang/invoke/LambdaForm$MH+0x000001938136a400
instanceKlass org/jetbrains/kotlin/resolve/jvm/checkers/InlinePlatformCompatibilityChecker$Companion
instanceKlass org/jetbrains/kotlin/resolve/LanguageVersionSettingsProvider$Companion
instanceKlass org/jetbrains/kotlin/resolve/LanguageVersionSettingsProvider
instanceKlass org/jetbrains/kotlin/synthetic/SyntheticScopeProviderExtension
instanceKlass org/jetbrains/kotlin/resolve/scopes/SyntheticScope$Default
instanceKlass org/jetbrains/kotlin/resolve/scopes/SyntheticScope
# instanceKlass java/lang/invoke/LambdaForm$MH+0x000001938136a000
# instanceKlass java/lang/invoke/LambdaForm$MH+0x0000019381369c00
# instanceKlass java/lang/invoke/LambdaForm$DMH+0x0000019381369800
# instanceKlass java/lang/invoke/LambdaForm$DMH+0x0000019381369400
# instanceKlass java/lang/invoke/LambdaForm$DMH+0x0000019381369000
instanceKlass java/lang/invoke/MethodHandleImpl$ArrayAccessor
instanceKlass java/lang/invoke/MethodHandleImpl$LoopClauses
instanceKlass java/lang/invoke/MethodHandleImpl$CasesHolder
# instanceKlass java/lang/invoke/LambdaForm$MH+0x0000019381368c00
# instanceKlass java/lang/invoke/LambdaForm$DMH+0x0000019381368800
# instanceKlass java/lang/invoke/LambdaForm$MH+0x0000019381368400
# instanceKlass java/lang/invoke/LambdaForm$MH+0x0000019381368000
# instanceKlass java/lang/invoke/LambdaForm$MH+0x0000019381363c00
# instanceKlass java/lang/invoke/LambdaForm$MH+0x0000019381363800
# instanceKlass java/lang/invoke/LambdaForm$MH+0x0000019381363400
# instanceKlass java/lang/invoke/LambdaForm$MH+0x0000019381363000
# instanceKlass java/lang/invoke/LambdaForm$MH+0x0000019381362c00
# instanceKlass java/lang/invoke/LambdaForm$MH+0x0000019381362800
# instanceKlass java/lang/invoke/LambdaForm$DMH+0x0000019381362400
# instanceKlass java/lang/invoke/LambdaForm$MH+0x0000019381362000
# instanceKlass java/lang/invoke/LambdaForm$MH+0x0000019381361c00
# instanceKlass java/lang/invoke/LambdaForm$MH+0x0000019381361800
instanceKlass org/jetbrains/kotlin/resolve/deprecation/DeprecationResolver$Companion
instanceKlass org/jetbrains/kotlin/container/IterableDescriptor
instanceKlass  @bci jdk/internal/reflect/DirectConstructorHandleAccessor invokeImpl ([Ljava/lang/Object;)Ljava/lang/Object; 88 <adapter> ; # java/lang/invoke/LambdaForm$MH+0x0000019381361400
# instanceKlass java/lang/invoke/LambdaForm$MH+0x0000019381361000
# instanceKlass java/lang/invoke/LambdaForm$MH+0x0000019381360c00
# instanceKlass java/lang/invoke/LambdaForm$MH+0x0000019381360800
instanceKlass org/jetbrains/kotlin/builtins/ReflectionTypes$ClassLookup
instanceKlass org/jetbrains/kotlin/builtins/ReflectionTypes$Companion
instanceKlass org/jetbrains/kotlin/resolve/jvm/checkers/JavaNullabilityChecker$Companion
# instanceKlass java/lang/invoke/LambdaForm$MH+0x0000019381360400
# instanceKlass java/lang/invoke/LambdaForm$MH+0x0000019381360000
instanceKlass org/jetbrains/kotlin/container/ConstructorBinding
instanceKlass org/jetbrains/kotlin/container/ResolveKt
instanceKlass org/jetbrains/kotlin/container/SingletonDescriptor$WhenMappings
instanceKlass org/jetbrains/kotlin/load/kotlin/MemberSignature
instanceKlass org/jetbrains/kotlin/load/kotlin/AbstractBinaryClassAnnotationLoader$AnnotationsContainer
instanceKlass org/jetbrains/kotlin/serialization/deserialization/ProtoContainer
instanceKlass org/jetbrains/kotlin/load/java/typeEnhancement/JavaTypeEnhancement
instanceKlass org/jetbrains/kotlin/load/java/typeEnhancement/NullabilityQualifierWithMigrationStatus
instanceKlass org/jetbrains/kotlin/load/java/JavaTypeQualifiersByElementType
instanceKlass org/jetbrains/kotlin/serialization/deserialization/ClassData
instanceKlass org/jetbrains/kotlin/load/kotlin/KotlinJvmBinaryClass
instanceKlass org/jetbrains/kotlin/load/java/typeEnhancement/SignatureEnhancement
instanceKlass org/jetbrains/kotlin/load/kotlin/DeserializedDescriptorResolver
instanceKlass org/jetbrains/kotlin/load/java/lazy/JavaResolverComponents
instanceKlass org/jetbrains/kotlin/resolve/inline/ReasonableInlineRule
instanceKlass org/jetbrains/kotlin/resolve/AnalyzerExtensions
instanceKlass org/jetbrains/kotlin/resolve/ControlFlowAnalyzer
instanceKlass org/jetbrains/kotlin/resolve/scopes/optimization/OptimizingOptions$Default
instanceKlass org/jetbrains/kotlin/resolve/scopes/optimization/OptimizingOptions
instanceKlass org/jetbrains/kotlin/resolve/lazy/FileScopeFactory$DummyContainerDescriptor
instanceKlass org/jetbrains/kotlin/resolve/lazy/FileScopeFactory$DefaultImportResolvers
instanceKlass org/jetbrains/kotlin/resolve/lazy/ImportResolutionComponents
instanceKlass org/jetbrains/kotlin/resolve/lazy/FileScopeFactory
instanceKlass org/jetbrains/kotlin/resolve/lazy/FileScopeProviderImpl
instanceKlass org/jetbrains/kotlin/resolve/lazy/FileScopes
instanceKlass org/jetbrains/kotlin/resolve/lazy/ImportForceResolver
instanceKlass org/jetbrains/kotlin/com/intellij/psi/PsiErrorElement
instanceKlass org/jetbrains/kotlin/com/intellij/psi/PsiPlainTextFile
instanceKlass org/jetbrains/kotlin/com/intellij/psi/templateLanguages/OuterLanguageElement
instanceKlass org/jetbrains/kotlin/resolve/calls/context/CallPosition
instanceKlass org/jetbrains/kotlin/builtins/PlatformSpecificCastChecker$Default
instanceKlass org/jetbrains/kotlin/resolve/checkers/PlatformDiagnosticSuppressor$Default
instanceKlass org/jetbrains/kotlin/resolve/DeclarationsChecker
instanceKlass org/jetbrains/kotlin/resolve/calls/context/TemporaryTraceAndCache
instanceKlass org/jetbrains/kotlin/resolve/calls/inference/components/TypeVariableDependencyInformationProvider
instanceKlass org/jetbrains/kotlin/resolve/calls/inference/components/VariableFixationFinder$VariableForFixation
instanceKlass org/jetbrains/kotlin/resolve/calls/inference/model/VariableWithConstraints
instanceKlass org/jetbrains/kotlin/resolve/calls/inference/components/ConstraintSystemCompletionContext
instanceKlass org/jetbrains/kotlin/resolve/calls/inference/components/VariableFixationFinder$Context
instanceKlass org/jetbrains/kotlin/resolve/calls/inference/components/ResultTypeResolver$Context
instanceKlass org/jetbrains/kotlin/resolve/calls/inference/components/PostponedArgumentInputTypesResolver
instanceKlass org/jetbrains/kotlin/resolve/calls/inference/components/VariableFixationFinder
instanceKlass org/jetbrains/kotlin/resolve/calls/components/ReturnArgumentsAnalysisResult
instanceKlass org/jetbrains/kotlin/resolve/calls/components/PostponedArgumentsAnalyzer$SubstitutorAndStubsForLambdaAnalysis
instanceKlass org/jetbrains/kotlin/resolve/calls/components/PostponedArgumentsAnalyzerContext
instanceKlass org/jetbrains/kotlin/resolve/calls/tower/CandidateFactory
instanceKlass org/jetbrains/kotlin/resolve/calls/model/KotlinDiagnosticsHolder$SimpleHolder
instanceKlass org/jetbrains/kotlin/resolve/calls/inference/model/ConstraintStorage
instanceKlass org/jetbrains/kotlin/resolve/calls/components/KotlinCallCompleter
instanceKlass org/jetbrains/kotlin/resolve/calls/tower/NewAbstractResolvedCall
instanceKlass org/jetbrains/kotlin/resolve/calls/components/AdditionalDiagnosticReporter
instanceKlass org/jetbrains/kotlin/resolve/calls/tower/KotlinResolutionCallbacksImpl
instanceKlass org/jetbrains/kotlin/resolve/calls/tower/PSIKotlinCallArgument
instanceKlass org/jetbrains/kotlin/resolve/calls/inference/components/ResultTypeResolver
instanceKlass org/jetbrains/kotlin/resolve/calls/inference/components/KotlinConstraintSystemCompleter
instanceKlass org/jetbrains/kotlin/resolve/calls/components/PostponedArgumentsAnalyzer
instanceKlass org/jetbrains/kotlin/resolve/calls/KotlinCallResolver
instanceKlass org/jetbrains/kotlin/resolve/calls/tower/KotlinToResolvedCallTransformer
instanceKlass org/jetbrains/kotlin/resolve/calls/inference/components/NewTypeSubstitutor
instanceKlass org/jetbrains/kotlin/resolve/scopes/receivers/ReceiverValueWithSmartCastInfo
instanceKlass org/jetbrains/kotlin/resolve/calls/tower/ImplicitsExtensionsResolutionFilter$Default
instanceKlass org/jetbrains/kotlin/resolve/calls/tower/TowerData
instanceKlass org/jetbrains/kotlin/resolve/calls/tower/TowerResolver$ResultCollector
instanceKlass org/jetbrains/kotlin/resolve/calls/tower/ScopeTowerProcessor
instanceKlass org/jetbrains/kotlin/resolve/calls/tower/ImplicitsExtensionsResolutionFilter
instanceKlass org/jetbrains/kotlin/resolve/calls/results/ResolutionResultsHandler
instanceKlass org/jetbrains/kotlin/resolve/calls/tower/TowerResolver
instanceKlass org/jetbrains/kotlin/resolve/calls/model/ResolvedAtom
instanceKlass org/jetbrains/kotlin/resolve/calls/model/ResolvedCallableReferenceAtom
instanceKlass org/jetbrains/kotlin/resolve/calls/inference/ConstraintSystemBuilder
instanceKlass org/jetbrains/kotlin/resolve/calls/inference/ConstraintSystemOperation
instanceKlass org/jetbrains/kotlin/resolve/calls/results/OverloadingConflictResolver
instanceKlass org/jetbrains/kotlin/types/TypeApproximatorConfiguration
instanceKlass org/jetbrains/kotlin/resolve/calls/inference/model/Constraint
instanceKlass org/jetbrains/kotlin/resolve/calls/inference/components/ConstraintIncorporator$Context
instanceKlass org/jetbrains/kotlin/resolve/calls/inference/components/TrivialConstraintTypeInferenceOracle
instanceKlass org/jetbrains/kotlin/resolve/calls/inference/components/ConstraintInjector$Context
instanceKlass org/jetbrains/kotlin/resolve/calls/inference/components/ConstraintIncorporator
instanceKlass org/jetbrains/kotlin/resolve/calls/components/TypeArgumentsToParametersMapper$TypeArgumentsMapping
instanceKlass org/jetbrains/kotlin/resolve/calls/components/ArgumentsToParametersMapper$ArgumentMapping
instanceKlass org/jetbrains/kotlin/resolve/calls/components/CallableReferenceArgumentResolver
instanceKlass org/jetbrains/kotlin/resolve/calls/components/TypeArgumentsToParametersMapper
instanceKlass org/jetbrains/kotlin/resolve/calls/components/ArgumentsToParametersMapper
instanceKlass org/jetbrains/kotlin/resolve/calls/CandidateResolver$ValueArgumentsCheckingResult
instanceKlass org/jetbrains/kotlin/resolve/calls/model/MutableResolvedCall
instanceKlass org/jetbrains/kotlin/resolve/calls/CandidateResolver
instanceKlass org/jetbrains/kotlin/resolve/calls/inference/ConstraintSystem$Builder
instanceKlass org/jetbrains/kotlin/resolve/calls/results/OverloadResolutionResultsImpl
instanceKlass org/jetbrains/kotlin/types/expressions/ClassLiteralChecker
instanceKlass org/jetbrains/kotlin/resolve/calls/smartcasts/SmartCastResult
instanceKlass org/jetbrains/kotlin/com/intellij/openapi/util/Ref
instanceKlass org/jetbrains/kotlin/resolve/calls/smartcasts/SmartCastManager
instanceKlass org/jetbrains/kotlin/types/expressions/DoubleColonExpressionResolver$ResolutionResultsAndTraceCommitCallback
instanceKlass org/jetbrains/kotlin/types/expressions/DoubleColonLHS
instanceKlass org/jetbrains/kotlin/resolve/constants/CompileTimeConstant
instanceKlass org/jetbrains/kotlin/types/FunctionPlaceholders
instanceKlass org/jetbrains/kotlin/resolve/calls/inference/BuilderInferenceSupport
instanceKlass org/jetbrains/kotlin/resolve/calls/tower/PSICallResolver
instanceKlass org/jetbrains/kotlin/resolve/calls/CallCompleter
instanceKlass org/jetbrains/kotlin/resolve/calls/tower/NewResolutionOldInference
instanceKlass org/jetbrains/kotlin/resolve/calls/ArgumentTypeResolver
instanceKlass org/jetbrains/kotlin/resolve/calls/model/MutableDataFlowInfoForArguments
instanceKlass org/jetbrains/kotlin/resolve/calls/model/DataFlowInfoForArguments
instanceKlass org/jetbrains/kotlin/resolve/calls/tasks/OldResolutionCandidate
instanceKlass org/jetbrains/kotlin/resolve/calls/GenericCandidateResolver
instanceKlass org/jetbrains/kotlin/resolve/scopes/receivers/ExpressionReceiver
instanceKlass org/jetbrains/kotlin/resolve/DelegatingBindingTrace
instanceKlass org/jetbrains/kotlin/resolve/calls/tasks/TracingStrategy
instanceKlass org/jetbrains/kotlin/resolve/calls/tower/NewResolutionOldInference$ResolutionKind
instanceKlass org/jetbrains/kotlin/types/expressions/FakeCallResolver$RealExpression
instanceKlass org/jetbrains/kotlin/resolve/ModifiersChecker$ModifiersCheckingProcedure
instanceKlass org/jetbrains/kotlin/resolve/calls/smartcasts/ConditionalDataFlowInfo
instanceKlass org/jetbrains/kotlin/resolve/calls/checkers/RttiExpressionChecker
instanceKlass org/jetbrains/kotlin/resolve/calls/model/KotlinCallComponents
instanceKlass org/jetbrains/kotlin/types/expressions/ControlStructureTypingUtils
instanceKlass org/jetbrains/kotlin/types/expressions/ForLoopConventionsChecker
instanceKlass org/jetbrains/kotlin/builtins/PlatformSpecificCastChecker
instanceKlass org/jetbrains/kotlin/resolve/MissingSupertypesResolver
instanceKlass org/jetbrains/kotlin/resolve/CollectionLiteralResolver
instanceKlass org/jetbrains/kotlin/types/expressions/DoubleColonExpressionResolver
instanceKlass org/jetbrains/kotlin/resolve/DeclarationsCheckerBuilder
instanceKlass org/jetbrains/kotlin/types/expressions/DataFlowAnalyzer
instanceKlass org/jetbrains/kotlin/resolve/LocalVariableResolver
instanceKlass org/jetbrains/kotlin/types/expressions/ValueParameterResolver
instanceKlass org/jetbrains/kotlin/resolve/calls/CallExpressionResolver
instanceKlass org/jetbrains/kotlin/types/expressions/FakeCallResolver
instanceKlass org/jetbrains/kotlin/types/expressions/LocalClassifierAnalyzer
instanceKlass org/jetbrains/kotlin/contracts/EffectSystem
instanceKlass org/jetbrains/kotlin/resolve/calls/tower/KotlinResolutionCallbacksImpl$LambdaInfo
instanceKlass org/jetbrains/kotlin/types/expressions/KotlinTypeInfo
instanceKlass org/jetbrains/kotlin/resolve/StatementFilter
instanceKlass org/jetbrains/kotlin/resolve/AnnotationChecker
instanceKlass org/jetbrains/kotlin/types/expressions/ExpressionTypingComponents
instanceKlass org/jetbrains/kotlin/types/expressions/ExpressionTypingInternals
instanceKlass org/jetbrains/kotlin/types/expressions/ExpressionTypingFacade
instanceKlass org/jetbrains/kotlin/resolve/DelegatedPropertyResolver
instanceKlass org/jetbrains/kotlin/resolve/scopes/LexicalScopeStorage
instanceKlass org/jetbrains/kotlin/resolve/DeclarationSignatureAnonymousTypeTransformer
instanceKlass org/jetbrains/kotlin/types/AbstractTypeApproximator
instanceKlass org/jetbrains/kotlin/types/expressions/DestructuringDeclarationResolver
instanceKlass org/jetbrains/kotlin/resolve/VariableTypeAndInitializerResolver
instanceKlass org/jetbrains/kotlin/resolve/scopes/LocalRedeclarationChecker
instanceKlass org/jetbrains/kotlin/types/SubtypingRepresentatives
instanceKlass org/jetbrains/kotlin/resolve/scopes/ImportingScope
instanceKlass org/jetbrains/kotlin/resolve/scopes/receivers/Qualifier
instanceKlass org/jetbrains/kotlin/resolve/scopes/receivers/QualifierReceiver
instanceKlass org/jetbrains/kotlin/resolve/scopes/receivers/DetailedReceiver
instanceKlass org/jetbrains/kotlin/resolve/QualifiedExpressionResolver$QualifiedExpressionResolveResult
instanceKlass org/jetbrains/kotlin/incremental/KotlinLookupLocation
instanceKlass org/jetbrains/kotlin/resolve/QualifiedExpressionResolver$QualifierPart
instanceKlass org/jetbrains/kotlin/resolve/PossiblyBareType
instanceKlass org/jetbrains/kotlin/resolve/TypeResolutionContext
instanceKlass org/jetbrains/kotlin/resolve/QualifiedExpressionResolver$TypeQualifierResolutionResult
instanceKlass org/jetbrains/kotlin/descriptors/TypeAliasDescriptor
instanceKlass org/jetbrains/kotlin/mpp/TypeAliasSymbolMarker
instanceKlass org/jetbrains/kotlin/resolve/calls/tasks/DynamicCallableDescriptors
instanceKlass org/jetbrains/kotlin/types/expressions/ExpressionTypingServices
instanceKlass org/jetbrains/kotlin/contracts/parsing/ContractParsingServices
instanceKlass org/jetbrains/kotlin/resolve/OverloadChecker
instanceKlass org/jetbrains/kotlin/resolve/ModifiersChecker
instanceKlass org/jetbrains/kotlin/resolve/ModuleStructureOracle$SingleModule
instanceKlass org/jetbrains/kotlin/resolve/sam/SamWithReceiverResolver
instanceKlass org/jetbrains/kotlin/resolve/deprecation/DeprecationResolver$DeprecationInfo
instanceKlass org/jetbrains/kotlin/psi/Call
instanceKlass org/jetbrains/kotlin/cfg/ControlFlowInformationProvider
instanceKlass org/jetbrains/kotlin/idea/MainFunctionDetector
instanceKlass org/jetbrains/kotlin/load/java/AbstractAnnotationTypeQualifierResolver
instanceKlass org/jetbrains/kotlin/resolve/jvm/modules/JavaModuleResolver$AccessError
instanceKlass org/jetbrains/kotlin/resolve/jvm/modules/JavaModule$Explicit
instanceKlass org/jetbrains/kotlin/resolve/jvm/modules/JavaModule
instanceKlass org/jetbrains/kotlin/load/java/descriptors/JavaClassDescriptor
instanceKlass org/jetbrains/kotlin/mpp/MppJavaImplicitActualizatorMarker
instanceKlass org/jetbrains/kotlin/builtins/jvm/JvmBuiltIns$Settings
instanceKlass org/jetbrains/kotlin/load/java/sources/JavaSourceElement
instanceKlass org/jetbrains/kotlin/descriptors/SimpleFunctionDescriptor
instanceKlass org/jetbrains/kotlin/mpp/SimpleFunctionSymbolMarker
instanceKlass org/jetbrains/kotlin/load/java/structure/JavaPackage
instanceKlass org/jetbrains/kotlin/load/java/JavaClassFinder$Request
instanceKlass org/jetbrains/kotlin/load/java/lazy/LazyJavaResolverContext
instanceKlass org/jetbrains/kotlin/load/java/components/SignaturePropagator$PropagatedSignature
instanceKlass org/jetbrains/kotlin/load/java/structure/JavaMethod
instanceKlass org/jetbrains/kotlin/load/java/structure/JavaField
instanceKlass org/jetbrains/kotlin/load/java/structure/JavaMember
instanceKlass org/jetbrains/kotlin/load/kotlin/AbstractBinaryClassAnnotationLoader
instanceKlass org/jetbrains/kotlin/load/kotlin/JavaClassDataFinder
instanceKlass org/jetbrains/kotlin/load/java/lazy/LazyJavaPackageFragmentProvider
instanceKlass org/jetbrains/kotlin/load/kotlin/KotlinClassFinder$Result
instanceKlass org/jetbrains/kotlin/resolve/lazy/data/KtClassLikeInfo
instanceKlass org/jetbrains/kotlin/com/intellij/openapi/module/Module
instanceKlass org/jetbrains/kotlin/resolve/calls/model/ResolvedValueArgument
instanceKlass org/jetbrains/kotlin/resolve/calls/results/OverloadResolutionResults
instanceKlass org/jetbrains/kotlin/resolve/scopes/LexicalScope
instanceKlass org/jetbrains/kotlin/resolve/scopes/HierarchicalScope
instanceKlass org/jetbrains/kotlin/resolve/constants/evaluate/ConstantExpressionEvaluator
instanceKlass org/jetbrains/kotlin/resolve/calls/CallResolver
instanceKlass org/jetbrains/kotlin/resolve/TopDownAnalysisContext
instanceKlass org/jetbrains/kotlin/resolve/BodiesResolveContext
instanceKlass org/jetbrains/kotlin/resolve/calls/smartcasts/DataFlowInfo
instanceKlass org/jetbrains/kotlin/resolve/FilePreprocessor
instanceKlass org/jetbrains/kotlin/resolve/QualifiedExpressionResolver
instanceKlass org/jetbrains/kotlin/resolve/BodyResolver
instanceKlass org/jetbrains/kotlin/resolve/VarianceChecker
instanceKlass org/jetbrains/kotlin/resolve/OverloadResolver
instanceKlass org/jetbrains/kotlin/resolve/OverrideResolver
instanceKlass org/jetbrains/kotlin/resolve/DeclarationResolver
instanceKlass org/jetbrains/kotlin/container/SetterInfo
instanceKlass org/jetbrains/kotlin/javax/inject/Inject
instanceKlass org/jetbrains/kotlin/resolve/TypeResolver
instanceKlass org/jetbrains/kotlin/descriptors/ClassDescriptorWithResolutionScopes
instanceKlass org/jetbrains/kotlin/resolve/lazy/LazyDeclarationResolver
instanceKlass org/jetbrains/kotlin/resolve/calls/components/InferenceSession
instanceKlass org/jetbrains/kotlin/resolve/lazy/FileScopeProvider
instanceKlass org/jetbrains/kotlin/resolve/DescriptorResolver
instanceKlass org/jetbrains/kotlin/resolve/lazy/DeclarationScopeProviderImpl
instanceKlass org/jetbrains/kotlin/resolve/FunctionDescriptorResolver
instanceKlass org/jetbrains/kotlin/resolve/lazy/LazyEntity
instanceKlass org/jetbrains/kotlin/resolve/lazy/descriptors/LazyAnnotationsContext
instanceKlass org/jetbrains/kotlin/resolve/lazy/DeclarationScopeProvider
instanceKlass org/jetbrains/kotlin/storage/LazyResolveStorageManager
instanceKlass org/jetbrains/kotlin/incremental/components/Position
instanceKlass org/jetbrains/kotlin/resolve/calls/inference/model/OnlyInputTypeConstraintPosition
instanceKlass org/jetbrains/kotlin/resolve/calls/inference/model/ConstraintPosition
instanceKlass org/jetbrains/kotlin/resolve/calls/model/PostponedAtomWithRevisableExpectedType
instanceKlass org/jetbrains/kotlin/resolve/calls/model/PostponedResolvedAtomMarker
instanceKlass org/jetbrains/kotlin/types/model/ObsoleteTypeKind
instanceKlass org/jetbrains/kotlin/resolve/checkers/EmptyIntersectionTypeInfo
instanceKlass org/jetbrains/kotlin/types/model/DynamicTypeMarker
instanceKlass org/jetbrains/kotlin/types/TypeCheckerState$SupertypesPolicy
instanceKlass org/jetbrains/kotlin/builtins/functions/FunctionTypeKind
instanceKlass org/jetbrains/kotlin/types/model/TypeVariableMarker
instanceKlass org/jetbrains/kotlin/types/model/TypeVariableTypeConstructorMarker
instanceKlass org/jetbrains/kotlin/types/model/StubTypeMarker
instanceKlass org/jetbrains/kotlin/types/model/CapturedTypeConstructorMarker
instanceKlass org/jetbrains/kotlin/types/model/CapturedTypeMarker
instanceKlass org/jetbrains/kotlin/types/model/FlexibleTypeMarker
instanceKlass org/jetbrains/kotlin/types/model/DefinitelyNotNullTypeMarker
instanceKlass org/jetbrains/kotlin/resolve/checkers/OptInUsageChecker$OptInReporterMultiplexer
instanceKlass org/jetbrains/kotlin/resolve/calls/model/SimpleKotlinCallArgument
instanceKlass org/jetbrains/kotlin/resolve/calls/model/ReceiverKotlinCallArgument
instanceKlass org/jetbrains/kotlin/resolve/calls/results/SimpleConstraintSystem
instanceKlass org/jetbrains/kotlin/resolve/calls/inference/components/ConstraintInjector
instanceKlass org/jetbrains/kotlin/resolve/calls/components/candidate/ResolutionCandidate
instanceKlass org/jetbrains/kotlin/resolve/calls/tower/Candidate
instanceKlass org/jetbrains/kotlin/resolve/calls/model/KotlinDiagnosticsHolder
instanceKlass org/jetbrains/kotlin/resolve/calls/tower/ImplicitScopeTower
instanceKlass org/jetbrains/kotlin/resolve/calls/model/CallableReferenceKotlinCallArgument
instanceKlass org/jetbrains/kotlin/resolve/calls/model/PostponableKotlinCallArgument
instanceKlass org/jetbrains/kotlin/resolve/calls/model/CallableReferenceResolutionAtom
instanceKlass org/jetbrains/kotlin/resolve/calls/model/KotlinCall
instanceKlass org/jetbrains/kotlin/resolve/calls/model/ResolutionAtom
instanceKlass org/jetbrains/kotlin/resolve/calls/components/KotlinResolutionCallbacks
instanceKlass org/jetbrains/kotlin/resolve/calls/model/KotlinCallArgument
instanceKlass org/jetbrains/kotlin/types/TypeCheckerState
instanceKlass org/jetbrains/kotlin/resolve/ModuleStructureOracle
instanceKlass org/jetbrains/kotlin/descriptors/ValueParameterDescriptor
instanceKlass org/jetbrains/kotlin/mpp/ValueParameterSymbolMarker
instanceKlass org/jetbrains/kotlin/resolve/deprecation/DeprecationResolver
instanceKlass org/jetbrains/kotlin/builtins/ReflectionTypes
instanceKlass org/jetbrains/kotlin/resolve/calls/smartcasts/DataFlowValue
instanceKlass org/jetbrains/kotlin/resolve/UpperBoundViolatedReporter
instanceKlass org/jetbrains/kotlin/types/TypeSubstitutor
instanceKlass org/jetbrains/kotlin/types/model/TypeSubstitutorMarker
instanceKlass org/jetbrains/kotlin/descriptors/TypeParameterDescriptor
instanceKlass org/jetbrains/kotlin/types/model/TypeParameterMarker
instanceKlass org/jetbrains/kotlin/mpp/TypeParameterSymbolMarker
instanceKlass java/lang/reflect/WildcardType
instanceKlass sun/reflect/generics/tree/MethodTypeSignature
instanceKlass sun/reflect/generics/tree/VoidDescriptor
instanceKlass sun/reflect/generics/tree/Wildcard
instanceKlass sun/reflect/generics/tree/BottomSignature
instanceKlass jdk/internal/foreign/MemorySessionImpl
instanceKlass java/lang/foreign/MemorySegment$Scope
instanceKlass org/jetbrains/kotlin/diagnostics/DiagnosticSink$DiagnosticsCallback
instanceKlass org/jetbrains/kotlin/com/intellij/util/xmlb/annotations/Transient
instanceKlass java/lang/Deprecated
instanceKlass org/jetbrains/kotlin/com/intellij/util/messages/ListenerDescriptor
instanceKlass kotlin/ReplaceWith
instanceKlass kotlin/Deprecated
instanceKlass org/jetbrains/kotlin/cfg/ControlFlowInformationProviderImpl$Factory
instanceKlass org/jetbrains/kotlin/cfg/ControlFlowInformationProvider$Factory
instanceKlass org/jetbrains/kotlin/idea/MainFunctionDetector$Factory$Ordinary
instanceKlass org/jetbrains/kotlin/idea/MainFunctionDetector$Factory
instanceKlass org/jetbrains/kotlin/resolve/lazy/BasicAbsentDescriptorHandler
instanceKlass org/jetbrains/kotlin/resolve/lazy/CompilerLocalDescriptorResolver
instanceKlass org/jetbrains/kotlin/resolve/lazy/LocalDescriptorResolver
instanceKlass org/jetbrains/kotlin/resolve/BodyResolveCache$ThrowException
instanceKlass org/jetbrains/kotlin/resolve/BodyResolveCache
instanceKlass org/jetbrains/kotlin/resolve/jvm/JvmDiagnosticComponents
instanceKlass org/jetbrains/kotlin/platform/PlatformSpecificDiagnosticComponents
instanceKlass org/jetbrains/kotlin/load/java/components/FilesByFacadeFqNameIndexer
instanceKlass org/jetbrains/kotlin/resolve/FilePreprocessorExtension
instanceKlass org/jetbrains/kotlin/resolve/jvm/modules/JavaModuleResolver$SERVICE
instanceKlass org/jetbrains/kotlin/load/java/lazy/JavaResolverSettings$Companion$create$1
instanceKlass org/jetbrains/kotlin/load/java/lazy/JavaResolverSettings$Companion
instanceKlass org/jetbrains/kotlin/load/java/lazy/JavaResolverSettings
instanceKlass org/jetbrains/kotlin/load/java/JavaClassesTracker$Default
instanceKlass org/jetbrains/kotlin/load/java/JavaClassesTracker
instanceKlass org/jetbrains/kotlin/resolve/jvm/multiplatform/OptionalAnnotationPackageFragmentProvider
instanceKlass org/jetbrains/kotlin/serialization/deserialization/AbstractDeserializedPackageFragmentProvider
instanceKlass org/jetbrains/kotlin/load/java/components/JavaSourceElementFactoryImpl
instanceKlass org/jetbrains/kotlin/load/java/sources/JavaSourceElementFactory
instanceKlass org/jetbrains/kotlin/load/java/components/AbstractJavaResolverCache
instanceKlass org/jetbrains/kotlin/load/java/components/JavaResolverCache
instanceKlass org/jetbrains/kotlin/load/java/AbstractJavaClassFinder
instanceKlass org/jetbrains/kotlin/load/java/JavaClassFinder
instanceKlass org/jetbrains/kotlin/resolve/jvm/CompositeSyntheticJavaPartsProvider
instanceKlass org/jetbrains/kotlin/resolve/jvm/SyntheticJavaPartsProvider$Companion
instanceKlass org/jetbrains/kotlin/resolve/jvm/SyntheticJavaPartsProvider
instanceKlass org/jetbrains/kotlin/load/java/components/JavaDeprecationSettings
instanceKlass org/jetbrains/kotlin/resolve/deprecation/DeprecationSettings
instanceKlass org/jetbrains/kotlin/resolve/TypeResolver$TypeTransformerForTests
instanceKlass org/jetbrains/kotlin/load/java/components/TraceBasedErrorReporter
instanceKlass org/jetbrains/kotlin/load/java/components/SignaturePropagatorImpl
instanceKlass org/jetbrains/kotlin/load/java/components/SignaturePropagator
instanceKlass org/jetbrains/kotlin/load/java/components/JavaPropertyInitializerEvaluatorImpl
instanceKlass org/jetbrains/kotlin/load/java/components/JavaPropertyInitializerEvaluator
instanceKlass org/jetbrains/kotlin/load/kotlin/DeserializationComponentsForJava
instanceKlass org/jetbrains/kotlin/resolve/jvm/JavaDescriptorResolver
instanceKlass org/jetbrains/kotlin/load/kotlin/VirtualFileFinder$SERVICE
instanceKlass org/jetbrains/kotlin/load/kotlin/VirtualFileFinder
instanceKlass org/jetbrains/kotlin/load/kotlin/KotlinClassFinder
instanceKlass org/jetbrains/kotlin/serialization/deserialization/KotlinMetadataFinder
instanceKlass org/jetbrains/kotlin/load/kotlin/VirtualFileFinderFactory$SERVICE
instanceKlass org/jetbrains/kotlin/resolve/AnnotationResolver
instanceKlass org/jetbrains/kotlin/resolve/LazyTopDownAnalyzer
instanceKlass org/jetbrains/kotlin/resolve/lazy/ResolveSession
instanceKlass org/jetbrains/kotlin/resolve/lazy/LazyClassContext
instanceKlass org/jetbrains/kotlin/resolve/lazy/KotlinCodeAnalyzer
instanceKlass org/jetbrains/kotlin/resolve/lazy/TopLevelDescriptorProvider
instanceKlass org/jetbrains/kotlin/util/ProgressManagerBasedCancellationChecker
instanceKlass org/jetbrains/kotlin/util/CancellationChecker
instanceKlass org/jetbrains/kotlin/resolve/calls/inference/components/ClassicConstraintSystemUtilContext
instanceKlass org/jetbrains/kotlin/resolve/calls/inference/components/ConstraintSystemUtilContext
instanceKlass org/jetbrains/kotlin/resolve/calls/components/ClassicTypeSystemContextForCS
instanceKlass org/jetbrains/kotlin/types/model/TypeSystemInferenceExtensionContextDelegate
instanceKlass org/jetbrains/kotlin/types/checker/ClassicTypeSystemContext
instanceKlass org/jetbrains/kotlin/types/model/TypeSystemInferenceExtensionContext
instanceKlass org/jetbrains/kotlin/types/model/TypeSystemCommonSuperTypesContext
instanceKlass org/jetbrains/kotlin/types/model/TypeSystemTypeFactoryContext
instanceKlass org/jetbrains/kotlin/types/model/TypeCheckerProviderContext
instanceKlass org/jetbrains/kotlin/types/model/TypeSystemBuiltInsContext
instanceKlass org/jetbrains/kotlin/types/TypeSystemCommonBackendContext
instanceKlass org/jetbrains/kotlin/types/model/TypeSystemContext
instanceKlass org/jetbrains/kotlin/types/model/TypeSystemOptimizationContext
instanceKlass org/jetbrains/kotlin/resolve/calls/components/BuiltInsProvider
instanceKlass org/jetbrains/kotlin/contracts/ContractDeserializerImpl
instanceKlass org/jetbrains/kotlin/resolve/checkers/OptInUsageChecker$ClassifierUsage
instanceKlass org/jetbrains/kotlin/resolve/checkers/OptInUsageChecker$Overrides
instanceKlass org/jetbrains/kotlin/resolve/checkers/OptInUsageChecker
instanceKlass org/jetbrains/kotlin/resolve/calls/smartcasts/DataFlowValueFactoryImpl
instanceKlass org/jetbrains/kotlin/resolve/calls/smartcasts/DataFlowValueFactory
instanceKlass org/jetbrains/kotlin/resolve/calls/tower/KotlinResolutionStatelessCallbacksImpl
instanceKlass org/jetbrains/kotlin/resolve/calls/components/KotlinResolutionStatelessCallbacks
instanceKlass org/jetbrains/kotlin/resolve/SupertypeLoopCheckerImpl
instanceKlass org/jetbrains/kotlin/resolve/jvm/checkers/RepeatableAnnotationChecker
instanceKlass org/jetbrains/kotlin/resolve/checkers/ExpectedActualDeclarationChecker
instanceKlass org/jetbrains/kotlin/resolve/checkers/OptInMarkerDeclarationAnnotationChecker
instanceKlass org/jetbrains/kotlin/resolve/jvm/checkers/JvmSerializableLambdaAnnotationChecker
instanceKlass org/jetbrains/kotlin/resolve/jvm/multiplatform/JavaActualAnnotationArgumentExtractor
instanceKlass org/jetbrains/kotlin/resolve/checkers/ExpectedActualDeclarationChecker$ActualAnnotationArgumentExtractor
instanceKlass org/jetbrains/kotlin/types/expressions/GenericArrayClassLiteralSupport$Enabled
instanceKlass org/jetbrains/kotlin/types/expressions/GenericArrayClassLiteralSupport
instanceKlass org/jetbrains/kotlin/types/expressions/FunctionWithBigAritySupport$LanguageVersionDependent
instanceKlass org/jetbrains/kotlin/types/expressions/FunctionWithBigAritySupport
instanceKlass org/jetbrains/kotlin/resolve/jvm/JvmPlatformAnnotationFeaturesSupport
instanceKlass org/jetbrains/kotlin/resolve/PlatformAnnotationFeaturesSupport
instanceKlass org/jetbrains/kotlin/resolve/jvm/checkers/JvmRecordApplicabilityChecker
instanceKlass org/jetbrains/kotlin/resolve/jvm/JvmAdditionalClassPartsProvider
instanceKlass org/jetbrains/kotlin/resolve/AdditionalClassPartsProvider
instanceKlass org/jetbrains/kotlin/load/java/sam/JvmSamConversionOracle
instanceKlass org/jetbrains/kotlin/resolve/sam/SamConversionOracle
instanceKlass org/jetbrains/kotlin/resolve/jvm/JvmPlatformOverloadsSpecificityComparator
instanceKlass org/jetbrains/kotlin/resolve/calls/results/PlatformOverloadsSpecificityComparator
instanceKlass org/jetbrains/kotlin/resolve/jvm/JvmTypeSpecificityComparator
instanceKlass org/jetbrains/kotlin/resolve/jvm/checkers/JvmModuleAccessibilityChecker$ClassifierUsage
instanceKlass org/jetbrains/kotlin/resolve/jvm/checkers/JvmModuleAccessibilityChecker
instanceKlass org/jetbrains/kotlin/resolve/jvm/checkers/InlinePlatformCompatibilityChecker
instanceKlass org/jetbrains/kotlin/resolve/jvm/checkers/JvmDefaultChecker
instanceKlass org/jetbrains/kotlin/resolve/jvm/checkers/InterfaceDefaultMethodCallChecker
instanceKlass org/jetbrains/kotlin/synthetic/JavaSyntheticScopes
instanceKlass org/jetbrains/kotlin/resolve/scopes/SyntheticScopes
instanceKlass org/jetbrains/kotlin/resolve/calls/checkers/AbstractReflectionApiCallChecker
instanceKlass org/jetbrains/kotlin/resolve/jvm/checkers/JvmStaticChecker
instanceKlass org/jetbrains/kotlin/resolve/jvm/checkers/JavaNullabilityChecker
instanceKlass org/jetbrains/kotlin/container/SingletonDescriptor
instanceKlass org/jetbrains/kotlin/resolve/UpperBoundChecker
instanceKlass org/jetbrains/kotlin/frontend/di/InjectionKt
instanceKlass org/jetbrains/kotlin/types/WrappedTypeFactory
instanceKlass sun/reflect/generics/reflectiveObjects/LazyReflectiveObjectGenerator
instanceKlass sun/reflect/generics/tree/TypeVariableSignature
instanceKlass sun/reflect/generics/reflectiveObjects/ParameterizedTypeImpl
instanceKlass java/lang/reflect/ParameterizedType
# instanceKlass java/lang/invoke/LambdaForm$MH+0x0000019381310000
instanceKlass org/jetbrains/kotlin/resolve/checkers/ClassifierUsageCheckerContext
instanceKlass org/jetbrains/kotlin/resolve/calls/context/ResolutionContext
instanceKlass java/lang/annotation/Documented
instanceKlass kotlin/annotation/MustBeDocumented
instanceKlass kotlin/jvm/JvmStatic
instanceKlass org/jetbrains/kotlin/resolve/calls/checkers/CallCheckerContext
instanceKlass org/jetbrains/kotlin/resolve/calls/model/ResolvedCall
instanceKlass kotlin/reflect/jvm/internal/pcollections/ConsPStack$Itr
instanceKlass org/jetbrains/kotlin/descriptors/annotations/AnnotationDescriptor
instanceKlass org/jetbrains/kotlin/types/model/AnnotationMarker
instanceKlass org/jetbrains/kotlin/container/ConstructorInfo
instanceKlass  @bci org/jetbrains/kotlin/com/intellij/util/containers/MultiMap putValue (Ljava/lang/Object;Ljava/lang/Object;)V 6 <appendix> member <vmtarget> ; # org/jetbrains/kotlin/com/intellij/util/containers/MultiMap$$Lambda+0x000001938130c220
instanceKlass kotlin/annotation/Retention
instanceKlass org/jetbrains/kotlin/container/DefaultImplementation
instanceKlass sun/reflect/generics/tree/ClassSignature
instanceKlass sun/reflect/generics/tree/Signature
instanceKlass sun/reflect/generics/tree/FormalTypeParameter
instanceKlass sun/reflect/generics/repository/AbstractRepository
instanceKlass jdk/internal/vm/annotation/IntrinsicCandidate
instanceKlass org/jetbrains/kotlin/resolve/checkers/DeclarationCheckerContext
instanceKlass org/jetbrains/kotlin/resolve/checkers/CheckerContext
instanceKlass org/jetbrains/kotlin/container/ClassInfo
instanceKlass org/jetbrains/kotlin/container/ClassTraversalCache
instanceKlass org/jetbrains/kotlin/container/CacheKt
instanceKlass org/jetbrains/kotlin/container/DynamicComponentDescriptor
instanceKlass org/jetbrains/kotlin/container/ComponentResolveContext
instanceKlass org/jetbrains/kotlin/container/ValueResolveContext
instanceKlass org/jetbrains/kotlin/container/InstanceComponentDescriptor
instanceKlass org/jetbrains/kotlin/container/ComponentDescriptor
instanceKlass org/jetbrains/kotlin/container/ValueDescriptor
instanceKlass org/jetbrains/kotlin/container/ContainerKt
instanceKlass org/jetbrains/kotlin/resolve/checkers/PlatformDiagnosticSuppressor
instanceKlass org/jetbrains/kotlin/resolve/lazy/AbsentDescriptorHandler
instanceKlass org/jetbrains/kotlin/types/DynamicTypesSettings
instanceKlass org/jetbrains/kotlin/resolve/calls/results/TypeSpecificityComparator$NONE
instanceKlass org/jetbrains/kotlin/resolve/calls/results/TypeSpecificityComparator
instanceKlass org/jetbrains/kotlin/resolve/checkers/OptionalExpectationUsageChecker
instanceKlass org/jetbrains/kotlin/resolve/checkers/MissingDependencyClassChecker$ClassifierUsage
instanceKlass org/jetbrains/kotlin/resolve/checkers/ApiVersionClassifierUsageChecker
instanceKlass org/jetbrains/kotlin/resolve/checkers/DeprecatedClassifierUsageChecker
instanceKlass org/jetbrains/kotlin/resolve/calls/checkers/EnumEntriesUnsupportedChecker
instanceKlass org/jetbrains/kotlin/resolve/calls/checkers/CustomEnumEntriesMigrationCallChecker
instanceKlass org/jetbrains/kotlin/resolve/calls/checkers/CompanionIncorrectlyUnboundedWhenUsedAsLHSCallChecker
instanceKlass org/jetbrains/kotlin/resolve/calls/checkers/IncorrectCapturedApproximationCallChecker
instanceKlass org/jetbrains/kotlin/resolve/calls/checkers/BuilderInferenceAssignmentChecker
instanceKlass org/jetbrains/kotlin/resolve/calls/checkers/UnsupportedUntilOperatorChecker
instanceKlass org/jetbrains/kotlin/resolve/calls/checkers/EqualityCallChecker
instanceKlass org/jetbrains/kotlin/resolve/calls/checkers/ResolutionToPrivateConstructorOfSealedClassChecker
instanceKlass org/jetbrains/kotlin/resolve/calls/checkers/CompanionInParenthesesLHSCallChecker
instanceKlass org/jetbrains/kotlin/resolve/calls/checkers/EnumEntryVsCompanionPriorityCallChecker
instanceKlass org/jetbrains/kotlin/utils/StringsKt
instanceKlass org/jetbrains/kotlin/resolve/calls/checkers/NewSchemeOfIntegerOperatorResolutionChecker
instanceKlass org/jetbrains/kotlin/resolve/calls/checkers/SelfCallInNestedObjectConstructorChecker
instanceKlass org/jetbrains/kotlin/resolve/calls/checkers/VarargWrongExecutionOrderChecker
instanceKlass org/jetbrains/kotlin/resolve/calls/checkers/ReferencingToUnderscoreNamedParameterOfCatchBlockChecker
instanceKlass org/jetbrains/kotlin/resolve/checkers/NullableExtensionOperatorWithSafeCallChecker
instanceKlass org/jetbrains/kotlin/resolve/calls/checkers/FunInterfaceConstructorReferenceChecker
instanceKlass org/jetbrains/kotlin/resolve/calls/checkers/UnitConversionCallChecker
instanceKlass org/jetbrains/kotlin/resolve/calls/checkers/SuspendConversionCallChecker
instanceKlass org/jetbrains/kotlin/resolve/calls/checkers/AbstractClassInstantiationChecker
instanceKlass org/jetbrains/kotlin/resolve/checkers/MissingDependencySupertypeChecker$ForCalls
instanceKlass org/jetbrains/kotlin/resolve/calls/checkers/ReifiedTypeParameterSubstitutionChecker
instanceKlass org/jetbrains/kotlin/resolve/calls/checkers/ContractNotAllowedCallChecker
instanceKlass org/jetbrains/kotlin/resolve/calls/checkers/NamedFunAsExpressionChecker
instanceKlass org/jetbrains/kotlin/resolve/calls/checkers/NullableVarargArgumentCallChecker
instanceKlass org/jetbrains/kotlin/resolve/calls/checkers/ResultTypeWithNullableOperatorsChecker
instanceKlass org/jetbrains/kotlin/resolve/calls/checkers/UselessElvisCallChecker
instanceKlass org/jetbrains/kotlin/resolve/calls/checkers/LambdaWithSuspendModifierCallChecker
instanceKlass org/jetbrains/kotlin/resolve/checkers/PrimitiveNumericComparisonCallChecker
instanceKlass org/jetbrains/kotlin/resolve/calls/checkers/ImplicitNothingAsTypeParameterCallChecker
instanceKlass org/jetbrains/kotlin/resolve/calls/checkers/AssigningNamedArgumentToVarargChecker
instanceKlass org/jetbrains/kotlin/resolve/calls/checkers/UnderscoreUsageChecker
instanceKlass org/jetbrains/kotlin/resolve/calls/checkers/CallableReferenceCompatibilityChecker
instanceKlass org/jetbrains/kotlin/resolve/checkers/MissingDependencyClassChecker
instanceKlass org/jetbrains/kotlin/resolve/calls/checkers/DslScopeViolationCallChecker
instanceKlass org/jetbrains/kotlin/resolve/calls/checkers/BuilderFunctionsCallChecker
instanceKlass org/jetbrains/kotlin/resolve/calls/checkers/CoroutineSuspendCallChecker
instanceKlass org/jetbrains/kotlin/resolve/calls/checkers/ApiVersionCallChecker
instanceKlass org/jetbrains/kotlin/resolve/calls/checkers/ProtectedConstructorCallChecker
instanceKlass org/jetbrains/kotlin/resolve/calls/checkers/ConstructorHeaderCallChecker
instanceKlass org/jetbrains/kotlin/resolve/calls/checkers/OperatorCallChecker$Companion
instanceKlass org/jetbrains/kotlin/resolve/calls/checkers/OperatorCallChecker
instanceKlass org/jetbrains/kotlin/resolve/calls/checkers/InfixCallChecker
instanceKlass org/jetbrains/kotlin/resolve/calls/checkers/CallReturnsArrayOfNothingChecker
instanceKlass kotlin/jvm/internal/SpreadBuilder
instanceKlass org/jetbrains/kotlin/resolve/calls/checkers/DeprecatedCallChecker
instanceKlass org/jetbrains/kotlin/resolve/checkers/TrailingCommaCallChecker
instanceKlass org/jetbrains/kotlin/resolve/calls/checkers/SafeCallChecker
instanceKlass org/jetbrains/kotlin/resolve/calls/checkers/SynchronizedByValueChecker
instanceKlass org/jetbrains/kotlin/resolve/calls/checkers/InlineCheckerWrapper
instanceKlass org/jetbrains/kotlin/resolve/calls/checkers/CapturingInClosureChecker
instanceKlass org/jetbrains/kotlin/resolve/checkers/ActualTypealiasToSpecialAnnotationChecker
instanceKlass org/jetbrains/kotlin/resolve/checkers/VolatileAnnotationChecker
instanceKlass org/jetbrains/kotlin/resolve/checkers/EnumEntriesRedeclarationChecker
instanceKlass org/jetbrains/kotlin/resolve/checkers/DataObjectContentChecker
instanceKlass org/jetbrains/kotlin/resolve/calls/checkers/UnsupportedUntilRangeDeclarationChecker
instanceKlass org/jetbrains/kotlin/resolve/checkers/CyclicAnnotationsChecker
instanceKlass org/jetbrains/kotlin/resolve/checkers/ValueParameterUsageInDefaultArgumentChecker
instanceKlass org/jetbrains/kotlin/resolve/checkers/SubtypingBetweenContextReceiversChecker
instanceKlass org/jetbrains/kotlin/resolve/checkers/ContextualDeclarationChecker
instanceKlass org/jetbrains/kotlin/resolve/checkers/EnumCompanionInEnumConstructorCallChecker
instanceKlass org/jetbrains/kotlin/resolve/checkers/SuspendFunctionAsSupertypeChecker
instanceKlass org/jetbrains/kotlin/resolve/checkers/SealedInterfaceAllowedChecker
instanceKlass org/jetbrains/kotlin/resolve/checkers/SealedInheritorInSameModuleChecker
instanceKlass org/jetbrains/kotlin/resolve/checkers/SealedInheritorInSamePackageChecker
instanceKlass org/jetbrains/kotlin/resolve/checkers/PrivateInlineFunctionsReturningAnonymousObjectsChecker
instanceKlass org/jetbrains/kotlin/resolve/checkers/ContractDescriptionBlockChecker
instanceKlass org/jetbrains/kotlin/resolve/checkers/DeprecatedSinceKotlinAnnotationChecker
instanceKlass org/jetbrains/kotlin/resolve/checkers/DeprecationInheritanceChecker
instanceKlass org/jetbrains/kotlin/resolve/checkers/FunInterfaceDeclarationChecker
instanceKlass org/jetbrains/kotlin/resolve/checkers/MissingDependencySupertypeChecker$ForDeclarations
instanceKlass org/jetbrains/kotlin/resolve/checkers/TrailingCommaDeclarationChecker
instanceKlass org/jetbrains/kotlin/resolve/checkers/TailrecFunctionChecker
instanceKlass org/jetbrains/kotlin/resolve/checkers/ExplicitApiDeclarationChecker$Companion
instanceKlass org/jetbrains/kotlin/resolve/checkers/ExplicitApiDeclarationChecker
instanceKlass org/jetbrains/kotlin/resolve/checkers/LocalVariableTypeParametersChecker
instanceKlass org/jetbrains/kotlin/resolve/checkers/ResultClassInReturnTypeChecker
instanceKlass org/jetbrains/kotlin/resolve/checkers/ReservedMembersAndConstructsForValueClass$Companion
instanceKlass org/jetbrains/kotlin/resolve/checkers/ReservedMembersAndConstructsForValueClass
instanceKlass org/jetbrains/kotlin/resolve/checkers/AnnotationClassTargetAndRetentionChecker
instanceKlass org/jetbrains/kotlin/resolve/checkers/InnerClassInsideValueClass
instanceKlass org/jetbrains/kotlin/resolve/checkers/PropertiesWithBackingFieldsInsideValueClass
instanceKlass org/jetbrains/kotlin/resolve/checkers/MultiFieldValueClassAnnotationsChecker
instanceKlass org/jetbrains/kotlin/resolve/checkers/ValueClassDeclarationChecker
instanceKlass org/jetbrains/kotlin/util/OperatorNameConventions
instanceKlass org/jetbrains/kotlin/resolve/checkers/SuspendLimitationsChecker
instanceKlass org/jetbrains/kotlin/resolve/checkers/KClassWithIncorrectTypeArgumentChecker
instanceKlass org/jetbrains/kotlin/resolve/checkers/DelegationChecker
instanceKlass org/jetbrains/kotlin/resolve/checkers/DynamicReceiverChecker
instanceKlass org/jetbrains/kotlin/resolve/checkers/ReifiedTypeParameterAnnotationChecker
instanceKlass org/jetbrains/kotlin/resolve/RequireKotlinConstants
instanceKlass org/jetbrains/kotlin/resolve/AnnotationsKt
instanceKlass org/jetbrains/kotlin/resolve/checkers/KotlinVersionStringAnnotationValueChecker
instanceKlass org/jetbrains/kotlin/resolve/checkers/InfixModifierChecker
instanceKlass org/jetbrains/kotlin/resolve/checkers/InlineParameterChecker
instanceKlass org/jetbrains/kotlin/resolve/checkers/UnderscoreChecker
instanceKlass org/jetbrains/kotlin/resolve/checkers/ConstModifierChecker
instanceKlass org/jetbrains/kotlin/resolve/checkers/DataClassDeclarationChecker
instanceKlass org/jetbrains/kotlin/resolve/checkers/ExpectActualClassifiersAreInBetaChecker
instanceKlass org/jetbrains/kotlin/resolve/checkers/ActualClassifierMustHasTheSameMembersAsNonFinalExpectClassifierChecker
instanceKlass org/jetbrains/kotlin/resolve/checkers/ExpectActualInTheSameModuleChecker
instanceKlass org/jetbrains/kotlin/resolve/PlatformConfiguratorBaseKt
instanceKlass org/jetbrains/kotlin/container/ComponentRegistry
instanceKlass org/jetbrains/kotlin/com/intellij/util/containers/MultiMap
instanceKlass org/jetbrains/kotlin/container/ComponentStorage
instanceKlass org/jetbrains/kotlin/container/ValueResolver
instanceKlass org/jetbrains/kotlin/container/StorageComponentContainer
instanceKlass org/jetbrains/kotlin/container/ComponentProvider
instanceKlass org/jetbrains/kotlin/container/ComponentContainer
instanceKlass org/jetbrains/kotlin/container/DslKt
instanceKlass org/jetbrains/kotlin/resolve/jvm/JvmDeclarationReturnTypeSanitizer
instanceKlass org/jetbrains/kotlin/resolve/DeclarationReturnTypeSanitizer
instanceKlass org/jetbrains/kotlin/resolve/jvm/JvmOverridesBackwardCompatibilityHelper
instanceKlass org/jetbrains/kotlin/resolve/OverridesBackwardCompatibilityHelper
instanceKlass org/jetbrains/kotlin/resolve/jvm/JvmDelegationFilter
instanceKlass org/jetbrains/kotlin/resolve/lazy/DelegationFilter
instanceKlass org/jetbrains/kotlin/resolve/jvm/JvmOverloadFilter
instanceKlass org/jetbrains/kotlin/resolve/OverloadFilter
instanceKlass org/jetbrains/kotlin/resolve/jvm/checkers/JvmSimpleNameBacktickChecker
instanceKlass org/jetbrains/kotlin/resolve/IdentifierChecker
instanceKlass org/jetbrains/kotlin/resolve/sam/SamConversionResolver$Empty
instanceKlass org/jetbrains/kotlin/container/PlatformExtensionsClashResolver
instanceKlass org/jetbrains/kotlin/resolve/jvm/checkers/SynchronizedAnnotationOnLambdaChecker
instanceKlass org/jetbrains/kotlin/resolve/jvm/checkers/ExplicitMetadataChecker
instanceKlass org/jetbrains/kotlin/name/JvmNames
instanceKlass org/jetbrains/kotlin/resolve/jvm/checkers/FileClassAnnotationsChecker
instanceKlass org/jetbrains/kotlin/resolve/AdditionalAnnotationChecker
instanceKlass org/jetbrains/kotlin/resolve/jvm/checkers/MissingBuiltInDeclarationChecker$ClassifierUsage
instanceKlass org/jetbrains/kotlin/resolve/checkers/BigFunctionTypeAvailabilityChecker
instanceKlass org/jetbrains/kotlin/resolve/checkers/ClassifierUsageChecker
instanceKlass org/jetbrains/kotlin/resolve/jvm/checkers/JvmArrayVariableInLoopAssignmentChecker
instanceKlass org/jetbrains/kotlin/resolve/jvm/checkers/JavaTypeAccessibilityChecker
instanceKlass org/jetbrains/kotlin/resolve/jvm/platform/JavaGenericVarianceViolationTypeChecker
instanceKlass org/jetbrains/kotlin/resolve/jvm/RuntimeAssertionsTypeChecker
instanceKlass org/jetbrains/kotlin/resolve/calls/checkers/AdditionalTypeChecker
# instanceKlass java/lang/invoke/LambdaForm$MH+0x00000193812f4000
instanceKlass  @bci org/jetbrains/kotlin/diagnostics/Errors$Initializer initializeFactoryNames (Ljava/lang/Class;)V 9 <appendix> argL0 ; # org/jetbrains/kotlin/diagnostics/Errors$Initializer$$Lambda+0x00000193812f0e38
instanceKlass org/jetbrains/kotlin/diagnostics/rendering/DiagnosticFactoryToRendererMap
instanceKlass org/jetbrains/kotlin/diagnostics/rendering/DefaultErrorMessages$Extension
instanceKlass org/jetbrains/kotlin/diagnostics/Errors$Initializer
instanceKlass org/jetbrains/kotlin/com/google/common/collect/Hashing
instanceKlass org/jetbrains/kotlin/com/google/common/math/IntMath$1
instanceKlass org/jetbrains/kotlin/com/google/common/math/MathPreconditions
instanceKlass org/jetbrains/kotlin/com/google/common/math/IntMath
instanceKlass org/jetbrains/kotlin/com/google/common/collect/ImmutableSet$SetBuilderImpl
instanceKlass org/jetbrains/kotlin/diagnostics/DiagnosticFactoryForDeprecation4$Companion
instanceKlass org/jetbrains/kotlin/diagnostics/ClassicPositioningStrategies
instanceKlass org/jetbrains/kotlin/diagnostics/DiagnosticFactoryForDeprecation2$Companion
instanceKlass org/jetbrains/kotlin/diagnostics/DiagnosticFactoryForDeprecation0$Companion
instanceKlass org/jetbrains/kotlin/diagnostics/DiagnosticFactoryForDeprecation1$Companion
instanceKlass org/jetbrains/kotlin/diagnostics/DiagnosticFactoryForDeprecation3$Companion
instanceKlass org/jetbrains/kotlin/diagnostics/DiagnosticFactoryForDeprecation
instanceKlass org/jetbrains/kotlin/diagnostics/ParametrizedDiagnostic
instanceKlass org/jetbrains/kotlin/diagnostics/Diagnostic
instanceKlass org/jetbrains/kotlin/diagnostics/Errors
instanceKlass org/jetbrains/kotlin/resolve/jvm/checkers/JvmSyntheticAssignmentChecker
instanceKlass org/jetbrains/kotlin/resolve/calls/checkers/AssignmentChecker
instanceKlass org/jetbrains/kotlin/resolve/jvm/checkers/JvmPropertyVsFieldAmbiguityCallChecker
instanceKlass org/jetbrains/kotlin/resolve/calls/checkers/LateinitIntrinsicApplicabilityChecker
instanceKlass org/jetbrains/kotlin/resolve/jvm/checkers/UpperBoundViolatedInTypealiasConstructorChecker
instanceKlass org/jetbrains/kotlin/resolve/jvm/checkers/EnumDeclaringClassDeprecationChecker
instanceKlass org/jetbrains/kotlin/resolve/jvm/checkers/SamInterfaceConstructorReferenceCallChecker
instanceKlass org/jetbrains/kotlin/resolve/jvm/checkers/PolymorphicSignatureCallChecker
instanceKlass org/jetbrains/kotlin/resolve/jvm/checkers/InconsistentOperatorFromJavaCallChecker
instanceKlass org/jetbrains/kotlin/resolve/jvm/checkers/ApiVersionIsAtLeastArgumentsChecker
instanceKlass org/jetbrains/kotlin/resolve/jvm/RuntimeAssertionsOnExtensionReceiverCallChecker
instanceKlass org/jetbrains/kotlin/resolve/jvm/checkers/ProtectedSyntheticExtensionCallChecker
instanceKlass org/jetbrains/kotlin/resolve/jvm/checkers/SuperCallWithDefaultArgumentsChecker
instanceKlass org/jetbrains/kotlin/resolve/jvm/checkers/UnsupportedSyntheticCallableReferenceChecker
instanceKlass org/jetbrains/kotlin/resolve/jvm/checkers/ProtectedInSuperClassCompanionCallChecker
instanceKlass org/jetbrains/kotlin/resolve/jvm/checkers/JavaClassOnCompanionChecker
instanceKlass org/jetbrains/kotlin/resolve/jvm/checkers/SuspensionPointInsideMutexLockChecker
instanceKlass org/jetbrains/kotlin/resolve/jvm/checkers/JavaAnnotationCallChecker$Companion
instanceKlass org/jetbrains/kotlin/resolve/jvm/checkers/JavaAnnotationCallChecker
instanceKlass org/jetbrains/kotlin/resolve/jvm/checkers/MissingBuiltInDeclarationChecker
instanceKlass org/jetbrains/kotlin/resolve/calls/checkers/CallChecker
instanceKlass org/jetbrains/kotlin/resolve/jvm/checkers/JavaOverrideWithWrongNullabilityOverrideChecker
instanceKlass org/jetbrains/kotlin/resolve/jvm/checkers/ClassInheritsJavaSealedClassChecker
instanceKlass org/jetbrains/kotlin/resolve/jvm/checkers/FunctionDelegateMemberNameClashChecker
instanceKlass org/jetbrains/kotlin/resolve/jvm/checkers/DefaultCheckerInTailrec
instanceKlass org/jetbrains/kotlin/resolve/jvm/checkers/JvmMultifileClassStateChecker
instanceKlass org/jetbrains/kotlin/resolve/jvm/checkers/BadInheritedJavaSignaturesChecker
instanceKlass org/jetbrains/kotlin/resolve/jvm/checkers/SuspendInFunInterfaceChecker
instanceKlass org/jetbrains/kotlin/resolve/jvm/checkers/JvmAnnotationsTargetNonExistentAccessorChecker$Companion
instanceKlass org/jetbrains/kotlin/resolve/jvm/checkers/JvmAnnotationsTargetNonExistentAccessorChecker
instanceKlass org/jetbrains/kotlin/resolve/jvm/checkers/StrictfpApplicabilityChecker
instanceKlass org/jetbrains/kotlin/resolve/jvm/checkers/JvmInlineApplicabilityChecker
instanceKlass org/jetbrains/kotlin/resolve/jvm/checkers/JvmSyntheticApplicabilityChecker
instanceKlass org/jetbrains/kotlin/resolve/jvm/checkers/TypeParameterBoundIsNotArrayChecker
instanceKlass org/jetbrains/kotlin/resolve/jvm/checkers/JvmFieldApplicabilityChecker
instanceKlass org/jetbrains/kotlin/resolve/jvm/checkers/OverloadsAnnotationChecker
instanceKlass org/jetbrains/kotlin/resolve/jvm/checkers/ExternalFunChecker
instanceKlass org/jetbrains/kotlin/resolve/jvm/checkers/LocalFunInlineChecker
instanceKlass org/jetbrains/kotlin/resolve/jvm/checkers/SynchronizedAnnotationChecker
instanceKlass org/jetbrains/kotlin/resolve/jvm/checkers/JvmNameAnnotationChecker
instanceKlass org/jetbrains/kotlin/resolve/checkers/DeclarationChecker
instanceKlass org/jetbrains/kotlin/resolve/PlatformConfiguratorBase
instanceKlass org/jetbrains/kotlin/resolve/PlatformConfigurator
instanceKlass org/jetbrains/kotlin/resolve/ImportPath$Companion
instanceKlass org/jetbrains/kotlin/resolve/ImportPath
instanceKlass org/jetbrains/kotlin/resolve/PlatformDependentAnalyzerServices
instanceKlass org/jetbrains/kotlin/resolve/SealedClassInheritorsProvider
instanceKlass org/jetbrains/kotlin/resolve/ModuleAnnotationsResolver$Companion
instanceKlass org/jetbrains/kotlin/metadata/jvm/deserialization/ModuleMappingKt
instanceKlass org/jetbrains/kotlin/protobuf/UnmodifiableLazyStringList$2
instanceKlass org/jetbrains/kotlin/metadata/jvm/deserialization/PackageParts
instanceKlass org/jetbrains/kotlin/metadata/jvm/JvmModuleProtoBuf$PackagePartsOrBuilder
instanceKlass org/jetbrains/kotlin/load/kotlin/JvmPackagePartProviderBase$ModuleMappingInfo
instanceKlass org/jetbrains/kotlin/metadata/jvm/JvmModuleProtoBuf$ModuleOrBuilder
instanceKlass org/jetbrains/kotlin/metadata/deserialization/VersionSpecificBehaviorKt
instanceKlass kotlin/collections/MapWithDefault
instanceKlass org/jetbrains/kotlin/utils/MetadataHelpersKt
instanceKlass org/jetbrains/kotlin/utils/DeserializationHelpersKt
instanceKlass org/jetbrains/kotlin/load/kotlin/ModuleMappingUtilKt
instanceKlass org/jetbrains/kotlin/metadata/jvm/deserialization/BinaryModuleData
instanceKlass org/jetbrains/kotlin/metadata/jvm/deserialization/JvmMetadataVersion$Companion
instanceKlass org/jetbrains/kotlin/metadata/jvm/deserialization/ModuleMapping$Companion
instanceKlass org/jetbrains/kotlin/metadata/jvm/deserialization/ModuleMapping
instanceKlass org/jetbrains/kotlin/cli/jvm/compiler/JvmPackagePartProviderKt
instanceKlass  @bci org/jetbrains/kotlin/com/intellij/psi/search/GlobalSearchScope$UnionScope contains (Lorg/jetbrains/kotlin/com/intellij/openapi/vfs/VirtualFile;)Z 14 <appendix> member <vmtarget> ; # org/jetbrains/kotlin/com/intellij/psi/search/GlobalSearchScope$UnionScope$$Lambda+0x00000193812de0f0
instanceKlass org/jetbrains/kotlin/resolve/CompilerDeserializationConfiguration
instanceKlass org/jetbrains/kotlin/load/kotlin/JvmPackagePartProviderBase$Companion
instanceKlass org/jetbrains/kotlin/load/kotlin/JvmPackagePartProviderBase
instanceKlass org/jetbrains/kotlin/load/kotlin/PackageAndMetadataPartProvider
instanceKlass org/jetbrains/kotlin/serialization/deserialization/MetadataPartProvider
instanceKlass org/jetbrains/kotlin/load/kotlin/PackagePartProvider
instanceKlass  @bci org/jetbrains/kotlin/resolve/lazy/declarations/FileBasedDeclarationProviderFactory <init> (Lorg/jetbrains/kotlin/storage/StorageManager;Ljava/util/Collection;)V 29 <appendix> member <vmtarget> ; # org/jetbrains/kotlin/resolve/lazy/declarations/FileBasedDeclarationProviderFactory$$Lambda+0x00000193812dca28
instanceKlass org/jetbrains/kotlin/resolve/lazy/declarations/FileBasedDeclarationProviderFactory$Index
instanceKlass  @bci org/jetbrains/kotlin/resolve/lazy/declarations/AbstractDeclarationProviderFactory <init> (Lorg/jetbrains/kotlin/storage/StorageManager;)V 15 <appendix> member <vmtarget> ; # org/jetbrains/kotlin/resolve/lazy/declarations/AbstractDeclarationProviderFactory$$Lambda+0x00000193812dc5f0
instanceKlass  @cpi org/jetbrains/kotlin/resolve/lazy/declarations/AbstractDeclarationProviderFactory 32 form vmentry <vmtarget> ; # java/lang/invoke/LambdaForm$DMH+0x00000193812e0000
instanceKlass org/jetbrains/kotlin/resolve/lazy/declarations/ClassMemberDeclarationProvider
instanceKlass org/jetbrains/kotlin/resolve/lazy/declarations/PackageMemberDeclarationProvider
instanceKlass org/jetbrains/kotlin/resolve/lazy/declarations/DeclarationProvider
instanceKlass org/jetbrains/kotlin/resolve/lazy/declarations/AbstractDeclarationProviderFactory
instanceKlass org/jetbrains/kotlin/resolve/lazy/declarations/DeclarationProviderFactory
instanceKlass org/jetbrains/kotlin/config/LanguageFeature$Companion
instanceKlass org/jetbrains/kotlin/frontend/java/di/InjectionKt
instanceKlass org/jetbrains/kotlin/descriptors/impl/ModuleDependenciesImpl
instanceKlass org/jetbrains/kotlin/descriptors/impl/ModuleDependencies
instanceKlass org/jetbrains/kotlin/protobuf/SmallSortedMap$EntryIterator
instanceKlass org/jetbrains/kotlin/protobuf/GeneratedMessageLite$ExtendableMessage$ExtensionWriter
instanceKlass org/jetbrains/kotlin/serialization/deserialization/descriptors/DeserializedMemberScope$OptimizedImplementation
instanceKlass org/jetbrains/kotlin/serialization/deserialization/descriptors/DeserializedMemberScope$Implementation
instanceKlass org/jetbrains/kotlin/serialization/deserialization/MemberDeserializer
instanceKlass org/jetbrains/kotlin/serialization/deserialization/TypeDeserializer
instanceKlass org/jetbrains/kotlin/serialization/deserialization/DeserializationContext
instanceKlass org/jetbrains/kotlin/metadata/deserialization/VersionRequirementTable$Companion
instanceKlass org/jetbrains/kotlin/metadata/deserialization/VersionRequirementTable
instanceKlass org/jetbrains/kotlin/metadata/deserialization/TypeTable
instanceKlass org/jetbrains/kotlin/serialization/deserialization/ClassDeserializer$Companion
instanceKlass org/jetbrains/kotlin/serialization/deserialization/ClassDeserializer
instanceKlass org/jetbrains/kotlin/serialization/deserialization/EnumEntriesDeserializationSupport$Default
instanceKlass org/jetbrains/kotlin/serialization/deserialization/EnumEntriesDeserializationSupport
instanceKlass org/jetbrains/kotlin/resolve/OverridingUtil$1
instanceKlass org/jetbrains/kotlin/load/java/JavaIncompatibilityRulesOverridabilityCondition$Companion
instanceKlass org/jetbrains/kotlin/load/java/JavaIncompatibilityRulesOverridabilityCondition
instanceKlass org/jetbrains/kotlin/load/java/ErasedOverridabilityCondition
instanceKlass org/jetbrains/kotlin/load/java/FieldOverridabilityCondition
instanceKlass org/jetbrains/kotlin/resolve/ExternalOverridabilityCondition
instanceKlass org/jetbrains/kotlin/types/checker/KotlinTypeChecker$TypeConstructorEquality
instanceKlass org/jetbrains/kotlin/resolve/OverridingUtil
instanceKlass org/jetbrains/kotlin/types/AbstractTypePreparator
instanceKlass org/jetbrains/kotlin/types/checker/NewKotlinTypeCheckerImpl
instanceKlass org/jetbrains/kotlin/types/checker/NewKotlinTypeChecker$Companion
instanceKlass org/jetbrains/kotlin/types/checker/NewKotlinTypeChecker
instanceKlass org/jetbrains/kotlin/types/checker/KotlinTypeChecker
instanceKlass org/jetbrains/kotlin/resolve/sam/SamConversionResolverImpl
instanceKlass org/jetbrains/kotlin/resolve/sam/SamConversionResolver
instanceKlass org/jetbrains/kotlin/container/PlatformSpecificExtension
instanceKlass org/jetbrains/kotlin/serialization/deserialization/ContractDeserializer$Companion$DEFAULT$1
instanceKlass org/jetbrains/kotlin/serialization/deserialization/ContractDeserializer$Companion
instanceKlass org/jetbrains/kotlin/serialization/deserialization/ContractDeserializer
instanceKlass org/jetbrains/kotlin/serialization/deserialization/FlexibleTypeDeserializer$ThrowException
instanceKlass org/jetbrains/kotlin/serialization/deserialization/FlexibleTypeDeserializer
instanceKlass org/jetbrains/kotlin/serialization/deserialization/ErrorReporter$1
instanceKlass org/jetbrains/kotlin/serialization/deserialization/ErrorReporter
instanceKlass org/jetbrains/kotlin/serialization/deserialization/LocalClassifierTypeSettings$Default
instanceKlass org/jetbrains/kotlin/serialization/deserialization/LocalClassifierTypeSettings
instanceKlass org/jetbrains/kotlin/resolve/constants/ConstantValue
instanceKlass org/jetbrains/kotlin/serialization/deserialization/AnnotationDeserializer
instanceKlass org/jetbrains/kotlin/serialization/deserialization/AnnotationAndConstantLoaderImpl
instanceKlass org/jetbrains/kotlin/serialization/deserialization/AnnotationAndConstantLoader
instanceKlass org/jetbrains/kotlin/serialization/deserialization/AnnotationLoader
instanceKlass org/jetbrains/kotlin/serialization/deserialization/DeserializedClassDataFinder
instanceKlass org/jetbrains/kotlin/serialization/deserialization/DeserializationConfiguration$Default
instanceKlass org/jetbrains/kotlin/serialization/deserialization/DeserializationConfiguration
instanceKlass org/jetbrains/kotlin/serialization/deserialization/DeserializationComponents
instanceKlass org/jetbrains/kotlin/descriptors/NotFoundClasses
instanceKlass org/jetbrains/kotlin/descriptors/PackageFragmentProviderImpl
instanceKlass org/jetbrains/kotlin/descriptors/PackageFragmentProviderOptimized
instanceKlass org/jetbrains/kotlin/descriptors/PackageFragmentProvider
instanceKlass java/util/LinkedList$ListItr
instanceKlass kotlin/Triple
instanceKlass java/util/LinkedList$Node
instanceKlass org/jetbrains/kotlin/metadata/deserialization/NameResolverImpl$WhenMappings
instanceKlass org/jetbrains/kotlin/protobuf/Utf8
instanceKlass org/jetbrains/kotlin/serialization/deserialization/NameResolverUtilKt
instanceKlass org/jetbrains/kotlin/serialization/deserialization/ProtoBasedClassDataFinder
instanceKlass org/jetbrains/kotlin/serialization/deserialization/ClassDataFinder
instanceKlass org/jetbrains/kotlin/metadata/deserialization/NameResolverImpl
instanceKlass org/jetbrains/kotlin/metadata/deserialization/NameResolver
instanceKlass org/jetbrains/kotlin/metadata/ProtoBuf$Type$Argument$Projection$1
instanceKlass org/jetbrains/kotlin/metadata/ProtoBuf$Type$ArgumentOrBuilder
instanceKlass org/jetbrains/kotlin/metadata/ProtoBuf$Annotation$ArgumentOrBuilder
instanceKlass org/jetbrains/kotlin/protobuf/SmallSortedMap$Entry
instanceKlass org/jetbrains/kotlin/protobuf/FieldSet$1
instanceKlass org/jetbrains/kotlin/protobuf/AbstractMessageLite$Builder
instanceKlass org/jetbrains/kotlin/protobuf/GeneratedMessageLite$1
instanceKlass org/jetbrains/kotlin/metadata/ProtoBuf$QualifiedNameTable$QualifiedName$Kind$1
instanceKlass org/jetbrains/kotlin/metadata/ProtoBuf$QualifiedNameTable$QualifiedNameOrBuilder
instanceKlass org/jetbrains/kotlin/protobuf/WireFormat
instanceKlass org/jetbrains/kotlin/protobuf/CodedOutputStream
instanceKlass org/jetbrains/kotlin/protobuf/CodedInputStream
instanceKlass org/jetbrains/kotlin/metadata/ProtoBuf$QualifiedNameTableOrBuilder
instanceKlass org/jetbrains/kotlin/protobuf/LazyStringList
instanceKlass org/jetbrains/kotlin/protobuf/ProtocolStringList
instanceKlass org/jetbrains/kotlin/metadata/ProtoBuf$StringTableOrBuilder
instanceKlass org/jetbrains/kotlin/metadata/ProtoBuf$PackageFragmentOrBuilder
instanceKlass kotlin/collections/IntIterator
instanceKlass jdk/internal/util/ByteArray
instanceKlass org/jetbrains/kotlin/metadata/builtins/BuiltInsBinaryVersion$Companion
instanceKlass org/jetbrains/kotlin/metadata/deserialization/BinaryVersion$Companion
instanceKlass org/jetbrains/kotlin/metadata/deserialization/BinaryVersion
instanceKlass org/jetbrains/kotlin/metadata/builtins/ReadPackageFragmentKt
instanceKlass org/jetbrains/kotlin/serialization/deserialization/builtins/BuiltInsPackageFragmentImpl$Companion
instanceKlass org/jetbrains/kotlin/builtins/BuiltInsPackageFragment
instanceKlass org/jetbrains/kotlin/protobuf/ExtensionRegistryLite$ObjectIntPair
instanceKlass org/jetbrains/kotlin/metadata/ProtoBuf$TypeParameter$Variance$1
instanceKlass org/jetbrains/kotlin/metadata/ProtoBuf$TypeParameterOrBuilder
instanceKlass org/jetbrains/kotlin/metadata/ProtoBuf$EnumEntryOrBuilder
instanceKlass org/jetbrains/kotlin/metadata/ProtoBuf$Annotation$Argument$Value$Type$1
instanceKlass org/jetbrains/kotlin/protobuf/Internal$EnumLiteMap
instanceKlass org/jetbrains/kotlin/metadata/ProtoBuf$Annotation$Argument$ValueOrBuilder
instanceKlass org/jetbrains/kotlin/metadata/ProtoBuf$ValueParameterOrBuilder
instanceKlass org/jetbrains/kotlin/metadata/ProtoBuf$PropertyOrBuilder
instanceKlass org/jetbrains/kotlin/metadata/ProtoBuf$ContractOrBuilder
instanceKlass org/jetbrains/kotlin/metadata/ProtoBuf$FunctionOrBuilder
instanceKlass org/jetbrains/kotlin/metadata/ProtoBuf$ConstructorOrBuilder
instanceKlass org/jetbrains/kotlin/metadata/ProtoBuf$AnnotationOrBuilder
instanceKlass org/jetbrains/kotlin/metadata/ProtoBuf$TypeOrBuilder
instanceKlass org/jetbrains/kotlin/metadata/ProtoBuf$ClassOrBuilder
instanceKlass org/jetbrains/kotlin/protobuf/Internal$EnumLite
instanceKlass org/jetbrains/kotlin/protobuf/GeneratedMessageLite$ExtensionDescriptor
instanceKlass org/jetbrains/kotlin/protobuf/GeneratedMessageLite$GeneratedExtension
instanceKlass org/jetbrains/kotlin/metadata/ProtoBuf$VersionRequirementTableOrBuilder
instanceKlass org/jetbrains/kotlin/metadata/ProtoBuf$TypeTableOrBuilder
instanceKlass org/jetbrains/kotlin/protobuf/ByteString$ByteIterator
instanceKlass org/jetbrains/kotlin/protobuf/ByteString
instanceKlass org/jetbrains/kotlin/protobuf/SmallSortedMap$EmptySet$2
instanceKlass org/jetbrains/kotlin/protobuf/SmallSortedMap$EmptySet$1
instanceKlass org/jetbrains/kotlin/protobuf/SmallSortedMap$EmptySet
instanceKlass org/jetbrains/kotlin/protobuf/LazyFieldLite
instanceKlass org/jetbrains/kotlin/protobuf/FieldSet
instanceKlass org/jetbrains/kotlin/protobuf/AbstractParser
instanceKlass org/jetbrains/kotlin/protobuf/MessageLite$Builder
instanceKlass org/jetbrains/kotlin/protobuf/Parser
instanceKlass org/jetbrains/kotlin/protobuf/FieldSet$FieldDescriptorLite
instanceKlass org/jetbrains/kotlin/protobuf/AbstractMessageLite
instanceKlass org/jetbrains/kotlin/metadata/ProtoBuf$PackageOrBuilder
instanceKlass org/jetbrains/kotlin/protobuf/GeneratedMessageLite$ExtendableMessageOrBuilder
instanceKlass org/jetbrains/kotlin/protobuf/MessageLite
instanceKlass org/jetbrains/kotlin/protobuf/MessageLiteOrBuilder
instanceKlass org/jetbrains/kotlin/metadata/builtins/BuiltInsProtoBuf
instanceKlass org/jetbrains/kotlin/protobuf/ExtensionRegistryLite
instanceKlass org/jetbrains/kotlin/serialization/SerializerExtensionProtocol
instanceKlass org/jetbrains/kotlin/storage/LockBasedStorageManager$CacheWithNullableValuesBasedOnMemoizedFunction$1
instanceKlass org/jetbrains/kotlin/types/KotlinTypeFactory
instanceKlass org/jetbrains/kotlin/util/ArrayMap
instanceKlass org/jetbrains/kotlin/util/TypeRegistry
instanceKlass org/jetbrains/kotlin/util/AbstractArrayMapOwner
instanceKlass org/jetbrains/kotlin/descriptors/FieldDescriptor
instanceKlass org/jetbrains/kotlin/descriptors/PropertySetterDescriptor
instanceKlass org/jetbrains/kotlin/descriptors/PropertyGetterDescriptor
instanceKlass org/jetbrains/kotlin/descriptors/PropertyAccessorDescriptor
instanceKlass org/jetbrains/kotlin/descriptors/VariableAccessorDescriptor
instanceKlass org/jetbrains/kotlin/types/error/ErrorPropertyDescriptor
instanceKlass org/jetbrains/kotlin/descriptors/PropertyDescriptor
instanceKlass org/jetbrains/kotlin/mpp/PropertySymbolMarker
instanceKlass org/jetbrains/kotlin/descriptors/VariableDescriptorWithAccessors
instanceKlass org/jetbrains/kotlin/descriptors/VariableDescriptor
instanceKlass kotlin/jvm/internal/StringCompanionObject
instanceKlass org/jetbrains/kotlin/types/error/ErrorTypeConstructor
instanceKlass org/jetbrains/kotlin/types/error/ErrorScope
instanceKlass org/jetbrains/kotlin/cli/common/ModuleVisibilityHelperImpl
instanceKlass org/jetbrains/kotlin/descriptors/DescriptorVisibilities$12
instanceKlass org/jetbrains/kotlin/descriptors/DescriptorVisibilities$11
instanceKlass org/jetbrains/kotlin/descriptors/DescriptorVisibilities$10
instanceKlass org/jetbrains/kotlin/util/ModuleVisibilityHelper
instanceKlass org/jetbrains/kotlin/descriptors/DescriptorVisibility
instanceKlass org/jetbrains/kotlin/descriptors/Visibility
instanceKlass org/jetbrains/kotlin/descriptors/DescriptorVisibilities
instanceKlass org/jetbrains/kotlin/name/SpecialNames
instanceKlass org/jetbrains/kotlin/resolve/scopes/receivers/ReceiverValue
instanceKlass org/jetbrains/kotlin/resolve/scopes/receivers/Receiver
instanceKlass org/jetbrains/kotlin/descriptors/FunctionDescriptor$CopyBuilder
instanceKlass org/jetbrains/kotlin/descriptors/CallableMemberDescriptor$CopyBuilder
instanceKlass org/jetbrains/kotlin/descriptors/ClassConstructorDescriptor
instanceKlass org/jetbrains/kotlin/mpp/ConstructorSymbolMarker
instanceKlass org/jetbrains/kotlin/descriptors/ConstructorDescriptor
instanceKlass java/util/Formatter$Flags
instanceKlass java/util/Formattable
instanceKlass java/util/Formatter$FormatSpecifier
instanceKlass java/util/Formatter$Conversion
instanceKlass java/util/Formatter$FixedString
instanceKlass java/util/Formatter$FormatString
instanceKlass java/util/Formatter
instanceKlass org/jetbrains/kotlin/types/error/ErrorModuleDescriptor
instanceKlass org/jetbrains/kotlin/types/error/ErrorUtils
instanceKlass org/jetbrains/kotlin/types/TypeProjection
instanceKlass org/jetbrains/kotlin/types/model/TypeArgumentMarker
instanceKlass org/jetbrains/kotlin/types/TypeUtils
instanceKlass org/jetbrains/kotlin/descriptors/impl/AbstractClassDescriptor$1$1
instanceKlass org/jetbrains/kotlin/types/AbstractTypeRefiner
instanceKlass org/jetbrains/kotlin/types/checker/KotlinTypeRefinerKt
instanceKlass org/jetbrains/kotlin/resolve/descriptorUtil/DescriptorUtilsKt
instanceKlass org/jetbrains/kotlin/descriptors/FunctionDescriptor
instanceKlass org/jetbrains/kotlin/mpp/FunctionSymbolMarker
instanceKlass org/jetbrains/kotlin/descriptors/CallableMemberDescriptor
instanceKlass org/jetbrains/kotlin/resolve/DescriptorUtils
instanceKlass org/jetbrains/kotlin/resolve/scopes/MemberScopeImpl
instanceKlass org/jetbrains/kotlin/descriptors/SupertypeLoopChecker
instanceKlass org/jetbrains/kotlin/types/ClassifierBasedTypeConstructor
instanceKlass org/jetbrains/kotlin/descriptors/ReceiverParameterDescriptor
instanceKlass org/jetbrains/kotlin/descriptors/ParameterDescriptor
instanceKlass org/jetbrains/kotlin/descriptors/ValueDescriptor
instanceKlass org/jetbrains/kotlin/descriptors/CallableDescriptor
instanceKlass org/jetbrains/kotlin/mpp/CallableSymbolMarker
instanceKlass org/jetbrains/kotlin/descriptors/impl/AbstractClassDescriptor$3
instanceKlass org/jetbrains/kotlin/descriptors/impl/AbstractClassDescriptor$2
instanceKlass org/jetbrains/kotlin/descriptors/impl/AbstractClassDescriptor$1
instanceKlass org/jetbrains/kotlin/descriptors/Modality$Companion
instanceKlass org/jetbrains/kotlin/descriptors/impl/ModuleAwareClassDescriptor$Companion
instanceKlass org/jetbrains/kotlin/types/TypeConstructor
instanceKlass org/jetbrains/kotlin/types/model/TypeConstructorMarker
instanceKlass org/jetbrains/kotlin/resolve/scopes/MemberScope
instanceKlass org/jetbrains/kotlin/resolve/scopes/ResolutionScope
instanceKlass org/jetbrains/kotlin/descriptors/impl/ModuleAwareClassDescriptor
instanceKlass org/jetbrains/kotlin/descriptors/ClassDescriptor
instanceKlass org/jetbrains/kotlin/mpp/RegularClassSymbolMarker
instanceKlass org/jetbrains/kotlin/descriptors/ClassifierDescriptorWithTypeParameters
instanceKlass org/jetbrains/kotlin/mpp/ClassLikeSymbolMarker
instanceKlass org/jetbrains/kotlin/descriptors/Substitutable
instanceKlass org/jetbrains/kotlin/descriptors/MemberDescriptor
instanceKlass org/jetbrains/kotlin/descriptors/DeclarationDescriptorWithVisibility
instanceKlass org/jetbrains/kotlin/descriptors/PackageViewDescriptor
instanceKlass org/jetbrains/kotlin/renderer/KeywordStringsGenerated
instanceKlass org/jetbrains/kotlin/renderer/RenderingUtilsKt
instanceKlass org/jetbrains/kotlin/descriptors/ModuleDescriptor$DefaultImpls
instanceKlass org/jetbrains/kotlin/renderer/DescriptorRendererImpl$RenderDeclarationDescriptorVisitor
instanceKlass org/jetbrains/kotlin/descriptors/DeclarationDescriptorVisitor
instanceKlass org/jetbrains/kotlin/renderer/ClassifierNamePolicy$FULLY_QUALIFIED
instanceKlass org/jetbrains/kotlin/renderer/ClassifierNamePolicy$SHORT
instanceKlass org/jetbrains/kotlin/renderer/ExcludedTypeAnnotations
instanceKlass org/jetbrains/kotlin/renderer/DescriptorRenderer$ValueParametersHandler$DEFAULT
instanceKlass org/jetbrains/kotlin/renderer/DescriptorRenderer$ValueParametersHandler
instanceKlass org/jetbrains/kotlin/renderer/DescriptorRendererModifier$Companion
instanceKlass kotlin/properties/ObservableProperty
instanceKlass kotlin/properties/ReadWriteProperty
instanceKlass kotlin/properties/Delegates
instanceKlass org/jetbrains/kotlin/renderer/ClassifierNamePolicy$SOURCE_CODE_QUALIFIED
instanceKlass org/jetbrains/kotlin/renderer/ClassifierNamePolicy
instanceKlass org/jetbrains/kotlin/renderer/DescriptorRendererOptionsImpl
instanceKlass org/jetbrains/kotlin/renderer/DescriptorRendererOptions
instanceKlass org/jetbrains/kotlin/renderer/DescriptorRenderer$Companion
instanceKlass org/jetbrains/kotlin/renderer/DescriptorRenderer
instanceKlass org/jetbrains/kotlin/descriptors/SourceElement$1
instanceKlass org/jetbrains/kotlin/descriptors/SourceElement
instanceKlass org/jetbrains/kotlin/descriptors/PackageFragmentDescriptor
instanceKlass org/jetbrains/kotlin/descriptors/ClassOrPackageFragmentDescriptor
instanceKlass org/jetbrains/kotlin/builtins/jvm/JavaToKotlinClassMapper
instanceKlass org/jetbrains/kotlin/builtins/PlatformToKotlinClassMapper
instanceKlass org/jetbrains/kotlin/builtins/jvm/JvmBuiltInsCustomizer
instanceKlass org/jetbrains/kotlin/storage/StorageKt
instanceKlass org/jetbrains/kotlin/utils/CollectionsKt
instanceKlass org/jetbrains/kotlin/builtins/StandardNames$FqNames
instanceKlass org/jetbrains/kotlin/builtins/StandardNames
instanceKlass org/jetbrains/kotlin/builtins/jvm/JvmBuiltInClassDescriptorFactory$Companion
instanceKlass org/jetbrains/kotlin/builtins/jvm/JvmBuiltInClassDescriptorFactory
instanceKlass org/jetbrains/kotlin/builtins/functions/BuiltInFictitiousFunctionClassFactory
instanceKlass org/jetbrains/kotlin/descriptors/deserialization/ClassDescriptorFactory
instanceKlass org/jetbrains/kotlin/serialization/deserialization/builtins/BuiltInsResourceLoader
instanceKlass org/jetbrains/kotlin/serialization/deserialization/builtins/BuiltInsLoaderImpl
instanceKlass sun/net/www/MessageHeader
instanceKlass sun/net/www/protocol/jar/JarFileFactory
instanceKlass sun/net/www/protocol/jar/URLJarFile$URLJarFileCloseController
instanceKlass org/jetbrains/kotlin/builtins/BuiltInsLoader$Companion
instanceKlass org/jetbrains/kotlin/builtins/BuiltInsLoader
instanceKlass org/jetbrains/kotlin/cli/jvm/compiler/TopDownAnalyzerFacadeForJVM$SourceOrBinaryModuleClassResolver
instanceKlass org/jetbrains/kotlin/load/java/lazy/ModuleClassResolver
instanceKlass org/jetbrains/kotlin/modules/TargetId
instanceKlass org/jetbrains/kotlin/modules/TargetIdKt
instanceKlass org/jetbrains/kotlin/incremental/components/EnumWhenTracker$DoNothing
instanceKlass org/jetbrains/kotlin/incremental/components/EnumWhenTracker
instanceKlass org/jetbrains/kotlin/incremental/components/InlineConstTracker$DoNothing
instanceKlass org/jetbrains/kotlin/incremental/components/InlineConstTracker
instanceKlass org/jetbrains/kotlin/incremental/components/ExpectActualTracker$DoNothing
instanceKlass org/jetbrains/kotlin/incremental/components/ExpectActualTracker
instanceKlass org/jetbrains/kotlin/incremental/components/LookupTracker$DO_NOTHING
instanceKlass org/jetbrains/kotlin/incremental/components/LookupTracker
instanceKlass org/jetbrains/kotlin/builtins/KotlinBuiltIns$4
instanceKlass org/jetbrains/kotlin/context/MutableModuleContextImpl
instanceKlass org/jetbrains/kotlin/context/MutableModuleContext
instanceKlass org/jetbrains/kotlin/context/ModuleContext
instanceKlass org/jetbrains/kotlin/descriptors/impl/PackageViewDescriptorFactory$Default
instanceKlass org/jetbrains/kotlin/descriptors/ModuleCapability
instanceKlass org/jetbrains/kotlin/descriptors/impl/PackageViewDescriptorFactory$Companion
instanceKlass org/jetbrains/kotlin/descriptors/impl/PackageViewDescriptorFactory
instanceKlass org/jetbrains/kotlin/descriptors/annotations/Annotations$Companion$EMPTY$1
instanceKlass org/jetbrains/kotlin/descriptors/annotations/Annotations$Companion
instanceKlass org/jetbrains/kotlin/descriptors/annotations/Annotations
instanceKlass org/jetbrains/kotlin/descriptors/annotations/AnnotatedImpl
instanceKlass org/jetbrains/kotlin/builtins/jvm/JvmBuiltIns$WhenMappings
instanceKlass org/jetbrains/kotlin/builtins/KotlinBuiltIns$3
instanceKlass org/jetbrains/kotlin/builtins/KotlinBuiltIns$2
instanceKlass org/jetbrains/kotlin/storage/LockBasedStorageManager$LockBasedLazyValue
instanceKlass org/jetbrains/kotlin/builtins/KotlinBuiltIns$1
instanceKlass org/jetbrains/kotlin/descriptors/deserialization/PlatformDependentDeclarationFilter
instanceKlass org/jetbrains/kotlin/incremental/components/LookupLocation
instanceKlass org/jetbrains/kotlin/descriptors/ModuleDescriptor
instanceKlass org/jetbrains/kotlin/descriptors/deserialization/AdditionalClassPartsProvider
instanceKlass org/jetbrains/kotlin/types/model/TypeArgumentListMarker
instanceKlass org/jetbrains/kotlin/types/model/SimpleTypeMarker
instanceKlass org/jetbrains/kotlin/types/KotlinType
instanceKlass org/jetbrains/kotlin/descriptors/ClassifierDescriptor
instanceKlass org/jetbrains/kotlin/mpp/ClassifierSymbolMarker
instanceKlass org/jetbrains/kotlin/descriptors/DeclarationDescriptorNonRoot
instanceKlass org/jetbrains/kotlin/descriptors/DeclarationDescriptorWithSource
instanceKlass org/jetbrains/kotlin/descriptors/DeclarationDescriptor
instanceKlass org/jetbrains/kotlin/mpp/DeclarationSymbolMarker
instanceKlass org/jetbrains/kotlin/descriptors/annotations/Annotated
instanceKlass org/jetbrains/kotlin/descriptors/ValidateableDescriptor
instanceKlass org/jetbrains/kotlin/descriptors/Named
instanceKlass org/jetbrains/kotlin/builtins/KotlinBuiltIns
instanceKlass  @bci org/jetbrains/kotlin/context/ContextKt GlobalContext (Ljava/lang/String;)Lorg/jetbrains/kotlin/context/GlobalContextImpl; 23 <appendix> argL0 ; # org/jetbrains/kotlin/context/ContextKt$$Lambda+0x0000019381284b60
instanceKlass org/jetbrains/kotlin/context/SimpleGlobalContext
instanceKlass org/jetbrains/kotlin/storage/ExceptionTracker
instanceKlass org/jetbrains/kotlin/context/ProjectContextImpl
instanceKlass org/jetbrains/kotlin/context/ProjectContext
instanceKlass org/jetbrains/kotlin/context/GlobalContext
instanceKlass org/jetbrains/kotlin/context/ContextKt
instanceKlass org/jetbrains/kotlin/platform/TargetPlatform
instanceKlass org/jetbrains/kotlin/platform/TargetPlatformKt
instanceKlass org/jetbrains/kotlin/platform/TargetPlatformVersion$NoVersion
instanceKlass org/jetbrains/kotlin/platform/SimplePlatform
instanceKlass org/jetbrains/kotlin/platform/jvm/JvmPlatforms
instanceKlass org/jetbrains/kotlin/resolve/TargetEnvironment$Companion
instanceKlass org/jetbrains/kotlin/resolve/TargetEnvironment
instanceKlass  @bci org/jetbrains/kotlin/resolve/diagnostics/MutableDiagnosticsWithSuppression <init> (Lorg/jetbrains/kotlin/resolve/diagnostics/KotlinSuppressCache;Lorg/jetbrains/kotlin/resolve/diagnostics/Diagnostics;)V 43 <appendix> member <vmtarget> ; # org/jetbrains/kotlin/resolve/diagnostics/MutableDiagnosticsWithSuppression$$Lambda+0x0000019381281a00
instanceKlass org/jetbrains/kotlin/com/intellij/psi/util/CachedValueProvider$Result
instanceKlass org/jetbrains/kotlin/com/intellij/util/CachedValueBase
instanceKlass org/jetbrains/kotlin/resolve/diagnostics/DiagnosticSuppressor$Companion
instanceKlass org/jetbrains/kotlin/resolve/diagnostics/DiagnosticSuppressor
instanceKlass org/jetbrains/kotlin/util/ExtensionProvider$Companion
instanceKlass org/jetbrains/kotlin/util/MappedExtensionProvider
instanceKlass org/jetbrains/kotlin/resolve/diagnostics/KotlinSuppressCache$Companion
instanceKlass org/jetbrains/kotlin/diagnostics/AbstractKotlinSuppressCache$Companion
instanceKlass org/jetbrains/kotlin/resolve/diagnostics/Diagnostics$Companion$EMPTY$1
instanceKlass org/jetbrains/kotlin/resolve/diagnostics/Diagnostics$Companion
instanceKlass org/jetbrains/kotlin/resolve/diagnostics/MutableDiagnosticsWithSuppression
instanceKlass org/jetbrains/kotlin/resolve/diagnostics/Diagnostics
instanceKlass org/jetbrains/kotlin/diagnostics/GenericDiagnostics
instanceKlass org/jetbrains/kotlin/util/slicedMap/WritableSlice
instanceKlass org/jetbrains/kotlin/resolve/BindingTraceContext$1
instanceKlass org/jetbrains/kotlin/resolve/CleanableBindingContext
instanceKlass org/jetbrains/kotlin/util/slicedMap/SlicedMapImpl
instanceKlass org/jetbrains/kotlin/resolve/BindingTraceFilter$Companion
instanceKlass org/jetbrains/kotlin/resolve/BindingTraceFilter
instanceKlass org/jetbrains/kotlin/diagnostics/DiagnosticSink$2
instanceKlass org/jetbrains/kotlin/diagnostics/DiagnosticSink$1
instanceKlass org/jetbrains/kotlin/util/slicedMap/ReadOnlySlice
instanceKlass org/jetbrains/kotlin/util/slicedMap/MutableSlicedMap
instanceKlass org/jetbrains/kotlin/util/slicedMap/SlicedMap
instanceKlass org/jetbrains/kotlin/diagnostics/AbstractKotlinSuppressCache
instanceKlass org/jetbrains/kotlin/resolve/BindingContext
instanceKlass org/jetbrains/kotlin/resolve/BindingTraceContext
instanceKlass org/jetbrains/kotlin/resolve/BindingTrace
instanceKlass org/jetbrains/kotlin/diagnostics/DiagnosticSink
instanceKlass org/jetbrains/kotlin/com/intellij/openapi/vfs/VirtualFileWithId
instanceKlass org/jetbrains/kotlin/com/intellij/openapi/vfs/VirtualFileSet
instanceKlass org/jetbrains/kotlin/com/intellij/openapi/vfs/VirtualFileVisitor
instanceKlass org/jetbrains/kotlin/com/intellij/openapi/vfs/VfsUtilCore
instanceKlass org/jetbrains/kotlin/cli/jvm/compiler/TopDownAnalyzerFacadeForJVM
instanceKlass org/jetbrains/kotlin/psi/KtOperationExpression
instanceKlass org/jetbrains/kotlin/BlockExpressionElementType$Companion
instanceKlass org/jetbrains/kotlin/com/intellij/psi/tree/IReparseableElementTypeBase
instanceKlass org/jetbrains/kotlin/com/intellij/psi/tree/ICompositeElementType
instanceKlass org/jetbrains/kotlin/KtNodeTypes
instanceKlass org/jetbrains/kotlin/com/intellij/lang/PsiParser
instanceKlass org/jetbrains/kotlin/kdoc/lexer/KDocTokens
instanceKlass org/jetbrains/kotlin/lexer/KtTokens
instanceKlass org/jetbrains/kotlin/diagnostics/PositioningStrategy
instanceKlass org/jetbrains/kotlin/diagnostics/PositioningStrategies
instanceKlass org/jetbrains/kotlin/diagnostics/DiagnosticFactory$Companion
instanceKlass org/jetbrains/kotlin/diagnostics/DiagnosticMarker
instanceKlass org/jetbrains/kotlin/diagnostics/UnboundDiagnostic
instanceKlass org/jetbrains/kotlin/diagnostics/DiagnosticFactory
instanceKlass org/jetbrains/kotlin/cli/common/messages/AnalyzerWithCompilerReport$Companion
instanceKlass org/jetbrains/kotlin/cli/common/messages/AnalyzerWithCompilerReport
instanceKlass org/jetbrains/kotlin/analyzer/AbstractAnalyzerWithCompilerReport
instanceKlass org/jetbrains/kotlin/load/kotlin/ModuleVisibilityManager$SERVICE
instanceKlass org/jetbrains/kotlin/cli/jvm/compiler/KotlinToJVMBytecodeCompiler
instanceKlass org/jetbrains/kotlin/com/intellij/injected/editor/DocumentWindow
instanceKlass org/jetbrains/kotlin/com/intellij/openapi/editor/impl/FrozenDocument
instanceKlass org/jetbrains/kotlin/com/intellij/openapi/editor/impl/DocumentImpl$1
instanceKlass java/beans/PropertyChangeListener
instanceKlass java/beans/ChangeListenerMap
instanceKlass java/beans/PropertyChangeSupport
instanceKlass org/jetbrains/kotlin/com/intellij/openapi/editor/impl/IntervalTreeImpl$IntervalTreeGuide
instanceKlass org/jetbrains/kotlin/com/intellij/util/WalkingState$TreeGuide
instanceKlass org/jetbrains/kotlin/it/unimi/dsi/fastutil/longs/LongSet
instanceKlass org/jetbrains/kotlin/it/unimi/dsi/fastutil/longs/LongCollection
instanceKlass org/jetbrains/kotlin/it/unimi/dsi/fastutil/longs/LongIterable
instanceKlass org/jetbrains/kotlin/com/intellij/openapi/editor/impl/RedBlackTree$Node
instanceKlass org/jetbrains/kotlin/com/intellij/openapi/editor/ex/PrioritizedDocumentListener$1
instanceKlass org/jetbrains/kotlin/com/intellij/openapi/editor/ex/PrioritizedDocumentListener
instanceKlass org/jetbrains/kotlin/com/intellij/openapi/editor/ex/DocumentEx$1
instanceKlass org/jetbrains/kotlin/com/intellij/util/keyFMap/ArrayBackedFMap
instanceKlass org/jetbrains/kotlin/com/intellij/openapi/fileEditor/impl/LoadTextUtil$ConvertResult
instanceKlass java/lang/reflect/AnnotatedType
instanceKlass java/lang/reflect/TypeVariable
instanceKlass org/jetbrains/kotlin/com/intellij/util/text/ByteArrayCharSequence
instanceKlass org/jetbrains/kotlin/com/intellij/util/BitUtil
instanceKlass org/jetbrains/kotlin/com/intellij/openapi/fileEditor/impl/LoadTextUtil$DetectResult
instanceKlass org/jetbrains/kotlin/com/intellij/openapi/vfs/CharsetToolkit
instanceKlass org/jetbrains/kotlin/com/intellij/openapi/fileEditor/impl/LoadTextUtil
instanceKlass org/jetbrains/kotlin/cli/jvm/compiler/JavaLanguageLevelKt
instanceKlass org/jetbrains/kotlin/config/AppendJavaSourceRootsHandlerKeyKt
instanceKlass org/jetbrains/kotlin/cli/jvm/compiler/CliVirtualFileFinderFactory
instanceKlass org/jetbrains/kotlin/load/kotlin/VirtualFileFinderFactory
instanceKlass org/jetbrains/kotlin/load/kotlin/MetadataFinderFactory
instanceKlass org/jetbrains/kotlin/cli/jvm/modules/CliJavaModuleResolver$Companion
instanceKlass org/jetbrains/kotlin/cli/jvm/modules/CliJavaModuleResolver
instanceKlass org/jetbrains/kotlin/resolve/jvm/modules/JavaModuleResolver
instanceKlass org/jetbrains/kotlin/load/java/JavaModuleAnnotationsProvider
instanceKlass org/jetbrains/kotlin/cli/jvm/index/SingleJavaFileRootsIndex
instanceKlass org/jetbrains/kotlin/cli/jvm/index/JvmDependenciesIndexImpl
instanceKlass java/util/concurrent/locks/ReentrantReadWriteLock$WriteLock
instanceKlass java/util/concurrent/locks/ReentrantReadWriteLock$ReadLock
instanceKlass java/util/concurrent/locks/ReentrantReadWriteLock
instanceKlass java/util/concurrent/locks/ReadWriteLock
instanceKlass org/jetbrains/kotlin/cli/jvm/index/JvmDependenciesDynamicCompoundIndex
instanceKlass org/jetbrains/kotlin/cli/jvm/index/JvmDependenciesIndex
instanceKlass org/jetbrains/kotlin/cli/jvm/compiler/ClasspathRootsResolver$RootsAndModules
instanceKlass kotlin/sequences/TransformingSequence$iterator$1
instanceKlass kotlin/sequences/FilteringSequence$iterator$1
instanceKlass kotlin/jvm/internal/ArrayIterator
instanceKlass kotlin/jvm/internal/ArrayIteratorKt
instanceKlass kotlin/sequences/FlatteningSequence$iterator$1
instanceKlass kotlin/sequences/FlatteningSequence
instanceKlass kotlin/collections/ArraysKt___ArraysKt$asSequence$$inlined$Sequence$1
instanceKlass kotlin/collections/CollectionsKt___CollectionsKt$asSequence$$inlined$Sequence$1
instanceKlass kotlin/sequences/FilteringSequence
instanceKlass kotlin/sequences/TransformingSequence
instanceKlass kotlin/sequences/EmptySequence
instanceKlass kotlin/sequences/DropTakeSequence
instanceKlass org/jetbrains/kotlin/cli/jvm/index/JavaRoot$RootTypes
instanceKlass org/jetbrains/kotlin/cli/jvm/index/JavaRoot
instanceKlass java/io/RandomAccessFile$1
instanceKlass org/jetbrains/kotlin/cli/jvm/config/JavaSourceRoot
instanceKlass java/util/AbstractMap$SimpleEntry
instanceKlass  @bci org/jetbrains/kotlin/com/intellij/util/containers/FactoryMap entrySet ()Ljava/util/Set; 9 <appendix> argL0 ; # org/jetbrains/kotlin/com/intellij/util/containers/FactoryMap$$Lambda+0x0000019381225570
instanceKlass org/jetbrains/kotlin/com/intellij/util/containers/FactoryMap
instanceKlass  @bci org/jetbrains/kotlin/com/intellij/openapi/vfs/impl/jar/CoreJarHandler <init> (Lorg/jetbrains/kotlin/com/intellij/openapi/vfs/impl/jar/CoreJarFileSystem;Ljava/lang/String;)V 40 <appendix> argL0 ; # org/jetbrains/kotlin/com/intellij/openapi/vfs/impl/jar/CoreJarHandler$$Lambda+0x0000019381227590
instanceKlass org/jetbrains/kotlin/com/intellij/util/text/CharArrayExternalizable
instanceKlass org/jetbrains/kotlin/com/intellij/util/text/ImmutableCharSequence
instanceKlass org/jetbrains/kotlin/com/intellij/util/text/CharArrayUtil
instanceKlass  @bci org/jetbrains/kotlin/com/intellij/openapi/vfs/impl/ZipHandlerBase buildEntryMapForZipFile (Ljava/util/zip/ZipFile;)Ljava/util/Map; 70 <appendix> member <vmtarget> ; # org/jetbrains/kotlin/com/intellij/openapi/vfs/impl/ZipHandlerBase$$Lambda+0x00000193812269b0
instanceKlass java/util/zip/ZipFile$ZipEntryIterator
instanceKlass org/jetbrains/kotlin/com/intellij/openapi/vfs/impl/ArchiveHandler$EntryInfo
instanceKlass org/jetbrains/kotlin/com/intellij/util/containers/ShareableKey
instanceKlass org/jetbrains/kotlin/com/intellij/util/containers/hash/LinkedHashMap$Entry
instanceKlass  @bci java/util/DualPivotQuicksort sort (Ljava/util/DualPivotQuicksort$Sorter;[IIII)V 65 <appendix> argL0 ; # java/util/DualPivotQuicksort$$Lambda+0x000001938106d0a8
instanceKlass  @bci java/util/DualPivotQuicksort sort (Ljava/util/DualPivotQuicksort$Sorter;[IIII)V 38 <appendix> argL0 ; # java/util/DualPivotQuicksort$$Lambda+0x000001938106ce88
instanceKlass  @cpi java/util/DualPivotQuicksort 401 form vmentry <vmtarget> ; # java/lang/invoke/LambdaForm$DMH+0x0000019381224400
instanceKlass java/util/DualPivotQuicksort$SortOperation
instanceKlass  @bci java/util/DualPivotQuicksort sort (Ljava/util/DualPivotQuicksort$Sorter;[IIII)V 509 <appendix> argL0 ; # java/util/DualPivotQuicksort$$Lambda+0x000001938106c678
instanceKlass  @cpi java/util/DualPivotQuicksort 409 form vmentry <vmtarget> ; # java/lang/invoke/LambdaForm$DMH+0x0000019381224000
instanceKlass java/util/DualPivotQuicksort$PartitionOperation
instanceKlass java/util/DualPivotQuicksort
instanceKlass org/jetbrains/kotlin/com/intellij/util/containers/hash/HashUtil
instanceKlass org/jetbrains/kotlin/com/intellij/util/containers/SLRUMap
instanceKlass org/jetbrains/kotlin/com/intellij/openapi/util/io/FileAttributes
instanceKlass org/jetbrains/kotlin/com/intellij/util/io/ResourceHandle
instanceKlass org/jetbrains/kotlin/com/intellij/util/io/FileAccessorCache
instanceKlass org/jetbrains/kotlin/com/intellij/util/containers/hash/EqualityPolicy
instanceKlass org/jetbrains/kotlin/com/intellij/openapi/vfs/impl/AddonlyKeylessHash$KeyValueMapper
instanceKlass org/jetbrains/kotlin/com/intellij/openapi/util/Pair
instanceKlass org/jetbrains/kotlin/cli/jvm/modules/JavaModuleGraph
instanceKlass org/jetbrains/kotlin/cli/jvm/compiler/ClasspathRootsResolver$Companion
instanceKlass org/jetbrains/kotlin/cli/jvm/compiler/ClasspathRootsResolver
instanceKlass org/jetbrains/kotlin/cli/jvm/modules/CliJavaModuleFinder
instanceKlass org/jetbrains/kotlin/resolve/jvm/modules/JavaModuleFinder
instanceKlass kotlin/comparisons/ComparisonsKt__ComparisonsKt
instanceKlass org/jetbrains/kotlin/com/intellij/openapi/util/io/FileUtil$2
instanceKlass org/jetbrains/kotlin/com/intellij/openapi/util/io/FileUtil$1
instanceKlass org/jetbrains/kotlin/com/intellij/util/text/CaseInsensitiveStringHashingStrategy
instanceKlass org/jetbrains/kotlin/com/intellij/openapi/util/io/FileUtilRt$SymlinkResolver
instanceKlass org/jetbrains/kotlin/com/intellij/util/indexing/IndexingDataKeys
instanceKlass org/jetbrains/kotlin/cli/jvm/compiler/KotlinCoreEnvironment$special$$inlined$sortBy$1
instanceKlass org/jetbrains/kotlin/psi/UserDataProperty
instanceKlass kotlin/reflect/jvm/internal/KPropertyImpl$Companion
instanceKlass kotlin/reflect/jvm/internal/KCallableImpl
instanceKlass kotlin/reflect/KMutableProperty$Setter
instanceKlass org/jetbrains/kotlin/resolve/multiplatform/IsCommonSourceKt
instanceKlass org/jetbrains/kotlin/com/intellij/psi/util/PsiUtilCore$NullPsiElement
instanceKlass org/jetbrains/kotlin/com/intellij/psi/util/PsiUtilCore
instanceKlass  @bci org/jetbrains/kotlin/com/intellij/psi/impl/source/FileTrees noStub (Lorg/jetbrains/kotlin/com/intellij/psi/impl/source/tree/FileElement;Lorg/jetbrains/kotlin/com/intellij/psi/impl/source/PsiFileImpl;)Lorg/jetbrains/kotlin/com/intellij/psi/impl/source/FileTrees; 15 <appendix> member <vmtarget> ; # org/jetbrains/kotlin/com/intellij/psi/impl/source/FileTrees$$Lambda+0x00000193812176d0
instanceKlass org/jetbrains/kotlin/com/intellij/psi/impl/source/FileTrees
instanceKlass org/jetbrains/kotlin/psi/stubs/KotlinScriptStub
instanceKlass org/jetbrains/kotlin/psi/stubs/KotlinPlaceHolderWithTextStub
instanceKlass org/jetbrains/kotlin/com/intellij/psi/tree/IReparseableLeafElementType
instanceKlass org/jetbrains/kotlin/com/intellij/psi/TokenType
instanceKlass org/jetbrains/kotlin/com/intellij/psi/LiteralTextEscaper
instanceKlass org/jetbrains/kotlin/com/intellij/psi/ContributedReferenceHost
instanceKlass org/jetbrains/kotlin/psi/stubs/KotlinCollectionLiteralExpressionStub
instanceKlass org/jetbrains/kotlin/psi/stubs/KotlinClassLiteralExpressionStub
instanceKlass org/jetbrains/kotlin/psi/KtDoubleColonExpression
instanceKlass org/jetbrains/kotlin/psi/stubs/KotlinConstantExpressionStub
instanceKlass org/jetbrains/kotlin/psi/stubs/elements/KtConstantExpressionElementType$Companion
instanceKlass org/jetbrains/kotlin/psi/stubs/KotlinContextReceiverStub
instanceKlass org/jetbrains/kotlin/psi/LambdaArgument
instanceKlass org/jetbrains/kotlin/psi/stubs/KotlinContractEffectStub
instanceKlass org/jetbrains/kotlin/psi/ValueArgumentName
instanceKlass org/jetbrains/kotlin/psi/stubs/KotlinValueArgumentStub
instanceKlass org/jetbrains/kotlin/psi/ValueArgument
instanceKlass org/jetbrains/kotlin/psi/stubs/KotlinEnumEntrySuperclassReferenceExpressionStub
instanceKlass org/jetbrains/kotlin/psi/KtQualifiedExpression
instanceKlass org/jetbrains/kotlin/psi/stubs/KotlinNameReferenceExpressionStub
instanceKlass org/jetbrains/kotlin/psi/stubs/KotlinTypeProjectionStub
instanceKlass org/jetbrains/kotlin/psi/KtSimpleNameExpression
instanceKlass org/jetbrains/kotlin/psi/KtReferenceExpression
instanceKlass org/jetbrains/kotlin/psi/stubs/impl/KotlinTypeBean
instanceKlass org/jetbrains/kotlin/types/model/KotlinTypeMarker
instanceKlass org/jetbrains/kotlin/psi/stubs/KotlinUserTypeStub
instanceKlass org/jetbrains/kotlin/psi/KtTypeElement
instanceKlass org/jetbrains/kotlin/psi/stubs/KotlinModifierListStub
instanceKlass org/jetbrains/kotlin/psi/stubs/KotlinImportAliasStub
instanceKlass org/jetbrains/kotlin/psi/KtImportInfo$ImportContent
instanceKlass org/jetbrains/kotlin/psi/KtImportInfo
instanceKlass org/jetbrains/kotlin/psi/stubs/KotlinImportDirectiveStub
instanceKlass org/jetbrains/kotlin/psi/KtAnnotationsContainer
instanceKlass org/jetbrains/kotlin/psi/stubs/KotlinAnnotationUseSiteTargetStub
instanceKlass org/jetbrains/kotlin/psi/KtCallElement
instanceKlass org/jetbrains/kotlin/psi/stubs/KotlinAnnotationEntryStub
instanceKlass org/jetbrains/kotlin/psi/stubs/KotlinTypeParameterStub
instanceKlass org/jetbrains/kotlin/psi/stubs/KotlinParameterStub
instanceKlass org/jetbrains/kotlin/psi/stubs/KotlinConstructorStub
instanceKlass org/jetbrains/kotlin/psi/KtAnonymousInitializer
instanceKlass org/jetbrains/kotlin/psi/stubs/KotlinPlaceHolderStub
instanceKlass org/jetbrains/kotlin/psi/stubs/KotlinObjectStub
instanceKlass org/jetbrains/kotlin/psi/stubs/KotlinTypeAliasStub
instanceKlass org/jetbrains/kotlin/psi/stubs/KotlinBackingFieldStub
instanceKlass org/jetbrains/kotlin/psi/stubs/KotlinPropertyAccessorStub
instanceKlass org/jetbrains/kotlin/psi/KtVariableDeclaration
instanceKlass org/jetbrains/kotlin/psi/KtValVarKeywordOwner
instanceKlass org/jetbrains/kotlin/psi/stubs/KotlinPropertyStub
instanceKlass org/jetbrains/kotlin/psi/KtFunction
instanceKlass org/jetbrains/kotlin/psi/KtDeclarationWithBody
instanceKlass org/jetbrains/kotlin/psi/KtCallableDeclaration
instanceKlass org/jetbrains/kotlin/psi/KtDeclarationWithInitializer
instanceKlass org/jetbrains/kotlin/psi/stubs/KotlinFunctionStub
instanceKlass org/jetbrains/kotlin/psi/stubs/KotlinCallableStubBase
instanceKlass  @bci org/jetbrains/kotlin/psi/stubs/elements/KtStubElementType <init> (Ljava/lang/String;Ljava/lang/Class;Ljava/lang/Class;)V 125 <appendix> member <vmtarget> ; # org/jetbrains/kotlin/psi/stubs/elements/KtStubElementType$$Lambda+0x00000193811aed40
instanceKlass org/jetbrains/kotlin/com/intellij/psi/impl/source/SubstrateRef
instanceKlass org/jetbrains/kotlin/psi/stubs/KotlinClassStub
instanceKlass org/jetbrains/kotlin/psi/stubs/KotlinClassOrObjectStub
instanceKlass org/jetbrains/kotlin/psi/stubs/KotlinStubWithFqName
instanceKlass org/jetbrains/kotlin/com/intellij/psi/stubs/NamedStub
instanceKlass org/jetbrains/kotlin/psi/stubs/KotlinClassifierStub
instanceKlass org/jetbrains/kotlin/com/intellij/psi/StubBasedPsiElement
instanceKlass org/jetbrains/kotlin/psi/KtTypeParameterListOwner
instanceKlass org/jetbrains/kotlin/psi/KtPureClassOrObject
instanceKlass org/jetbrains/kotlin/psi/KtClassLikeDeclaration
instanceKlass org/jetbrains/kotlin/psi/KtNamedDeclaration
instanceKlass org/jetbrains/kotlin/psi/KtStatementExpression
instanceKlass org/jetbrains/kotlin/psi/KtNamed
instanceKlass org/jetbrains/kotlin/psi/KtDeclaration
instanceKlass org/jetbrains/kotlin/psi/KtModifierListOwner
instanceKlass org/jetbrains/kotlin/psi/KtExpression
instanceKlass org/jetbrains/kotlin/psi/stubs/elements/KtStubElementTypes
instanceKlass org/jetbrains/kotlin/psi/stubs/elements/KtTokenSets
instanceKlass org/jetbrains/kotlin/com/intellij/psi/tree/TokenSet
instanceKlass org/jetbrains/kotlin/psi/KtFile$Companion
instanceKlass  @bci java/util/Comparator comparing (Ljava/util/function/Function;)Ljava/util/Comparator; 6 <appendix> member <vmtarget> ; # java/util/Comparator$$Lambda+0x000001938106baf0
instanceKlass  @bci org/jetbrains/kotlin/com/intellij/psi/impl/source/PsiFileImpl <clinit> ()V 37 <appendix> argL0 ; # org/jetbrains/kotlin/com/intellij/psi/impl/source/PsiFileImpl$$Lambda+0x0000019381198000
instanceKlass org/jetbrains/kotlin/com/intellij/psi/impl/source/StubbedSpine
instanceKlass org/jetbrains/kotlin/psi/KtDeclarationContainer
instanceKlass org/jetbrains/kotlin/psi/KtAnnotated
instanceKlass org/jetbrains/kotlin/psi/KtElement
instanceKlass org/jetbrains/kotlin/psi/KtPureElement
instanceKlass org/jetbrains/kotlin/com/intellij/psi/PsiModifiableCodeBlock
instanceKlass org/jetbrains/kotlin/com/intellij/psi/PsiClassOwner
instanceKlass org/jetbrains/kotlin/com/intellij/util/keyFMap/PairElementsFMap
instanceKlass  @bci org/jetbrains/kotlin/com/intellij/util/ConcurrencyUtil cacheOrGet (Ljava/util/concurrent/atomic/AtomicReference;Ljava/lang/Object;)Ljava/lang/Object; 40 <appendix> member <vmtarget> ; # org/jetbrains/kotlin/com/intellij/util/ConcurrencyUtil$$Lambda+0x000001938118dc58
instanceKlass org/jetbrains/kotlin/com/intellij/psi/AbstractFileViewProvider$VirtualFileContent
instanceKlass org/jetbrains/kotlin/com/intellij/psi/PsiLock
instanceKlass org/jetbrains/kotlin/com/intellij/psi/PsiLargeBinaryFile
instanceKlass org/jetbrains/kotlin/com/intellij/psi/PsiLargeFile
instanceKlass org/jetbrains/kotlin/com/intellij/psi/PsiBinaryFile
instanceKlass org/jetbrains/kotlin/com/intellij/psi/AbstractFileViewProvider$Content
instanceKlass org/jetbrains/kotlin/com/intellij/util/containers/ContainerUtilRt
instanceKlass org/jetbrains/kotlin/com/intellij/model/ModelBranch
instanceKlass org/jetbrains/kotlin/com/intellij/injected/editor/VirtualFileWindow
instanceKlass kotlin/collections/AbstractIterator$WhenMappings
instanceKlass kotlin/io/FileTreeWalk$WalkState
instanceKlass kotlin/collections/AbstractIterator
instanceKlass kotlin/io/FileTreeWalk
instanceKlass  @bci org/jetbrains/kotlin/com/intellij/openapi/vfs/local/CoreLocalVirtualFile <init> (Lorg/jetbrains/kotlin/com/intellij/openapi/vfs/local/CoreLocalFileSystem;Ljava/io/File;)V 40 <appendix> member <vmtarget> ; # org/jetbrains/kotlin/com/intellij/openapi/vfs/local/CoreLocalVirtualFile$$Lambda+0x000001938118a250
instanceKlass  @cpi org/jetbrains/kotlin/com/intellij/openapi/vfs/local/CoreLocalVirtualFile 48 form vmentry <vmtarget> ; # java/lang/invoke/LambdaForm$DMH+0x000001938118c000
instanceKlass kotlin/io/FilePathComponents
instanceKlass kotlin/io/FilesKt__FilePathComponentsKt
instanceKlass org/jetbrains/kotlin/extensions/PreprocessedFileCreator
instanceKlass  @bci org/jetbrains/kotlin/com/intellij/openapi/util/KeyedExtensionCollector buildExtensions (Ljava/lang/String;Ljava/lang/Object;)Ljava/util/List; 70 <appendix> member <vmtarget> ; # org/jetbrains/kotlin/com/intellij/openapi/util/KeyedExtensionCollector$$Lambda+0x00000193811885e8
instanceKlass java/util/AbstractList$Itr
instanceKlass org/jetbrains/kotlin/com/intellij/openapi/util/KeyedExtensionCollector$MyExtensionPointListener
instanceKlass org/jetbrains/kotlin/cli/jvm/compiler/CoreEnvironmentUtilsKt
instanceKlass org/jetbrains/kotlin/resolve/lazy/declarations/DeclarationProviderFactoryService$Companion
instanceKlass org/jetbrains/kotlin/resolve/lazy/declarations/DeclarationProviderFactoryService
instanceKlass org/jetbrains/kotlin/com/intellij/diagnostic/Activity
instanceKlass org/jetbrains/kotlin/com/intellij/diagnostic/StartUpMeasurer
instanceKlass org/jetbrains/kotlin/cli/jvm/compiler/CliModuleAnnotationsResolver
instanceKlass org/jetbrains/kotlin/resolve/ModuleAnnotationsResolver
instanceKlass org/jetbrains/kotlin/resolve/jvm/KotlinJavaPsiFacade$2
instanceKlass org/jetbrains/kotlin/resolve/jvm/KotlinJavaPsiFacade$1
instanceKlass  @bci org/jetbrains/kotlin/resolve/jvm/KotlinJavaPsiFacade <init> (Lorg/jetbrains/kotlin/com/intellij/openapi/project/Project;)V 47 <appendix> member <vmtarget> ; # org/jetbrains/kotlin/resolve/jvm/KotlinJavaPsiFacade$$Lambda+0x0000019381186430
instanceKlass  @cpi org/jetbrains/kotlin/resolve/jvm/KotlinJavaPsiFacade 121 form vmentry <vmtarget> ; # java/lang/invoke/LambdaForm$DMH+0x0000019381178800
instanceKlass org/jetbrains/kotlin/com/intellij/psi/PsiModifierList
instanceKlass org/jetbrains/kotlin/resolve/jvm/NotFoundPackagesCachingStrategy$Default
instanceKlass  @bci org/jetbrains/kotlin/com/intellij/psi/PsiElement <clinit> ()V 7 <appendix> argL0 ; # org/jetbrains/kotlin/com/intellij/psi/PsiElement$$Lambda+0x0000019381182de8
instanceKlass  @bci org/jetbrains/kotlin/com/intellij/psi/impl/ElementBase <clinit> ()V 16 <appendix> argL0 ; # org/jetbrains/kotlin/com/intellij/psi/impl/ElementBase$$Lambda+0x0000019381179c50
instanceKlass  @bci org/jetbrains/kotlin/com/intellij/util/AstLoadingFilter <clinit> ()V 18 <bsm> form vmentry <vmtarget> ; # java/lang/invoke/LambdaForm$DMH+0x0000019381178400
instanceKlass  @bci org/jetbrains/kotlin/com/intellij/psi/impl/ElementBase <clinit> ()V 8 <appendix> argL0 ; # org/jetbrains/kotlin/com/intellij/psi/impl/ElementBase$$Lambda+0x0000019381179a10
instanceKlass org/jetbrains/kotlin/com/intellij/psi/impl/ElementBase$ElementIconRequest
instanceKlass org/jetbrains/kotlin/load/java/structure/JavaClass
instanceKlass org/jetbrains/kotlin/load/java/structure/JavaTypeParameterListOwner
instanceKlass org/jetbrains/kotlin/load/java/structure/JavaModifierListOwner
instanceKlass org/jetbrains/kotlin/load/java/structure/JavaClassifier
instanceKlass org/jetbrains/kotlin/load/java/structure/JavaNamedElement
instanceKlass org/jetbrains/kotlin/load/java/structure/JavaAnnotationOwner
instanceKlass org/jetbrains/kotlin/load/java/structure/JavaElement
instanceKlass org/jetbrains/kotlin/resolve/jvm/KotlinJavaPsiFacade$KotlinPsiElementFinderWrapperImpl
instanceKlass org/jetbrains/kotlin/resolve/jvm/KotlinJavaPsiFacade$KotlinPsiElementFinderWrapper
instanceKlass org/jetbrains/kotlin/resolve/jvm/NotFoundPackagesCachingStrategy
instanceKlass org/jetbrains/kotlin/resolve/jvm/KotlinJavaPsiFacade
instanceKlass org/jetbrains/kotlin/load/java/structure/impl/source/JavaElementSourceFactory
instanceKlass org/jetbrains/kotlin/cli/common/CliModuleVisibilityManagerImpl
instanceKlass org/jetbrains/kotlin/load/kotlin/ModuleVisibilityManager
instanceKlass org/jetbrains/kotlin/compiler/plugin/CompilerPluginRegistrarKt
instanceKlass org/jetbrains/kotlin/compiler/plugin/CompilerPluginRegistrar$ExtensionStorage
instanceKlass java/util/Collections$UnmodifiableCollection$1
instanceKlass org/jetbrains/kotlin/fir/extensions/FirAnalysisHandlerExtension
instanceKlass org/jetbrains/kotlin/resolve/extensions/AssignResolutionAltererExtension
instanceKlass org/jetbrains/kotlin/extensions/AnnotationBasedExtension
instanceKlass org/jetbrains/kotlin/types/DefaultTypeAttributeTranslator
instanceKlass org/jetbrains/kotlin/types/extensions/TypeAttributeTranslators
instanceKlass org/jetbrains/kotlin/extensions/TypeAttributeTranslatorExtension
instanceKlass org/jetbrains/kotlin/types/TypeAttributeTranslator
instanceKlass org/jetbrains/kotlin/fir/extensions/FirExtensionRegistrarAdapter
instanceKlass org/jetbrains/kotlin/serialization/DescriptorSerializerPlugin
instanceKlass org/jetbrains/kotlin/extensions/internal/CallResolutionInterceptorExtension
instanceKlass org/jetbrains/kotlin/extensions/internal/CandidateInterceptor
instanceKlass org/jetbrains/kotlin/extensions/internal/TypeResolutionInterceptorExtension
instanceKlass org/jetbrains/kotlin/extensions/internal/TypeResolutionInterceptor
instanceKlass org/jetbrains/kotlin/cli/common/extensions/ShellExtension
instanceKlass org/jetbrains/kotlin/cli/common/extensions/ScriptEvaluationExtension
instanceKlass org/jetbrains/kotlin/backend/common/extensions/IrGenerationExtension
instanceKlass org/jetbrains/kotlin/ir/linkage/IrDeserializer$IrLinkerExtension
instanceKlass org/jetbrains/kotlin/resolve/extensions/ExtraImportsProviderExtension
instanceKlass org/jetbrains/kotlin/extensions/ProcessSourcesBeforeCompilingExtension
instanceKlass org/jetbrains/kotlin/extensions/CollectAdditionalSourcesExtension
instanceKlass org/jetbrains/kotlin/extensions/CompilerConfigurationExtension
instanceKlass org/jetbrains/kotlin/js/translate/extensions/JsSyntheticTranslateExtension
instanceKlass org/jetbrains/kotlin/extensions/PreprocessedVirtualFileFactoryExtension
instanceKlass org/jetbrains/kotlin/extensions/DeclarationAttributeAltererExtension
instanceKlass org/jetbrains/kotlin/extensions/StorageComponentContainerContributor
instanceKlass org/jetbrains/kotlin/resolve/jvm/extensions/PackageFragmentProviderExtension
instanceKlass org/jetbrains/kotlin/resolve/jvm/extensions/AnalysisHandlerExtension
instanceKlass org/jetbrains/kotlin/resolve/extensions/AnalysisHandlerExtension
instanceKlass org/jetbrains/kotlin/codegen/extensions/ClassFileFactoryFinalizerExtension
instanceKlass org/jetbrains/kotlin/backend/jvm/extensions/ClassGeneratorExtension
instanceKlass org/jetbrains/kotlin/codegen/extensions/ClassBuilderInterceptorExtension
instanceKlass org/jetbrains/kotlin/resolve/jvm/extensions/SyntheticJavaResolveExtension
instanceKlass org/jetbrains/kotlin/resolve/extensions/SyntheticResolveExtension
instanceKlass org/jetbrains/kotlin/extensions/ProjectExtensionDescriptor
instanceKlass org/jetbrains/kotlin/codegen/extensions/ExpressionCodegenExtension
instanceKlass  @bci jdk/internal/reflect/MethodHandleIntegerFieldAccessorImpl setInt (Ljava/lang/Object;I)V 29 <adapter> ; # java/lang/invoke/LambdaForm$MH+0x0000019381178000
instanceKlass org/jetbrains/kotlin/com/intellij/openapi/util/io/FileUtilRt$2
instanceKlass java/util/Random
instanceKlass java/util/random/RandomGenerator
instanceKlass org/jetbrains/kotlin/com/intellij/openapi/util/io/FileUtilRt$RepeatableIOOperation
instanceKlass java/nio/channels/WritableByteChannel
instanceKlass java/nio/channels/Channel
instanceKlass java/io/FileFilter
instanceKlass org/jetbrains/kotlin/com/intellij/openapi/util/io/FileUtilRt
instanceKlass org/jetbrains/kotlin/com/intellij/openapi/vfs/PersistentFSConstants
instanceKlass  @bci org/jetbrains/kotlin/com/intellij/lang/jvm/facade/JvmFacadeImpl <init> (Lorg/jetbrains/kotlin/com/intellij/openapi/project/Project;Lorg/jetbrains/kotlin/com/intellij/util/messages/MessageBus;)V 52 <appendix> member <vmtarget> ; # org/jetbrains/kotlin/com/intellij/lang/jvm/facade/JvmFacadeImpl$$Lambda+0x0000019381173688
instanceKlass org/jetbrains/kotlin/com/intellij/psi/impl/source/DummyHolderFactory$DefaultFactory
instanceKlass org/jetbrains/kotlin/com/intellij/psi/impl/source/DummyHolderFactory
instanceKlass org/jetbrains/kotlin/com/intellij/psi/PsiImportHolder
instanceKlass org/jetbrains/kotlin/com/intellij/psi/impl/source/PsiFileWithStubSupport
instanceKlass org/jetbrains/kotlin/com/intellij/psi/impl/PsiFileEx
instanceKlass org/jetbrains/kotlin/com/intellij/openapi/ui/Queryable
instanceKlass org/jetbrains/kotlin/com/intellij/psi/impl/source/JavaDummyHolderFactory
instanceKlass  @bci org/jetbrains/kotlin/com/intellij/psi/impl/JavaPsiFacadeImpl <init> (Lorg/jetbrains/kotlin/com/intellij/openapi/project/Project;)V 99 <appendix> member <vmtarget> ; # org/jetbrains/kotlin/com/intellij/psi/impl/JavaPsiFacadeImpl$$Lambda+0x000001938116ddb8
instanceKlass  @bci org/jetbrains/kotlin/com/intellij/psi/impl/JavaPsiFacadeImpl <init> (Lorg/jetbrains/kotlin/com/intellij/openapi/project/Project;)V 62 <appendix> member <vmtarget> ; # org/jetbrains/kotlin/com/intellij/psi/impl/JavaPsiFacadeImpl$$Lambda+0x000001938116db90
instanceKlass org/jetbrains/kotlin/com/intellij/lang/jvm/facade/JvmFacadeImpl
instanceKlass org/jetbrains/kotlin/com/intellij/lang/jvm/facade/JvmFacade
instanceKlass org/jetbrains/kotlin/com/intellij/psi/impl/source/HolderFactory
instanceKlass org/jetbrains/kotlin/com/intellij/psi/PsiConstantEvaluationHelper
instanceKlass org/jetbrains/kotlin/com/intellij/psi/JavaPsiFacade
instanceKlass org/jetbrains/kotlin/cli/jvm/compiler/MockInferredAnnotationsManager$Companion
instanceKlass org/jetbrains/kotlin/com/intellij/codeInsight/InferredAnnotationsManager
instanceKlass org/jetbrains/kotlin/com/intellij/codeInsight/ExternalAnnotationsListener
instanceKlass org/jetbrains/kotlin/com/intellij/codeInsight/ExternalAnnotationsManager
instanceKlass org/jetbrains/kotlin/com/intellij/util/Processor
instanceKlass org/jetbrains/kotlin/asJava/finder/JavaElementFinder$Companion
instanceKlass org/jetbrains/kotlin/resolve/jvm/KotlinFinderMarker
instanceKlass org/jetbrains/kotlin/asJava/KotlinAsJavaSupport$Companion
instanceKlass org/jetbrains/kotlin/asJava/KotlinAsJavaSupport
instanceKlass org/jetbrains/kotlin/asJava/classes/ImplUtilsKt
instanceKlass org/jetbrains/kotlin/asJava/LightClassGenerationSupport$Companion
instanceKlass org/jetbrains/kotlin/asJava/LightClassGenerationSupport
instanceKlass org/jetbrains/kotlin/resolve/jvm/JvmCodeAnalyzerInitializer
instanceKlass org/jetbrains/kotlin/resolve/CodeAnalyzerInitializer
instanceKlass org/jetbrains/kotlin/com/intellij/psi/impl/JvmPsiConversionHelperImpl
instanceKlass org/jetbrains/kotlin/com/intellij/psi/JvmPsiConversionHelper
instanceKlass  @bci org/jetbrains/kotlin/it/unimi/dsi/fastutil/objects/ObjectOpenHashSet <clinit> ()V 10 <appendix> argL0 ; # org/jetbrains/kotlin/it/unimi/dsi/fastutil/objects/ObjectOpenHashSet$$Lambda+0x0000019381168230
instanceKlass  @bci org/jetbrains/kotlin/it/unimi/dsi/fastutil/objects/ObjectOpenHashSet <clinit> ()V 5 <appendix> argL0 ; # org/jetbrains/kotlin/it/unimi/dsi/fastutil/objects/ObjectOpenHashSet$$Lambda+0x0000019381168000
instanceKlass  @bci org/jetbrains/kotlin/it/unimi/dsi/fastutil/objects/ObjectOpenHashSet <clinit> ()V 0 <appendix> argL0 ; # org/jetbrains/kotlin/it/unimi/dsi/fastutil/objects/ObjectOpenHashSet$$Lambda+0x0000019381158400
instanceKlass org/jetbrains/kotlin/com/intellij/util/containers/Interner
instanceKlass org/jetbrains/kotlin/utils/PlatformUtilsKt
instanceKlass org/jetbrains/kotlin/load/java/structure/impl/classFiles/BinaryClassSignatureParser
instanceKlass org/jetbrains/kotlin/com/intellij/openapi/util/RecursionManager$2
instanceKlass org/jetbrains/kotlin/com/intellij/util/containers/SoftKeySoftValueHashMap
instanceKlass  @bci org/jetbrains/kotlin/com/intellij/psi/search/ProjectScope <clinit> ()V 54 <appendix> argL0 ; # org/jetbrains/kotlin/com/intellij/psi/search/ProjectScope$$Lambda+0x0000019381165328
instanceKlass  @bci org/jetbrains/kotlin/com/intellij/psi/search/ProjectScope <clinit> ()V 41 <appendix> argL0 ; # org/jetbrains/kotlin/com/intellij/psi/search/ProjectScope$$Lambda+0x00000193811650e0
instanceKlass  @bci org/jetbrains/kotlin/com/intellij/psi/search/ProjectScope <clinit> ()V 28 <appendix> argL0 ; # org/jetbrains/kotlin/com/intellij/psi/search/ProjectScope$$Lambda+0x0000019381164e98
instanceKlass  @bci org/jetbrains/kotlin/com/intellij/psi/search/ProjectScope <clinit> ()V 15 <appendix> argL0 ; # org/jetbrains/kotlin/com/intellij/psi/search/ProjectScope$$Lambda+0x0000019381164c50
instanceKlass  @bci org/jetbrains/kotlin/com/intellij/psi/search/ProjectScope <clinit> ()V 2 <appendix> argL0 ; # org/jetbrains/kotlin/com/intellij/psi/search/ProjectScope$$Lambda+0x00000193811647d0
instanceKlass org/jetbrains/kotlin/com/intellij/util/NotNullFunction
instanceKlass org/jetbrains/kotlin/com/intellij/util/NullableFunction
instanceKlass org/jetbrains/kotlin/com/intellij/psi/search/ProjectScope
instanceKlass gnu/trove/TObjectHash$NULL
instanceKlass gnu/trove/TObjectObjectProcedure
instanceKlass gnu/trove/THash
instanceKlass gnu/trove/TObjectHashingStrategy
instanceKlass gnu/trove/Equality
instanceKlass org/jetbrains/kotlin/cli/jvm/compiler/KotlinCliJavaFileManagerImpl$Companion
instanceKlass org/jetbrains/kotlin/com/intellij/core/CoreJavaFileManager
instanceKlass org/jetbrains/kotlin/resolve/jvm/KotlinCliJavaFileManager
instanceKlass org/jetbrains/kotlin/com/intellij/psi/controlFlow/ControlFlowFactory$1
instanceKlass  @bci org/jetbrains/kotlin/com/intellij/util/containers/ConcurrentWeakKeySoftValueHashMap <clinit> ()V 0 <appendix> argL0 ; # org/jetbrains/kotlin/com/intellij/util/containers/ConcurrentWeakKeySoftValueHashMap$$Lambda+0x0000019381162098
instanceKlass org/jetbrains/kotlin/com/intellij/util/containers/ConcurrentWeakKeySoftValueHashMap$HardKey
instanceKlass org/jetbrains/kotlin/com/intellij/util/containers/ConcurrentWeakKeySoftValueHashMap$KeyReference
instanceKlass org/jetbrains/kotlin/com/intellij/util/containers/ConcurrentWeakKeySoftValueHashMap
instanceKlass org/jetbrains/kotlin/com/intellij/psi/controlFlow/ControlFlow
instanceKlass org/jetbrains/kotlin/com/intellij/psi/controlFlow/ControlFlowFactory
instanceKlass org/jetbrains/kotlin/com/intellij/psi/codeStyle/SuggestedNameInfo
instanceKlass org/jetbrains/kotlin/com/intellij/psi/codeStyle/JavaCodeStyleManager
instanceKlass org/jetbrains/kotlin/com/intellij/psi/codeStyle/JavaCodeStyleSettingsFacade
instanceKlass org/jetbrains/kotlin/com/intellij/psi/impl/source/resolve/JavaResolveCache$1
instanceKlass org/jetbrains/kotlin/com/intellij/psi/impl/source/resolve/JavaResolveCache
instanceKlass org/jetbrains/kotlin/com/intellij/util/lang/JavaVersion
instanceKlass  @bci org/jetbrains/kotlin/com/intellij/AbstractBundle getLazyMessage (Ljava/lang/String;[Ljava/lang/Object;)Ljava/util/function/Supplier; 21 <appendix> member <vmtarget> ; # org/jetbrains/kotlin/com/intellij/AbstractBundle$$Lambda+0x000001938115bc58
instanceKlass org/jetbrains/kotlin/com/intellij/util/containers/ConcurrentRefValueHashMap$ValueReference
instanceKlass org/jetbrains/kotlin/com/intellij/util/containers/ConcurrentRefValueHashMap
instanceKlass sun/util/locale/LanguageTag
instanceKlass java/util/ResourceBundle$Control
instanceKlass org/jetbrains/kotlin/com/intellij/AbstractBundle
instanceKlass org/jetbrains/kotlin/com/intellij/openapi/roots/LanguageLevelProjectExtension$LanguageLevelChangeListener
instanceKlass org/jetbrains/kotlin/com/intellij/openapi/roots/LanguageLevelProjectExtension
instanceKlass  @bci org/jetbrains/kotlin/com/intellij/openapi/util/RecursionManager <clinit> ()V 8 <appendix> argL0 ; # org/jetbrains/kotlin/com/intellij/openapi/util/RecursionManager$$Lambda+0x000001938115fbd0
instanceKlass org/jetbrains/kotlin/com/intellij/openapi/util/RecursionManager$CalculationStack
instanceKlass org/jetbrains/kotlin/com/intellij/openapi/util/RecursionGuard
instanceKlass org/jetbrains/kotlin/com/intellij/openapi/util/RecursionGuard$StackStamp
instanceKlass org/jetbrains/kotlin/com/intellij/openapi/util/RecursionManager
instanceKlass org/jetbrains/kotlin/com/intellij/psi/PsiInferenceHelper
instanceKlass org/jetbrains/kotlin/com/intellij/psi/scope/processor/FilterScopeProcessor
instanceKlass org/jetbrains/kotlin/com/intellij/psi/scope/PsiScopeProcessor
instanceKlass org/jetbrains/kotlin/com/intellij/psi/scope/NameHint
instanceKlass org/jetbrains/kotlin/com/intellij/psi/scope/ElementClassHint
instanceKlass org/jetbrains/kotlin/com/intellij/psi/impl/source/resolve/PsiResolveHelperImpl
instanceKlass org/jetbrains/kotlin/com/intellij/psi/PsiResolveHelper
instanceKlass org/jetbrains/kotlin/com/intellij/psi/impl/JavaPsiImplementationHelper
instanceKlass org/jetbrains/kotlin/com/intellij/psi/impl/PsiElementFactoryImpl$1
instanceKlass  @bci org/jetbrains/kotlin/com/intellij/psi/impl/PsiElementFactoryImpl <clinit> ()V 16 <appendix> argL0 ; # org/jetbrains/kotlin/com/intellij/psi/impl/PsiElementFactoryImpl$$Lambda+0x000001938115c220
instanceKlass  @bci org/jetbrains/kotlin/com/intellij/psi/PsiType <clinit> ()V 135 <appendix> argL0 ; # org/jetbrains/kotlin/com/intellij/psi/PsiType$$Lambda+0x000001938115c000
instanceKlass org/jetbrains/kotlin/com/intellij/psi/TypeAnnotationProvider$1
instanceKlass org/jetbrains/kotlin/com/intellij/psi/TypeAnnotationProvider$Static
instanceKlass org/jetbrains/kotlin/com/intellij/psi/TypeAnnotationProvider
instanceKlass  @bci org/jetbrains/kotlin/com/intellij/psi/PsiAnnotation <clinit> ()V 7 <appendix> argL0 ; # org/jetbrains/kotlin/com/intellij/psi/PsiAnnotation$$Lambda+0x0000019381157090
instanceKlass org/jetbrains/kotlin/com/intellij/psi/PsiAnnotation
instanceKlass org/jetbrains/kotlin/com/intellij/lang/jvm/types/JvmPrimitiveTypeKind
instanceKlass org/jetbrains/kotlin/com/intellij/lang/jvm/JvmAnnotation
instanceKlass  @bci org/jetbrains/kotlin/com/intellij/psi/impl/PsiJavaParserFacadeImpl <clinit> ()V 132 <appendix> argL0 ; # org/jetbrains/kotlin/com/intellij/psi/impl/PsiJavaParserFacadeImpl$$Lambda+0x0000019381155c90
instanceKlass  @bci org/jetbrains/kotlin/com/intellij/psi/impl/PsiJavaParserFacadeImpl <clinit> ()V 124 <appendix> argL0 ; # org/jetbrains/kotlin/com/intellij/psi/impl/PsiJavaParserFacadeImpl$$Lambda+0x0000019381155a70
instanceKlass  @bci org/jetbrains/kotlin/com/intellij/psi/impl/PsiJavaParserFacadeImpl <clinit> ()V 116 <appendix> argL0 ; # org/jetbrains/kotlin/com/intellij/psi/impl/PsiJavaParserFacadeImpl$$Lambda+0x0000019381155850
instanceKlass  @bci org/jetbrains/kotlin/com/intellij/psi/impl/PsiJavaParserFacadeImpl <clinit> ()V 108 <appendix> argL0 ; # org/jetbrains/kotlin/com/intellij/psi/impl/PsiJavaParserFacadeImpl$$Lambda+0x0000019381155630
instanceKlass  @bci org/jetbrains/kotlin/com/intellij/psi/impl/PsiJavaParserFacadeImpl <clinit> ()V 100 <appendix> argL0 ; # org/jetbrains/kotlin/com/intellij/psi/impl/PsiJavaParserFacadeImpl$$Lambda+0x0000019381155410
instanceKlass  @bci org/jetbrains/kotlin/com/intellij/psi/impl/PsiJavaParserFacadeImpl <clinit> ()V 92 <appendix> argL0 ; # org/jetbrains/kotlin/com/intellij/psi/impl/PsiJavaParserFacadeImpl$$Lambda+0x00000193811551f0
instanceKlass  @bci org/jetbrains/kotlin/com/intellij/psi/impl/PsiJavaParserFacadeImpl <clinit> ()V 84 <appendix> argL0 ; # org/jetbrains/kotlin/com/intellij/psi/impl/PsiJavaParserFacadeImpl$$Lambda+0x0000019381154fd0
instanceKlass  @bci org/jetbrains/kotlin/com/intellij/psi/impl/PsiJavaParserFacadeImpl <clinit> ()V 76 <appendix> argL0 ; # org/jetbrains/kotlin/com/intellij/psi/impl/PsiJavaParserFacadeImpl$$Lambda+0x0000019381154db0
instanceKlass  @bci org/jetbrains/kotlin/com/intellij/psi/impl/PsiJavaParserFacadeImpl <clinit> ()V 68 <appendix> argL0 ; # org/jetbrains/kotlin/com/intellij/psi/impl/PsiJavaParserFacadeImpl$$Lambda+0x0000019381154b90
instanceKlass  @bci org/jetbrains/kotlin/com/intellij/psi/impl/PsiJavaParserFacadeImpl <clinit> ()V 60 <appendix> argL0 ; # org/jetbrains/kotlin/com/intellij/psi/impl/PsiJavaParserFacadeImpl$$Lambda+0x0000019381154970
instanceKlass  @bci org/jetbrains/kotlin/com/intellij/psi/impl/PsiJavaParserFacadeImpl <clinit> ()V 52 <appendix> argL0 ; # org/jetbrains/kotlin/com/intellij/psi/impl/PsiJavaParserFacadeImpl$$Lambda+0x0000019381154750
instanceKlass  @bci org/jetbrains/kotlin/com/intellij/psi/impl/PsiJavaParserFacadeImpl <clinit> ()V 44 <appendix> argL0 ; # org/jetbrains/kotlin/com/intellij/psi/impl/PsiJavaParserFacadeImpl$$Lambda+0x0000019381154530
instanceKlass  @bci org/jetbrains/kotlin/com/intellij/psi/impl/PsiJavaParserFacadeImpl <clinit> ()V 36 <appendix> argL0 ; # org/jetbrains/kotlin/com/intellij/psi/impl/PsiJavaParserFacadeImpl$$Lambda+0x0000019381154310
instanceKlass  @bci org/jetbrains/kotlin/com/intellij/psi/impl/PsiJavaParserFacadeImpl <clinit> ()V 28 <appendix> argL0 ; # org/jetbrains/kotlin/com/intellij/psi/impl/PsiJavaParserFacadeImpl$$Lambda+0x00000193811540f0
instanceKlass  @cpi org/jetbrains/kotlin/com/intellij/psi/impl/PsiJavaParserFacadeImpl 666 form vmentry <vmtarget> ; # java/lang/invoke/LambdaForm$DMH+0x0000019381158000
instanceKlass org/jetbrains/kotlin/com/intellij/lang/java/parser/JavaParserUtil$ParserWrapper
instanceKlass org/jetbrains/kotlin/com/intellij/psi/PsiTypeElement
instanceKlass org/jetbrains/kotlin/com/intellij/psi/PsiImportStatementBase
instanceKlass org/jetbrains/kotlin/com/intellij/psi/PsiReferenceExpression
instanceKlass org/jetbrains/kotlin/com/intellij/psi/PsiExpression
instanceKlass org/jetbrains/kotlin/com/intellij/psi/PsiCaseLabelElement
instanceKlass org/jetbrains/kotlin/com/intellij/psi/PsiAnnotationMemberValue
instanceKlass org/jetbrains/kotlin/com/intellij/psi/PsiJavaCodeReferenceElement
instanceKlass org/jetbrains/kotlin/com/intellij/psi/PsiQualifiedReferenceElement
instanceKlass org/jetbrains/kotlin/com/intellij/psi/PsiQualifiedReference
instanceKlass org/jetbrains/kotlin/com/intellij/psi/PsiJavaReference
instanceKlass org/jetbrains/kotlin/com/intellij/psi/PsiPolyVariantReference
instanceKlass org/jetbrains/kotlin/com/intellij/lang/jvm/types/JvmReferenceType
instanceKlass org/jetbrains/kotlin/com/intellij/lang/jvm/types/JvmPrimitiveType
instanceKlass org/jetbrains/kotlin/com/intellij/psi/PsiType
instanceKlass org/jetbrains/kotlin/com/intellij/psi/PsiAnnotationOwner
instanceKlass org/jetbrains/kotlin/com/intellij/lang/jvm/types/JvmType
instanceKlass org/jetbrains/kotlin/com/intellij/psi/impl/PsiJavaParserFacadeImpl
instanceKlass org/jetbrains/kotlin/com/intellij/psi/PsiElementFactory
instanceKlass org/jetbrains/kotlin/com/intellij/psi/PsiJavaParserFacade
instanceKlass org/jetbrains/kotlin/com/intellij/psi/JVMElementFactory
instanceKlass org/jetbrains/kotlin/com/intellij/lang/injection/InjectedLanguageManager
instanceKlass org/jetbrains/kotlin/com/intellij/mock/MockDumbUtil
instanceKlass org/jetbrains/kotlin/com/intellij/openapi/project/DumbUtil
instanceKlass org/jetbrains/kotlin/com/intellij/psi/search/impl/VirtualFileEnumeration
instanceKlass org/jetbrains/kotlin/com/intellij/psi/search/impl/VirtualFileEnumerationAware
instanceKlass org/jetbrains/kotlin/com/intellij/psi/search/SearchScope
instanceKlass org/jetbrains/kotlin/com/intellij/psi/search/ProjectAwareFileFilter
instanceKlass org/jetbrains/kotlin/com/intellij/psi/PsiDirectory
instanceKlass org/jetbrains/kotlin/com/intellij/psi/impl/file/PsiDirectoryFactory
instanceKlass org/jetbrains/kotlin/com/intellij/psi/util/CachedValue
instanceKlass org/jetbrains/kotlin/com/intellij/psi/util/ParameterizedCachedValue
instanceKlass org/jetbrains/kotlin/com/intellij/psi/impl/PsiCachedValuesFactory
instanceKlass org/jetbrains/kotlin/com/intellij/psi/util/CachedValueProvider
instanceKlass org/jetbrains/kotlin/com/intellij/psi/util/CachedValuesManager
instanceKlass org/jetbrains/kotlin/com/intellij/psi/impl/source/tree/TreeElementVisitor
instanceKlass org/jetbrains/kotlin/com/intellij/psi/PsiFileFactory
instanceKlass org/jetbrains/kotlin/com/intellij/psi/impl/PsiToDocumentSynchronizer
instanceKlass  @bci org/jetbrains/kotlin/com/intellij/openapi/editor/event/DocumentListener <clinit> ()V 7 <appendix> argL0 ; # org/jetbrains/kotlin/com/intellij/openapi/editor/event/DocumentListener$$Lambda+0x0000019381148000
instanceKlass org/jetbrains/kotlin/com/intellij/psi/PsiRecursiveVisitor
instanceKlass org/jetbrains/kotlin/com/intellij/psi/PsiElementVisitor
instanceKlass org/jetbrains/kotlin/com/intellij/openapi/editor/event/DocumentListener
instanceKlass org/jetbrains/kotlin/com/intellij/psi/PsiDocumentManager
instanceKlass org/jetbrains/kotlin/com/intellij/core/MockDocumentCommitProcessor
instanceKlass org/jetbrains/kotlin/com/intellij/psi/impl/DocumentCommitProcessor
instanceKlass org/jetbrains/kotlin/com/intellij/psi/SmartPointerManager
instanceKlass org/jetbrains/kotlin/com/intellij/psi/impl/file/impl/FileManagerImpl$1
instanceKlass  @bci org/jetbrains/kotlin/com/intellij/psi/impl/file/impl/FileManagerImpl <init> (Lorg/jetbrains/kotlin/com/intellij/psi/impl/PsiManagerImpl;Lorg/jetbrains/kotlin/com/intellij/openapi/util/NotNullLazyValue;)V 93 <appendix> member <vmtarget> ; # org/jetbrains/kotlin/com/intellij/psi/impl/file/impl/FileManagerImpl$$Lambda+0x0000019381145970
instanceKlass  @bci org/jetbrains/kotlin/com/intellij/psi/impl/file/impl/FileManagerImpl <init> (Lorg/jetbrains/kotlin/com/intellij/psi/impl/PsiManagerImpl;Lorg/jetbrains/kotlin/com/intellij/openapi/util/NotNullLazyValue;)V 52 <appendix> argL0 ; # org/jetbrains/kotlin/com/intellij/psi/impl/file/impl/FileManagerImpl$$Lambda+0x0000019381145750
instanceKlass org/jetbrains/kotlin/com/intellij/openapi/util/Comparing
instanceKlass org/jetbrains/kotlin/com/intellij/openapi/fileTypes/CharsetUtil
instanceKlass org/jetbrains/kotlin/com/intellij/util/LocalTimeCounter
instanceKlass  @bci org/jetbrains/kotlin/com/intellij/openapi/extensions/impl/ExtensionPointImpl addExtensionPointListener (Lorg/jetbrains/kotlin/com/intellij/openapi/extensions/ExtensionPointListener;ZLorg/jetbrains/kotlin/com/intellij/openapi/Disposable;)V 50 <appendix> member <vmtarget> ; # org/jetbrains/kotlin/com/intellij/openapi/extensions/impl/ExtensionPointImpl$$Lambda+0x0000019381144f10
instanceKlass org/jetbrains/kotlin/com/intellij/openapi/extensions/ExtensionPointPriorityListener
instanceKlass org/jetbrains/kotlin/com/intellij/openapi/extensions/ExtensionPointUtil$1
instanceKlass org/jetbrains/kotlin/com/intellij/openapi/extensions/ExtensionPointUtil
instanceKlass  @bci org/jetbrains/kotlin/com/intellij/openapi/vfs/DeprecatedVirtualFileSystem startEventPropagation ()V 33 <appendix> member <vmtarget> ; # org/jetbrains/kotlin/com/intellij/openapi/vfs/DeprecatedVirtualFileSystem$$Lambda+0x0000019381144670
instanceKlass org/jetbrains/kotlin/com/intellij/openapi/vfs/NonPhysicalFileSystem
instanceKlass org/jetbrains/kotlin/com/intellij/psi/impl/file/impl/FileManagerImpl
instanceKlass org/jetbrains/kotlin/com/intellij/psi/util/PsiModificationTracker$SERVICE
instanceKlass  @bci org/jetbrains/kotlin/com/intellij/openapi/util/NotNullLazyValue createValue (Lorg/jetbrains/kotlin/com/intellij/openapi/util/NotNullFactory;)Lorg/jetbrains/kotlin/com/intellij/openapi/util/NotNullLazyValue; 14 <appendix> member <vmtarget> ; # org/jetbrains/kotlin/com/intellij/openapi/util/NotNullLazyValue$$Lambda+0x00000193811421b8
instanceKlass  @bci org/jetbrains/kotlin/com/intellij/psi/impl/PsiManagerImpl <init> (Lorg/jetbrains/kotlin/com/intellij/openapi/project/Project;)V 56 <appendix> member <vmtarget> ; # org/jetbrains/kotlin/com/intellij/psi/impl/PsiManagerImpl$$Lambda+0x0000019381141f78
instanceKlass org/jetbrains/kotlin/com/intellij/openapi/util/NotNullFactory
instanceKlass org/jetbrains/kotlin/com/intellij/openapi/util/Factory
instanceKlass org/jetbrains/kotlin/com/intellij/openapi/vfs/VirtualFileFilter$2
instanceKlass org/jetbrains/kotlin/com/intellij/openapi/vfs/VirtualFileFilter$1
instanceKlass org/jetbrains/kotlin/com/intellij/openapi/vfs/VirtualFileFilter
instanceKlass  @bci org/jetbrains/kotlin/com/intellij/openapi/util/LowMemoryWatcher register (Ljava/lang/Runnable;Lorg/jetbrains/kotlin/com/intellij/openapi/util/LowMemoryWatcher$LowMemoryWatcherType;Lorg/jetbrains/kotlin/com/intellij/openapi/Disposable;)V 36 <appendix> member <vmtarget> ; # org/jetbrains/kotlin/com/intellij/openapi/util/LowMemoryWatcher$$Lambda+0x0000019381141300
instanceKlass org/jetbrains/kotlin/com/intellij/openapi/util/LowMemoryWatcher
instanceKlass  @bci org/jetbrains/kotlin/com/intellij/psi/impl/source/resolve/ResolveCache <init> (Lorg/jetbrains/kotlin/com/intellij/openapi/project/Project;)V 47 <appendix> member <vmtarget> ; # org/jetbrains/kotlin/com/intellij/psi/impl/source/resolve/ResolveCache$$Lambda+0x0000019381140840
instanceKlass org/jetbrains/kotlin/com/intellij/psi/impl/source/resolve/ResolveCache$1
instanceKlass org/jetbrains/kotlin/com/intellij/psi/impl/AnyPsiChangeListener
instanceKlass org/jetbrains/kotlin/com/intellij/psi/impl/file/impl/FileManager
instanceKlass org/jetbrains/kotlin/com/intellij/openapi/wm/ex/ProgressIndicatorEx
instanceKlass java/util/concurrent/atomic/AtomicReferenceArray
instanceKlass org/jetbrains/kotlin/com/intellij/psi/ResolveResult
instanceKlass org/jetbrains/kotlin/com/intellij/psi/impl/source/resolve/ResolveCache$StrongValueReference
instanceKlass org/jetbrains/kotlin/com/intellij/util/containers/ConcurrentWeakKeySoftValueHashMap$ValueReference
instanceKlass org/jetbrains/kotlin/com/intellij/psi/PsiReference
instanceKlass org/jetbrains/kotlin/com/intellij/psi/impl/source/resolve/ResolveCache$AbstractResolver
instanceKlass org/jetbrains/kotlin/com/intellij/psi/impl/source/resolve/ResolveCache
instanceKlass org/jetbrains/kotlin/com/intellij/psi/impl/PsiModificationTrackerImpl$1
instanceKlass org/jetbrains/kotlin/com/intellij/openapi/project/DumbService$DumbModeListener
instanceKlass org/jetbrains/kotlin/com/intellij/openapi/project/DumbService
instanceKlass org/jetbrains/kotlin/com/intellij/psi/util/PsiModificationTracker$Listener
instanceKlass  @bci org/jetbrains/kotlin/com/intellij/util/containers/ConcurrentFactoryMap createWeakMap (Lorg/jetbrains/kotlin/com/intellij/util/Function;)Ljava/util/concurrent/ConcurrentMap; 10 <appendix> argL0 ; # org/jetbrains/kotlin/com/intellij/util/containers/ConcurrentFactoryMap$$Lambda+0x000001938113b180
instanceKlass  @bci org/jetbrains/kotlin/com/intellij/psi/impl/PsiModificationTrackerImpl <init> (Lorg/jetbrains/kotlin/com/intellij/openapi/project/Project;)V 35 <appendix> argL0 ; # org/jetbrains/kotlin/com/intellij/psi/impl/PsiModificationTrackerImpl$$Lambda+0x000001938113af60
instanceKlass org/jetbrains/kotlin/com/intellij/psi/impl/PsiModificationTrackerImpl
instanceKlass org/jetbrains/kotlin/com/intellij/psi/util/PsiModificationTracker
instanceKlass org/jetbrains/kotlin/com/intellij/lang/jvm/facade/JvmElementProvider
instanceKlass org/jetbrains/kotlin/com/intellij/psi/PsiElementFinder
instanceKlass org/jetbrains/kotlin/com/intellij/psi/impl/PsiTreeChangePreprocessor
instanceKlass org/jetbrains/kotlin/com/intellij/openapi/roots/PackageIndex
instanceKlass org/jetbrains/kotlin/com/intellij/psi/impl/file/impl/JavaFileManager
instanceKlass org/jetbrains/kotlin/com/intellij/openapi/roots/FileIndexFacade
instanceKlass org/jetbrains/kotlin/com/intellij/psi/impl/ResolveScopeManager
instanceKlass org/jetbrains/kotlin/com/intellij/psi/search/ProjectScopeBuilder
instanceKlass org/jetbrains/kotlin/com/intellij/util/CachedValuesFactory
instanceKlass org/jetbrains/kotlin/com/intellij/openapi/project/Project
instanceKlass org/jetbrains/kotlin/com/intellij/core/CoreProjectEnvironment
instanceKlass org/jetbrains/kotlin/cli/jvm/compiler/KotlinCoreEnvironment$Companion$getOrCreateApplicationEnvironment$1$2
instanceKlass  @bci org/jetbrains/kotlin/cli/jvm/compiler/KotlinCoreEnvironment$Companion getOrCreateApplicationEnvironment (Lorg/jetbrains/kotlin/com/intellij/openapi/Disposable;Lorg/jetbrains/kotlin/config/CompilerConfiguration;Z)Lorg/jetbrains/kotlin/cli/jvm/compiler/KotlinCoreApplicationEnvironment; 61 <appendix> argL0 ; # org/jetbrains/kotlin/cli/jvm/compiler/KotlinCoreEnvironment$Companion$$Lambda+0x000001938113c868
instanceKlass org/jetbrains/kotlin/com/intellij/openapi/application/TransactionGuard
instanceKlass org/jetbrains/kotlin/com/intellij/psi/util/JavaClassSupers
instanceKlass org/jetbrains/kotlin/load/kotlin/KotlinBinaryClassCache$Companion
instanceKlass org/jetbrains/kotlin/load/kotlin/KotlinBinaryClassCache
instanceKlass org/jetbrains/kotlin/psi/stubs/KotlinFileStub
instanceKlass org/jetbrains/kotlin/parsing/KotlinParserDefinition$Companion
instanceKlass org/jetbrains/kotlin/parsing/KotlinParserDefinition
instanceKlass  @bci org/jetbrains/kotlin/idea/KotlinFileType <init> ()V 8 <appendix> argL0 ; # org/jetbrains/kotlin/idea/KotlinFileType$$Lambda+0x0000019381136be0
instanceKlass javax/swing/Icon
instanceKlass org/jetbrains/kotlin/com/intellij/util/keyFMap/OneElementFMap
instanceKlass org/jetbrains/kotlin/com/intellij/openapi/extensions/impl/ExtensionProcessingHelper
instanceKlass  @bci org/jetbrains/kotlin/com/intellij/lang/LanguageUtil matchingMetaLanguages (Lorg/jetbrains/kotlin/com/intellij/lang/Language;)Ljava/util/Collection; 94 <appendix> member <vmtarget> ; # org/jetbrains/kotlin/com/intellij/lang/LanguageUtil$$Lambda+0x0000019381135fa8
instanceKlass  @cpi org/jetbrains/kotlin/com/intellij/lang/LanguageUtil 281 form vmentry <vmtarget> ; # java/lang/invoke/LambdaForm$DMH+0x0000019381138000
instanceKlass org/jetbrains/kotlin/com/intellij/openapi/util/BuildNumber
instanceKlass org/jetbrains/kotlin/com/intellij/ide/plugins/PluginContentDescriptor$Companion
instanceKlass org/jetbrains/kotlin/com/intellij/ide/plugins/PluginContentDescriptor
instanceKlass org/jetbrains/kotlin/com/intellij/ide/plugins/IdeaPluginDescriptorImpl$Companion
instanceKlass org/jetbrains/kotlin/com/intellij/ide/plugins/IdeaPluginDescriptorImpl
instanceKlass org/jetbrains/kotlin/com/intellij/ide/plugins/IdeaPluginDescriptor
instanceKlass org/jetbrains/kotlin/org/codehaus/stax2/ri/typed/ValueDecoderFactory
instanceKlass org/jetbrains/kotlin/com/fasterxml/aalto/in/ByteBasedPNameTable$Bucket
instanceKlass org/jetbrains/kotlin/com/intellij/openapi/extensions/ExtensionPointDescriptor
instanceKlass org/jetbrains/kotlin/com/fasterxml/aalto/util/DataUtil
instanceKlass kotlin/_Assertions
instanceKlass org/jetbrains/kotlin/com/fasterxml/aalto/in/ElementScope
instanceKlass org/jetbrains/kotlin/com/fasterxml/aalto/in/ByteBasedPNameFactory
instanceKlass org/jetbrains/kotlin/com/intellij/ide/plugins/ModuleDependenciesDescriptor$Companion
instanceKlass org/jetbrains/kotlin/com/intellij/ide/plugins/ModuleDependenciesDescriptor
instanceKlass org/jetbrains/kotlin/com/intellij/ide/plugins/ContainerDescriptor
instanceKlass org/jetbrains/kotlin/com/intellij/ide/plugins/RawPluginDescriptor
instanceKlass org/jetbrains/kotlin/com/fasterxml/aalto/util/BufferRecycler
instanceKlass org/jetbrains/kotlin/com/fasterxml/aalto/util/NameTable
instanceKlass org/jetbrains/kotlin/com/fasterxml/aalto/util/XmlCharTypes
instanceKlass org/jetbrains/kotlin/com/fasterxml/aalto/in/AttributeCollector
instanceKlass org/jetbrains/kotlin/com/fasterxml/aalto/util/TextBuilder
instanceKlass org/jetbrains/kotlin/com/fasterxml/aalto/in/FixedNsContext
instanceKlass org/jetbrains/kotlin/com/fasterxml/aalto/in/NsBinding
instanceKlass org/jetbrains/kotlin/com/fasterxml/aalto/in/PName
instanceKlass org/jetbrains/kotlin/org/codehaus/stax2/XMLStreamLocation2
instanceKlass org/jetbrains/kotlin/org/codehaus/stax2/typed/TypedValueDecoder
instanceKlass org/jetbrains/kotlin/com/fasterxml/aalto/stax/StreamReaderImpl
instanceKlass org/jetbrains/kotlin/org/codehaus/stax2/XMLStreamReader2
instanceKlass org/jetbrains/kotlin/org/codehaus/stax2/typed/TypedXMLStreamReader
instanceKlass javax/xml/stream/XMLStreamReader
instanceKlass org/jetbrains/kotlin/org/codehaus/stax2/LocationInfo
instanceKlass org/jetbrains/kotlin/com/fasterxml/aalto/in/XmlScanner
instanceKlass javax/xml/stream/XMLStreamConstants
instanceKlass javax/xml/namespace/NamespaceContext
instanceKlass javax/xml/stream/Location
instanceKlass org/jetbrains/kotlin/com/fasterxml/aalto/in/InputBootstrapper
instanceKlass org/jetbrains/kotlin/com/fasterxml/aalto/util/UriCanonicalizer
instanceKlass org/jetbrains/kotlin/com/fasterxml/aalto/in/ReaderConfig$EncodingContext
instanceKlass org/jetbrains/kotlin/com/fasterxml/aalto/impl/CommonConfig
instanceKlass org/jetbrains/kotlin/com/intellij/openapi/util/StaxFactory
instanceKlass org/jetbrains/kotlin/com/intellij/ide/plugins/XmlReader
instanceKlass org/jetbrains/kotlin/com/intellij/ide/plugins/JavaZipFileDataLoader
instanceKlass org/jetbrains/kotlin/com/intellij/platform/util/plugins/DataLoader
instanceKlass org/jetbrains/kotlin/com/intellij/util/lang/ZipFilePool
instanceKlass org/jetbrains/kotlin/com/intellij/ide/plugins/DescriptorListLoadingContext$threadLocalXmlFactory$1
instanceKlass org/jetbrains/kotlin/com/intellij/util/PlatformUtils
instanceKlass org/jetbrains/kotlin/com/intellij/ide/plugins/PluginDescriptorLoader$createPluginLoadingResult$1
instanceKlass org/jetbrains/kotlin/com/intellij/ide/plugins/PluginManagerCore
instanceKlass org/jetbrains/kotlin/com/intellij/ide/plugins/PluginLoadingResult
instanceKlass org/jetbrains/kotlin/com/intellij/ide/plugins/DescriptorListLoadingContext
instanceKlass org/jetbrains/kotlin/com/intellij/ide/plugins/ReadModuleContext
instanceKlass org/jetbrains/kotlin/com/intellij/ide/plugins/PluginXmlPathResolver$Companion
instanceKlass org/jetbrains/kotlin/com/intellij/ide/plugins/PluginXmlPathResolver
instanceKlass org/jetbrains/kotlin/com/intellij/ide/plugins/PathResolver
instanceKlass org/jetbrains/kotlin/com/intellij/ide/plugins/PluginDescriptorLoader
instanceKlass org/jetbrains/kotlin/com/intellij/psi/JavaModuleSystem
instanceKlass org/jetbrains/kotlin/com/intellij/psi/impl/compiled/ClsCustomNavigationPolicy
instanceKlass org/jetbrains/kotlin/cli/jvm/compiler/IdeaExtensionPoints
instanceKlass org/jetbrains/kotlin/com/intellij/psi/impl/smartPointers/SmartPointerAnchorProvider
instanceKlass org/jetbrains/kotlin/com/intellij/codeInsight/runner/JavaMainMethodProvider
instanceKlass org/jetbrains/kotlin/com/intellij/openapi/util/NotNullLazyValue
instanceKlass  @bci org/jetbrains/kotlin/com/intellij/psi/augment/PsiAugmentProvider <clinit> ()V 17 <appendix> argL0 ; # org/jetbrains/kotlin/com/intellij/psi/augment/PsiAugmentProvider$$Lambda+0x0000019381129228
instanceKlass org/jetbrains/kotlin/com/intellij/psi/augment/PsiAugmentProvider
instanceKlass org/jetbrains/kotlin/com/intellij/psi/meta/MetaDataContributor
instanceKlass org/jetbrains/kotlin/com/intellij/psi/FileContextProvider
instanceKlass org/jetbrains/kotlin/cli/jvm/compiler/DummyJavaFileCodeStyleFacadeFactory
instanceKlass org/jetbrains/kotlin/com/intellij/psi/codeStyle/JavaFileCodeStyleFacadeFactory
instanceKlass  @bci org/jetbrains/kotlin/com/intellij/openapi/fileTypes/BinaryFileTypeDecompilers notifyDecompilerSetChange ()V 3 <appendix> argL0 ; # org/jetbrains/kotlin/com/intellij/openapi/fileTypes/BinaryFileTypeDecompilers$$Lambda+0x0000019381127950
instanceKlass  @bci org/jetbrains/kotlin/com/intellij/openapi/fileTypes/BinaryFileTypeDecompilers <init> ()V 11 <appendix> member <vmtarget> ; # org/jetbrains/kotlin/com/intellij/openapi/fileTypes/BinaryFileTypeDecompilers$$Lambda+0x0000019381127728
instanceKlass org/jetbrains/kotlin/com/intellij/psi/FileViewProvider
instanceKlass org/jetbrains/kotlin/com/intellij/psi/compiled/ClsStubBuilder
instanceKlass org/jetbrains/kotlin/com/intellij/psi/compiled/ClassFileDecompilers$Full
instanceKlass  @bci org/jetbrains/kotlin/com/intellij/psi/compiled/ClassFileDecompilers <init> ()V 21 <appendix> argL0 ; # org/jetbrains/kotlin/com/intellij/psi/compiled/ClassFileDecompilers$$Lambda+0x0000019381126a60
instanceKlass java/util/TimSort
instanceKlass java/util/Arrays$LegacyMergeSort
instanceKlass  @bci org/jetbrains/kotlin/com/intellij/util/pico/CachingConstructorInjectionComponentAdapter getGreediestSatisfiableConstructor (Lorg/jetbrains/kotlin/org/picocontainer/ComponentAdapter;Lorg/jetbrains/kotlin/com/intellij/util/pico/DefaultPicoContainer;Ljava/lang/Class;)Ljava/lang/reflect/Constructor; 43 <appendix> argL0 ; # org/jetbrains/kotlin/com/intellij/util/pico/CachingConstructorInjectionComponentAdapter$$Lambda+0x00000193811267c8
instanceKlass java/lang/Class$AnnotationData
instanceKlass org/jetbrains/kotlin/com/intellij/openapi/components/Service
instanceKlass org/jetbrains/kotlin/com/intellij/psi/compiled/ClassFileDecompilers
instanceKlass org/jetbrains/kotlin/com/intellij/psi/compiled/ClassFileDecompilers$Decompiler
instanceKlass org/jetbrains/kotlin/com/intellij/psi/util/MethodSignature
instanceKlass org/jetbrains/kotlin/com/intellij/openapi/application/QueryExecutorBase
instanceKlass org/jetbrains/kotlin/com/intellij/util/QueryExecutor
instanceKlass org/jetbrains/kotlin/com/intellij/psi/search/searches/SuperMethodsSearch$1
instanceKlass org/jetbrains/kotlin/com/intellij/openapi/extensions/SmartExtensionPoint
instanceKlass org/jetbrains/kotlin/com/intellij/util/Query
instanceKlass org/jetbrains/kotlin/com/intellij/util/QueryFactory
instanceKlass  @bci org/jetbrains/kotlin/com/intellij/openapi/util/registry/Registry doGet (Ljava/lang/String;)Lorg/jetbrains/kotlin/com/intellij/openapi/util/registry/RegistryValue; 14 <appendix> member <vmtarget> ; # org/jetbrains/kotlin/com/intellij/openapi/util/registry/Registry$$Lambda+0x0000019381123808
instanceKlass org/jetbrains/kotlin/com/intellij/openapi/util/registry/RegistryValue
instanceKlass org/jetbrains/kotlin/com/intellij/openapi/util/registry/Registry
instanceKlass org/jetbrains/kotlin/com/intellij/lang/folding/FoldingBuilderEx
instanceKlass org/jetbrains/kotlin/com/intellij/openapi/project/PossiblyDumbAware
instanceKlass org/jetbrains/kotlin/com/intellij/openapi/project/DumbAware
instanceKlass org/jetbrains/kotlin/com/intellij/lang/folding/FoldingBuilder
instanceKlass org/jetbrains/kotlin/com/intellij/codeInsight/folding/JavaCodeFoldingSettings
instanceKlass org/jetbrains/kotlin/com/intellij/psi/PsiParameter
instanceKlass org/jetbrains/kotlin/com/intellij/lang/jvm/JvmParameter
instanceKlass org/jetbrains/kotlin/com/intellij/psi/presentation/java/VariablePresentationProvider
instanceKlass org/jetbrains/kotlin/com/intellij/psi/PsiLocalVariable
instanceKlass org/jetbrains/kotlin/com/intellij/psi/presentation/java/FieldPresentationProvider
instanceKlass org/jetbrains/kotlin/com/intellij/psi/PsiField
instanceKlass org/jetbrains/kotlin/com/intellij/psi/PsiVariable
instanceKlass org/jetbrains/kotlin/com/intellij/lang/jvm/JvmField
instanceKlass org/jetbrains/kotlin/com/intellij/psi/presentation/java/MethodPresentationProvider
instanceKlass org/jetbrains/kotlin/com/intellij/psi/PsiMethod
instanceKlass org/jetbrains/kotlin/com/intellij/psi/PsiParameterListOwner
instanceKlass org/jetbrains/kotlin/com/intellij/lang/jvm/JvmMethod
instanceKlass org/jetbrains/kotlin/com/intellij/psi/presentation/java/ClassPresentationProvider
instanceKlass org/jetbrains/kotlin/com/intellij/psi/PsiClass
instanceKlass org/jetbrains/kotlin/com/intellij/psi/PsiTypeParameterListOwner
instanceKlass org/jetbrains/kotlin/com/intellij/psi/PsiJvmMember
instanceKlass org/jetbrains/kotlin/com/intellij/psi/PsiTarget
instanceKlass org/jetbrains/kotlin/com/intellij/psi/PsiNameIdentifierOwner
instanceKlass org/jetbrains/kotlin/com/intellij/psi/PsiDocCommentOwner
instanceKlass org/jetbrains/kotlin/com/intellij/psi/PsiMember
instanceKlass org/jetbrains/kotlin/com/intellij/psi/PsiJavaDocumentedElement
instanceKlass org/jetbrains/kotlin/com/intellij/pom/PomRenameableTarget
instanceKlass org/jetbrains/kotlin/com/intellij/pom/PomNamedTarget
instanceKlass org/jetbrains/kotlin/com/intellij/pom/PomTarget
instanceKlass org/jetbrains/kotlin/com/intellij/lang/jvm/JvmClass
instanceKlass org/jetbrains/kotlin/com/intellij/lang/jvm/JvmTypeParametersOwner
instanceKlass org/jetbrains/kotlin/com/intellij/lang/jvm/JvmMember
instanceKlass org/jetbrains/kotlin/com/intellij/lang/jvm/JvmTypeDeclaration
instanceKlass org/jetbrains/kotlin/com/intellij/navigation/ItemPresentation
instanceKlass org/jetbrains/kotlin/com/intellij/psi/presentation/java/PackagePresentationProvider
instanceKlass org/jetbrains/kotlin/com/intellij/navigation/ItemPresentationProvider
instanceKlass org/jetbrains/kotlin/com/intellij/psi/PsiPackage
instanceKlass org/jetbrains/kotlin/com/intellij/psi/PsiQualifiedNamedElement
instanceKlass org/jetbrains/kotlin/com/intellij/psi/PsiJvmModifiersOwner
instanceKlass org/jetbrains/kotlin/com/intellij/psi/PsiModifierListOwner
instanceKlass org/jetbrains/kotlin/com/intellij/lang/jvm/JvmModifiersOwner
instanceKlass org/jetbrains/kotlin/com/intellij/psi/PsiDirectoryContainer
instanceKlass org/jetbrains/kotlin/com/intellij/lang/jvm/JvmPackage
instanceKlass org/jetbrains/kotlin/com/intellij/lang/jvm/JvmNamedElement
instanceKlass org/jetbrains/kotlin/com/intellij/lang/jvm/JvmAnnotatedElement
instanceKlass org/jetbrains/kotlin/com/intellij/lang/jvm/JvmElement
instanceKlass org/jetbrains/kotlin/com/intellij/openapi/projectRoots/JavaVersionService
instanceKlass org/jetbrains/kotlin/com/intellij/psi/JavaDirectoryService
instanceKlass org/jetbrains/kotlin/com/intellij/psi/PsiSubstitutor
instanceKlass org/jetbrains/kotlin/com/intellij/psi/PsiSubstitutorFactory
instanceKlass  @bci org/jetbrains/kotlin/com/intellij/openapi/util/ModificationTracker <clinit> ()V 10 <appendix> argL0 ; # org/jetbrains/kotlin/com/intellij/openapi/util/ModificationTracker$$Lambda+0x000001938111ba20
instanceKlass org/jetbrains/kotlin/com/intellij/openapi/util/ModificationTracker$1
instanceKlass org/jetbrains/kotlin/com/intellij/psi/impl/file/PsiPackageImplementationHelper
instanceKlass  @bci org/jetbrains/kotlin/com/intellij/openapi/extensions/impl/ExtensionPointImpl doRegisterExtension (Ljava/lang/Object;Lorg/jetbrains/kotlin/com/intellij/openapi/extensions/LoadingOrder;Lorg/jetbrains/kotlin/com/intellij/openapi/extensions/PluginDescriptor;Lorg/jetbrains/kotlin/com/intellij/openapi/Disposable;)V 166 <appendix> member <vmtarget> ; # org/jetbrains/kotlin/com/intellij/openapi/extensions/impl/ExtensionPointImpl$$Lambda+0x000001938111af68
instanceKlass  @bci org/jetbrains/kotlin/com/intellij/openapi/extensions/impl/ExtensionPointImpl$ObjectComponentAdapter <init> (Ljava/lang/Object;Lorg/jetbrains/kotlin/com/intellij/openapi/extensions/PluginDescriptor;Lorg/jetbrains/kotlin/com/intellij/openapi/extensions/LoadingOrder;)V 36 <appendix> member <vmtarget> ; # org/jetbrains/kotlin/com/intellij/openapi/extensions/impl/ExtensionPointImpl$ObjectComponentAdapter$$Lambda+0x000001938111ad40
instanceKlass org/jetbrains/kotlin/com/intellij/util/graph/InboundSemiGraph
instanceKlass org/jetbrains/kotlin/com/intellij/openapi/extensions/LoadingOrder
instanceKlass org/jetbrains/kotlin/com/intellij/codeInsight/JavaContainerProvider
instanceKlass org/jetbrains/kotlin/com/intellij/codeInsight/ContainerProvider
instanceKlass org/jetbrains/kotlin/com/intellij/psi/impl/PsiExpressionEvaluator
instanceKlass org/jetbrains/kotlin/com/intellij/psi/impl/ConstantExpressionEvaluator
instanceKlass org/jetbrains/kotlin/com/intellij/util/diff/FlyweightCapableTreeStructure
instanceKlass org/jetbrains/kotlin/com/intellij/psi/stubs/IndexSink
instanceKlass org/jetbrains/kotlin/com/intellij/psi/impl/java/stubs/PsiJavaFileStub
instanceKlass org/jetbrains/kotlin/com/intellij/psi/stubs/PsiClassHolderFileStub
instanceKlass org/jetbrains/kotlin/com/intellij/psi/stubs/LightStubBuilder
instanceKlass org/jetbrains/kotlin/com/intellij/psi/stubs/PsiFileStub
instanceKlass org/jetbrains/kotlin/com/intellij/psi/stubs/StubElement
instanceKlass org/jetbrains/kotlin/com/intellij/psi/stubs/Stub
instanceKlass org/jetbrains/kotlin/com/intellij/psi/StubBuilder
instanceKlass org/jetbrains/kotlin/com/intellij/openapi/util/ClearableLazyValue
instanceKlass org/jetbrains/kotlin/com/intellij/psi/stubs/StubSerializer
instanceKlass org/jetbrains/kotlin/com/intellij/psi/stubs/ObjectStubSerializer
instanceKlass org/jetbrains/kotlin/com/intellij/lang/java/JavaParserDefinition
instanceKlass org/jetbrains/kotlin/com/intellij/psi/javadoc/PsiDocTagValue
instanceKlass org/jetbrains/kotlin/com/intellij/psi/javadoc/PsiDocToken
instanceKlass org/jetbrains/kotlin/com/intellij/psi/PsiKeyword
instanceKlass org/jetbrains/kotlin/com/intellij/psi/PsiIdentifier
instanceKlass org/jetbrains/kotlin/com/intellij/psi/PsiJavaToken
instanceKlass org/jetbrains/kotlin/com/intellij/psi/impl/compiled/ClassFileStubBuilder
instanceKlass org/jetbrains/kotlin/com/intellij/psi/stubs/BinaryFileStubBuilder$CompositeBinaryFileStubBuilder
instanceKlass org/jetbrains/kotlin/com/intellij/psi/stubs/BinaryFileStubBuilder
instanceKlass org/jetbrains/kotlin/com/intellij/psi/ClassFileViewProviderFactory
instanceKlass org/jetbrains/kotlin/com/intellij/psi/FileViewProviderFactory
instanceKlass org/jetbrains/kotlin/com/intellij/openapi/util/Condition$3
instanceKlass org/jetbrains/kotlin/com/intellij/openapi/util/Condition$2
instanceKlass org/jetbrains/kotlin/com/intellij/openapi/util/Condition$1
instanceKlass org/jetbrains/kotlin/com/intellij/openapi/util/Condition
instanceKlass org/jetbrains/kotlin/com/intellij/openapi/util/Conditions
instanceKlass  @bci org/jetbrains/kotlin/com/intellij/psi/tree/IElementType <clinit> ()V 23 <appendix> argL0 ; # org/jetbrains/kotlin/com/intellij/psi/tree/IElementType$$Lambda+0x000001938110f4a8
instanceKlass  @cpi org/jetbrains/kotlin/com/intellij/psi/tree/IElementType 362 form vmentry <vmtarget> ; # java/lang/invoke/LambdaForm$DMH+0x000001938110c400
instanceKlass org/jetbrains/kotlin/com/intellij/psi/tree/IElementType$Predicate
instanceKlass  @bci org/jetbrains/kotlin/com/intellij/psi/tree/IElementType <clinit> ()V 15 <appendix> argL0 ; # org/jetbrains/kotlin/com/intellij/psi/tree/IElementType$$Lambda+0x000001938110f088
instanceKlass org/jetbrains/kotlin/com/intellij/lexer/Lexer
instanceKlass org/jetbrains/kotlin/com/intellij/openapi/fileTypes/PlainTextParserDefinition
instanceKlass  @bci org/jetbrains/kotlin/com/intellij/openapi/util/KeyedExtensionCollector addExplicitExtension (Ljava/lang/Object;Ljava/lang/Object;Lorg/jetbrains/kotlin/com/intellij/openapi/Disposable;)V 36 <appendix> member <vmtarget> ; # org/jetbrains/kotlin/com/intellij/openapi/util/KeyedExtensionCollector$$Lambda+0x000001938110ba68
instanceKlass  @bci org/jetbrains/kotlin/com/intellij/lang/LanguageUtil <clinit> ()V 0 <appendix> argL0 ; # org/jetbrains/kotlin/com/intellij/lang/LanguageUtil$$Lambda+0x000001938110b590
instanceKlass  @cpi org/jetbrains/kotlin/com/intellij/lang/LanguageUtil 333 form vmentry <vmtarget> ; # java/lang/invoke/LambdaForm$DMH+0x000001938110c000
instanceKlass org/jetbrains/kotlin/com/intellij/lang/LanguageUtil
instanceKlass org/jetbrains/kotlin/com/intellij/psi/PsiPlainText
instanceKlass org/jetbrains/kotlin/com/intellij/lang/ASTFactory$DefaultFactoryHolder
instanceKlass org/jetbrains/kotlin/com/intellij/ide/highlighter/ArchiveFileType
instanceKlass java/util/concurrent/BlockingQueue
instanceKlass java/util/concurrent/ExecutorService
instanceKlass org/jetbrains/kotlin/com/intellij/util/ConcurrencyUtil
instanceKlass org/jetbrains/kotlin/com/intellij/openapi/fileTypes/LanguageFileType
instanceKlass org/jetbrains/kotlin/com/intellij/ide/highlighter/JavaClassFileType
instanceKlass org/jetbrains/kotlin/com/intellij/DynamicBundle$LanguageBundleEP
instanceKlass org/jetbrains/kotlin/com/intellij/util/pico/CachingConstructorInjectionComponentAdapter
instanceKlass org/jetbrains/kotlin/com/intellij/openapi/application/ApplicationInfo
instanceKlass org/jetbrains/kotlin/com/intellij/util/graph/GraphAlgorithms
instanceKlass  @bci org/jetbrains/kotlin/com/intellij/util/messages/impl/MessageBusImpl syncPublisher (Lorg/jetbrains/kotlin/com/intellij/util/messages/Topic;)Ljava/lang/Object; 52 <appendix> member <vmtarget> ; # org/jetbrains/kotlin/com/intellij/util/messages/impl/MessageBusImpl$$Lambda+0x0000019381106ac8
instanceKlass org/jetbrains/kotlin/com/intellij/openapi/command/impl/CoreCommandProcessor$1
instanceKlass org/jetbrains/kotlin/com/intellij/openapi/command/CommandListener
instanceKlass org/jetbrains/kotlin/com/intellij/openapi/command/CommandToken
instanceKlass org/jetbrains/kotlin/com/intellij/openapi/command/CommandProcessor
instanceKlass org/jetbrains/kotlin/com/intellij/codeInsight/folding/CodeFoldingSettings
instanceKlass org/jetbrains/kotlin/com/intellij/util/ObjectUtils$Sentinel
instanceKlass org/jetbrains/kotlin/com/intellij/util/ObjectUtilsRt
# instanceKlass java/lang/invoke/LambdaForm$MH+0x0000019381105400
# instanceKlass java/lang/invoke/LambdaForm$BMH+0x0000019381105000
# instanceKlass java/lang/invoke/LambdaForm$DMH+0x0000019381104c00
# instanceKlass java/lang/invoke/LambdaForm$DMH+0x0000019381104800
# instanceKlass java/lang/invoke/LambdaForm$MH+0x0000019381104400
# instanceKlass java/lang/invoke/LambdaForm$BMH+0x0000019381104000
# instanceKlass java/lang/invoke/LambdaForm$DMH+0x0000019381103c00
# instanceKlass java/lang/invoke/LambdaForm$DMH+0x0000019381103800
# instanceKlass java/lang/invoke/LambdaForm$MH+0x0000019381103400
# instanceKlass java/lang/invoke/LambdaForm$BMH+0x0000019381103000
# instanceKlass java/lang/invoke/LambdaForm$DMH+0x0000019381102c00
# instanceKlass java/lang/invoke/LambdaForm$DMH+0x0000019381102800
# instanceKlass java/lang/invoke/LambdaForm$MH+0x0000019381102400
# instanceKlass java/lang/invoke/LambdaForm$BMH+0x0000019381102000
# instanceKlass java/lang/invoke/LambdaForm$DMH+0x0000019381101c00
# instanceKlass java/lang/invoke/LambdaForm$DMH+0x0000019381101800
# instanceKlass java/lang/invoke/LambdaForm$MH+0x0000019381101400
# instanceKlass java/lang/invoke/LambdaForm$DMH+0x0000019381101000
# instanceKlass java/lang/invoke/LambdaForm$MH+0x0000019381100c00
# instanceKlass java/lang/invoke/LambdaForm$BMH+0x0000019381100800
# instanceKlass java/lang/invoke/LambdaForm$DMH+0x0000019381100400
# instanceKlass java/lang/invoke/LambdaForm$DMH+0x0000019381100000
# instanceKlass java/lang/invoke/LambdaForm$MH+0x00000193810f9c00
instanceKlass  @bci org/jetbrains/kotlin/com/intellij/util/containers/ConcurrentLongObjectHashMap <clinit> ()V 164 <adapter> ; # java/lang/invoke/LambdaForm$MH+0x00000193810f9800
# instanceKlass java/lang/invoke/LambdaForm$DMH+0x00000193810f9400
# instanceKlass java/lang/invoke/LambdaForm$MH+0x00000193810f9000
instanceKlass  @bci org/jetbrains/kotlin/com/intellij/util/containers/ConcurrentLongObjectHashMap <clinit> ()V 66 <adapter> ; # java/lang/invoke/LambdaForm$MH+0x00000193810f8c00
instanceKlass org/jetbrains/kotlin/com/intellij/util/containers/ConcurrentIntObjectHashMap$CounterCell
instanceKlass org/jetbrains/kotlin/com/intellij/util/containers/ConcurrentLongObjectHashMap$Node
instanceKlass org/jetbrains/kotlin/com/intellij/util/containers/ConcurrentLongObjectMap$LongEntry
instanceKlass org/jetbrains/kotlin/com/intellij/util/containers/ConcurrentLongObjectHashMap
instanceKlass java/util/concurrent/Future
instanceKlass org/jetbrains/kotlin/com/intellij/openapi/progress/PerformInBackgroundOption
instanceKlass org/jetbrains/kotlin/com/intellij/openapi/progress/ProgressIndicator
instanceKlass org/jetbrains/kotlin/com/intellij/openapi/progress/Task
instanceKlass org/jetbrains/kotlin/com/intellij/openapi/progress/TaskInfo
instanceKlass org/jetbrains/kotlin/com/intellij/openapi/progress/Progressive
instanceKlass org/jetbrains/kotlin/com/intellij/psi/PsiReferenceService
instanceKlass org/jetbrains/kotlin/com/intellij/psi/stubs/ObjectStubTree
instanceKlass org/jetbrains/kotlin/com/intellij/psi/PsiFile
instanceKlass org/jetbrains/kotlin/com/intellij/psi/PsiFileSystemItem
instanceKlass org/jetbrains/kotlin/com/intellij/psi/PsiCheckedRenameElement
instanceKlass org/jetbrains/kotlin/com/intellij/psi/PsiNamedElement
instanceKlass org/jetbrains/kotlin/com/intellij/psi/NavigatablePsiElement
instanceKlass org/jetbrains/kotlin/com/intellij/psi/stubs/StubTreeLoader
instanceKlass org/jetbrains/kotlin/com/intellij/psi/PsiReferenceProviderBean
instanceKlass org/jetbrains/kotlin/com/intellij/psi/PsiReferenceContributor
instanceKlass org/jetbrains/kotlin/it/unimi/dsi/fastutil/doubles/Double2ObjectMap
instanceKlass org/jetbrains/kotlin/it/unimi/dsi/fastutil/doubles/Double2ObjectFunction
instanceKlass java/util/function/DoubleFunction
instanceKlass org/jetbrains/kotlin/com/intellij/psi/PsiReferenceRegistrar
instanceKlass org/jetbrains/kotlin/com/intellij/psi/PsiReferenceProvider
instanceKlass org/jetbrains/kotlin/com/intellij/psi/impl/source/resolve/reference/ReferenceProvidersRegistry
instanceKlass org/jetbrains/kotlin/com/intellij/lang/PsiBuilder
instanceKlass org/jetbrains/kotlin/com/intellij/openapi/util/UserDataHolderUnprotected
instanceKlass org/jetbrains/kotlin/com/intellij/lang/SyntaxTreeBuilder
instanceKlass org/jetbrains/kotlin/com/intellij/lang/PsiBuilderFactory
instanceKlass jdk/internal/reflect/FieldAccessor
# instanceKlass java/lang/invoke/LambdaForm$MH+0x00000193810f8800
instanceKlass  @bci org/jetbrains/kotlin/com/intellij/util/ReflectionUtil findAssignableField (Ljava/lang/Class;Ljava/lang/Class;Ljava/lang/String;)Ljava/lang/reflect/Field; 21 <appendix> member <vmtarget> ; # org/jetbrains/kotlin/com/intellij/util/ReflectionUtil$$Lambda+0x00000193810f4af0
instanceKlass  @cpi org/jetbrains/kotlin/com/intellij/util/ReflectionUtil 148 form vmentry <vmtarget> ; # java/lang/invoke/LambdaForm$DMH+0x00000193810f8400
instanceKlass  @cpi java/util/Comparator 259 form vmentry <vmtarget> ; # java/lang/invoke/LambdaForm$DMH+0x00000193810f8000
instanceKlass sun/misc/Unsafe
instanceKlass org/jetbrains/kotlin/com/intellij/util/ReflectionUtil
instanceKlass org/jetbrains/kotlin/com/intellij/psi/CommonClassNames
instanceKlass org/jetbrains/kotlin/com/intellij/util/text/CharArrayCharSequence
instanceKlass org/jetbrains/kotlin/com/intellij/util/text/CharSequenceBackedByArray
instanceKlass org/jetbrains/kotlin/com/intellij/openapi/util/text/CharSequenceWithStringHash
instanceKlass org/jetbrains/kotlin/com/intellij/openapi/util/text/Strings
instanceKlass java/util/regex/ASCII
instanceKlass  @bci java/util/regex/Pattern Range (II)Ljava/util/regex/Pattern$CharPredicate; 23 <appendix> member <vmtarget> ; # java/util/regex/Pattern$$Lambda+0x800000033
instanceKlass  @bci org/jetbrains/kotlin/com/intellij/openapi/util/text/StringUtil <clinit> ()V 32 <appendix> argL0 ; # org/jetbrains/kotlin/com/intellij/openapi/util/text/StringUtil$$Lambda+0x00000193810f3bb8
instanceKlass  @bci org/jetbrains/kotlin/com/intellij/openapi/util/text/StringUtil <clinit> ()V 24 <appendix> argL0 ; # org/jetbrains/kotlin/com/intellij/openapi/util/text/StringUtil$$Lambda+0x00000193810f3978
instanceKlass  @bci org/jetbrains/kotlin/com/intellij/openapi/util/text/StringUtil <clinit> ()V 16 <appendix> argL0 ; # org/jetbrains/kotlin/com/intellij/openapi/util/text/StringUtil$$Lambda+0x00000193810f3738
instanceKlass org/jetbrains/kotlin/com/intellij/openapi/util/text/StringUtilRt
instanceKlass org/jetbrains/kotlin/com/intellij/psi/impl/source/CharTableImpl
instanceKlass org/jetbrains/kotlin/com/intellij/psi/PsiLanguageInjectionHost
instanceKlass org/jetbrains/kotlin/com/intellij/psi/PsiComment
instanceKlass org/jetbrains/kotlin/com/intellij/model/psi/UrlReferenceHost
instanceKlass org/jetbrains/kotlin/com/intellij/model/psi/PsiExternalReferenceHost
instanceKlass org/jetbrains/kotlin/com/intellij/navigation/NavigationItem
instanceKlass org/jetbrains/kotlin/com/intellij/pom/Navigatable
instanceKlass org/jetbrains/kotlin/com/intellij/psi/PsiWhiteSpace
instanceKlass org/jetbrains/kotlin/com/intellij/psi/PsiElement
instanceKlass org/jetbrains/kotlin/com/intellij/psi/tree/ILazyParseableElementTypeBase
instanceKlass org/jetbrains/kotlin/com/intellij/psi/tree/IElementType
instanceKlass org/jetbrains/kotlin/com/intellij/lang/FileASTNode
instanceKlass org/jetbrains/kotlin/com/intellij/openapi/util/Iconable
instanceKlass org/jetbrains/kotlin/com/intellij/psi/impl/ReparseableASTNode
instanceKlass org/jetbrains/kotlin/com/intellij/lang/ASTNode
instanceKlass org/jetbrains/kotlin/com/intellij/util/CharTable
instanceKlass org/jetbrains/kotlin/com/intellij/lang/ASTFactory
instanceKlass org/jetbrains/kotlin/com/intellij/lang/DefaultASTFactory
instanceKlass org/jetbrains/kotlin/com/intellij/openapi/vfs/encoding/EncodingRegistry
instanceKlass java/util/Collections$UnmodifiableMap$UnmodifiableEntrySet$UnmodifiableEntry
instanceKlass java/util/Collections$UnmodifiableMap$UnmodifiableEntrySet$1
instanceKlass org/jetbrains/kotlin/com/intellij/serviceContainer/LazyExtensionInstance
instanceKlass org/jetbrains/kotlin/com/intellij/openapi/extensions/PluginAware
instanceKlass org/jetbrains/kotlin/com/intellij/util/KeyedLazyInstance
instanceKlass org/jetbrains/kotlin/com/intellij/openapi/vfs/impl/BulkVirtualFileListenerAdapter
instanceKlass org/jetbrains/kotlin/com/intellij/util/messages/impl/BaseBusConnection
instanceKlass org/jetbrains/kotlin/com/intellij/util/messages/impl/MessageBusImpl$MessageHandlerHolder
instanceKlass  @bci org/jetbrains/kotlin/com/intellij/util/EventDispatcher createMulticaster (Ljava/lang/Class;Ljava/util/Map;Ljava/util/function/Supplier;)Ljava/lang/Object; 45 <appendix> member <vmtarget> ; # org/jetbrains/kotlin/com/intellij/util/EventDispatcher$$Lambda+0x00000193810e5a80
instanceKlass  @bci org/jetbrains/kotlin/com/intellij/util/EventDispatcher getMulticaster ()Ljava/util/EventListener; 19 <appendix> member <vmtarget> ; # org/jetbrains/kotlin/com/intellij/util/EventDispatcher$$Lambda+0x00000193810e5858
instanceKlass org/jetbrains/kotlin/com/intellij/openapi/vfs/newvfs/CachingVirtualFileSystem
instanceKlass  @bci org/jetbrains/kotlin/com/intellij/openapi/util/KeyedExtensionCollector addExplicitExtension (Ljava/lang/Object;Ljava/lang/Object;)V 57 <appendix> argL0 ; # org/jetbrains/kotlin/com/intellij/openapi/util/KeyedExtensionCollector$$Lambda+0x00000193810e5418
instanceKlass java/util/concurrent/atomic/AtomicBoolean
instanceKlass java/util/concurrent/atomic/AtomicLongFieldUpdater$CASUpdater$1
instanceKlass java/util/concurrent/atomic/AtomicLongFieldUpdater
instanceKlass  @bci org/jetbrains/kotlin/com/intellij/openapi/vfs/VirtualFileManager <clinit> ()V 15 <appendix> argL0 ; # org/jetbrains/kotlin/com/intellij/openapi/vfs/VirtualFileManager$$Lambda+0x00000193810e51f8
instanceKlass  @cpi org/jetbrains/kotlin/com/intellij/openapi/vfs/VirtualFileManager 127 form vmentry <vmtarget> ; # java/lang/invoke/LambdaForm$DMH+0x00000193810e4800
# instanceKlass java/lang/invoke/LambdaForm$DMH+0x00000193810e4400
instanceKlass org/jetbrains/kotlin/com/intellij/openapi/vfs/newvfs/BulkFileListener
instanceKlass org/jetbrains/kotlin/com/intellij/util/messages/Topic
instanceKlass org/jetbrains/kotlin/com/intellij/openapi/vfs/VirtualFileManager
instanceKlass org/jetbrains/kotlin/com/intellij/openapi/util/EmptyRunnable
instanceKlass  @bci org/jetbrains/kotlin/com/intellij/openapi/extensions/impl/ExtensionPointImpl <clinit> ()V 24 <appendix> argL0 ; # org/jetbrains/kotlin/com/intellij/openapi/extensions/impl/ExtensionPointImpl$$Lambda+0x00000193810e6b18
instanceKlass org/jetbrains/kotlin/com/intellij/openapi/extensions/impl/ExtensionComponentAdapter
instanceKlass org/jetbrains/kotlin/com/intellij/openapi/extensions/LoadingOrder$Orderable
instanceKlass org/jetbrains/kotlin/com/intellij/openapi/extensions/ExtensionPointAdapter
instanceKlass org/jetbrains/kotlin/com/intellij/openapi/extensions/ExtensionPointAndAreaListener
instanceKlass org/jetbrains/kotlin/com/intellij/openapi/extensions/ExtensionPointListener
instanceKlass  @bci org/jetbrains/kotlin/com/intellij/openapi/extensions/PluginId getId (Ljava/lang/String;)Lorg/jetbrains/kotlin/com/intellij/openapi/extensions/PluginId; 12 <appendix> argL0 ; # org/jetbrains/kotlin/com/intellij/openapi/extensions/PluginId$$Lambda+0x00000193810e32b8
instanceKlass org/jetbrains/kotlin/com/intellij/openapi/extensions/PluginId
instanceKlass org/jetbrains/kotlin/com/intellij/openapi/extensions/DefaultPluginDescriptor
instanceKlass org/jetbrains/kotlin/com/intellij/openapi/vfs/VirtualFileManagerListener
instanceKlass  @bci org/jetbrains/kotlin/com/intellij/core/CoreApplicationEnvironment <init> (Lorg/jetbrains/kotlin/com/intellij/openapi/Disposable;Z)V 98 <appendix> argL0 ; # org/jetbrains/kotlin/com/intellij/core/CoreApplicationEnvironment$$Lambda+0x00000193810e23c0
instanceKlass java/util/EventObject
instanceKlass org/jetbrains/kotlin/com/intellij/openapi/editor/ex/DocumentEx
instanceKlass org/jetbrains/kotlin/com/intellij/openapi/editor/Document
instanceKlass org/jetbrains/kotlin/com/intellij/openapi/fileEditor/FileDocumentManager
instanceKlass  @bci org/jetbrains/kotlin/cli/jvm/modules/CoreJrtFileSystem <init> ()V 16 <appendix> member <vmtarget> ; # org/jetbrains/kotlin/cli/jvm/modules/CoreJrtFileSystem$$Lambda+0x00000193810e0b48
instanceKlass  @bci org/jetbrains/kotlin/cli/jvm/modules/CoreJrtFileSystem <clinit> ()V 17 <appendix> member <vmtarget> ; # org/jetbrains/kotlin/cli/jvm/modules/CoreJrtFileSystem$$Lambda+0x00000193810e0240
instanceKlass  @cpi org/jetbrains/kotlin/cli/jvm/modules/CoreJrtFileSystem 172 form vmentry <vmtarget> ; # java/lang/invoke/LambdaForm$DMH+0x00000193810e4000
instanceKlass org/jetbrains/kotlin/cli/jvm/modules/CoreJrtFileSystem$Companion
instanceKlass org/jetbrains/kotlin/com/intellij/util/containers/ConcurrentFactoryMap
instanceKlass  @bci org/jetbrains/kotlin/com/intellij/openapi/vfs/impl/jar/CoreJarFileSystem <init> ()V 6 <appendix> member <vmtarget> ; # org/jetbrains/kotlin/com/intellij/openapi/vfs/impl/jar/CoreJarFileSystem$$Lambda+0x00000193810dd270
instanceKlass org/jetbrains/kotlin/com/intellij/openapi/vfs/impl/ArchiveHandler
instanceKlass org/jetbrains/kotlin/com/intellij/util/Function
instanceKlass org/jetbrains/kotlin/com/intellij/util/EventDispatcher
instanceKlass org/jetbrains/kotlin/com/intellij/openapi/vfs/VirtualFileListener
instanceKlass org/jetbrains/kotlin/com/intellij/openapi/extensions/BaseExtensionPointName
instanceKlass java/util/EventListener
instanceKlass  @bci org/jetbrains/kotlin/com/intellij/openapi/fileTypes/FileTypeRegistry setInstanceSupplier (Ljava/util/function/Supplier;)V 14 <appendix> member <vmtarget> ; # org/jetbrains/kotlin/com/intellij/openapi/fileTypes/FileTypeRegistry$$Lambda+0x00000193810db688
instanceKlass  @cpi org/jetbrains/kotlin/com/intellij/openapi/util/NotNullLazyValue 110 form vmentry <vmtarget> ; # java/lang/invoke/LambdaForm$DMH+0x00000193810dc800
instanceKlass org/jetbrains/kotlin/com/intellij/openapi/application/CachedSingletonsRegistry
instanceKlass  @bci org/jetbrains/kotlin/com/intellij/util/ArrayUtil <clinit> ()V 95 <appendix> argL0 ; # org/jetbrains/kotlin/com/intellij/util/ArrayUtil$$Lambda+0x00000193810db260
instanceKlass  @bci org/jetbrains/kotlin/com/intellij/util/ArrayUtil <clinit> ()V 87 <appendix> argL0 ; # org/jetbrains/kotlin/com/intellij/util/ArrayUtil$$Lambda+0x00000193810db040
instanceKlass  @cpi org/jetbrains/kotlin/com/intellij/psi/PsiAnnotation 125 form vmentry <vmtarget> ; # java/lang/invoke/LambdaForm$DMH+0x00000193810dc400
instanceKlass org/jetbrains/kotlin/com/intellij/util/ArrayUtil
instanceKlass  @bci org/jetbrains/kotlin/com/intellij/util/SmartList resizeIfNecessary (I)[Ljava/lang/Object; 32 <appendix> argL0 ; # org/jetbrains/kotlin/com/intellij/util/SmartList$$Lambda+0x00000193810dac18
instanceKlass org/jetbrains/kotlin/com/intellij/util/ArrayFactory
instanceKlass  @bci org/jetbrains/kotlin/com/intellij/openapi/application/ApplicationManager setApplication (Lorg/jetbrains/kotlin/com/intellij/openapi/application/Application;Ljava/util/function/Supplier;Lorg/jetbrains/kotlin/com/intellij/openapi/Disposable;)V 37 <appendix> member <vmtarget> ; # org/jetbrains/kotlin/com/intellij/openapi/application/ApplicationManager$$Lambda+0x00000193810da7f0
instanceKlass  @bci org/jetbrains/kotlin/com/intellij/core/CoreApplicationEnvironment <init> (Lorg/jetbrains/kotlin/com/intellij/openapi/Disposable;Z)V 54 <appendix> member <vmtarget> ; # org/jetbrains/kotlin/com/intellij/core/CoreApplicationEnvironment$$Lambda+0x00000193810da5c8
instanceKlass  @bci org/jetbrains/kotlin/com/intellij/openapi/extensions/Extensions setRootArea (Lorg/jetbrains/kotlin/com/intellij/openapi/extensions/impl/ExtensionsAreaImpl;Lorg/jetbrains/kotlin/com/intellij/openapi/Disposable;)V 26 <appendix> member <vmtarget> ; # org/jetbrains/kotlin/com/intellij/openapi/extensions/Extensions$$Lambda+0x00000193810da3a0
instanceKlass  @cpi org/jetbrains/kotlin/com/intellij/openapi/util/LowMemoryWatcher 132 form vmentry <vmtarget> ; # java/lang/invoke/LambdaForm$DMH+0x00000193810dc000
instanceKlass org/jetbrains/kotlin/com/intellij/openapi/extensions/Extensions
instanceKlass org/jetbrains/kotlin/com/intellij/openapi/util/ObjectNode
instanceKlass org/jetbrains/kotlin/com/intellij/openapi/util/Disposer$CheckedDisposableImpl
instanceKlass org/jetbrains/kotlin/com/intellij/openapi/util/CheckedDisposable
instanceKlass org/jetbrains/kotlin/com/intellij/openapi/extensions/impl/ImplementationClassResolver
instanceKlass org/jetbrains/kotlin/com/intellij/openapi/extensions/impl/ExtensionPointImpl
instanceKlass org/jetbrains/kotlin/com/intellij/openapi/extensions/ExtensionPoint
instanceKlass org/jetbrains/kotlin/com/intellij/openapi/extensions/impl/ExtensionsAreaImpl
instanceKlass org/jetbrains/kotlin/com/intellij/util/pico/DefaultPicoContainer$InstanceComponentAdapter
instanceKlass org/jetbrains/kotlin/com/intellij/util/pico/DefaultPicoContainer$LinkedHashSetWrapper
instanceKlass org/jetbrains/kotlin/org/picocontainer/ComponentAdapter
instanceKlass  @bci org/jetbrains/kotlin/com/intellij/util/messages/impl/MessageBusImpl$RootBus <init> (Lorg/jetbrains/kotlin/com/intellij/util/messages/MessageBusOwner;)V 36 <appendix> argL0 ; # org/jetbrains/kotlin/com/intellij/util/messages/impl/MessageBusImpl$RootBus$$Lambda+0x00000193810d7398
instanceKlass org/jetbrains/kotlin/com/intellij/util/ArrayUtilRt
instanceKlass java/util/concurrent/ConcurrentLinkedQueue$Node
instanceKlass  @bci org/jetbrains/kotlin/com/intellij/util/messages/impl/MessageBusImpl <init> (Lorg/jetbrains/kotlin/com/intellij/util/messages/MessageBusOwner;)V 13 <appendix> argL0 ; # org/jetbrains/kotlin/com/intellij/util/messages/impl/MessageBusImpl$$Lambda+0x00000193810d6968
instanceKlass org/jetbrains/kotlin/com/intellij/util/messages/impl/MessageQueue
instanceKlass java/util/concurrent/Executor
instanceKlass org/jetbrains/kotlin/com/intellij/util/messages/impl/MessageBusImpl$MessagePublisher
instanceKlass org/jetbrains/kotlin/com/intellij/util/messages/MessageBusConnection
instanceKlass org/jetbrains/kotlin/com/intellij/util/messages/SimpleMessageBusConnection
instanceKlass org/jetbrains/kotlin/com/intellij/util/messages/impl/MessageBusImpl
instanceKlass org/jetbrains/kotlin/com/intellij/util/messages/impl/MessageBusEx
instanceKlass org/jetbrains/kotlin/com/intellij/util/messages/MessageBusFactory
instanceKlass org/jetbrains/kotlin/com/intellij/util/keyFMap/DebugFMap
instanceKlass org/jetbrains/kotlin/com/intellij/util/keyFMap/EmptyFMap
instanceKlass org/jetbrains/kotlin/com/intellij/util/keyFMap/KeyFMap
instanceKlass org/jetbrains/kotlin/com/intellij/openapi/application/ModalityState
instanceKlass org/jetbrains/kotlin/com/intellij/openapi/extensions/ExtensionsArea
instanceKlass org/jetbrains/kotlin/com/intellij/util/pico/DefaultPicoContainer
instanceKlass org/jetbrains/kotlin/org/picocontainer/MutablePicoContainer
instanceKlass org/jetbrains/kotlin/org/picocontainer/PicoContainer
instanceKlass org/jetbrains/kotlin/com/intellij/util/messages/MessageBus
instanceKlass org/jetbrains/kotlin/com/intellij/openapi/fileTypes/UnknownFileType
instanceKlass org/jetbrains/kotlin/com/intellij/util/containers/FastUtilCaseInsensitiveStringHashingStrategy
instanceKlass org/jetbrains/kotlin/com/intellij/util/containers/FastUtilHashingStrategies$1
instanceKlass org/jetbrains/kotlin/com/intellij/util/containers/FastUtilHashingStrategies$SerializableHashStrategy
instanceKlass org/jetbrains/kotlin/com/intellij/util/containers/FastUtilCharSequenceHashingStrategy
instanceKlass org/jetbrains/kotlin/com/intellij/util/containers/FastUtilHashingStrategies
instanceKlass org/jetbrains/kotlin/com/intellij/openapi/util/SystemInfoRt
instanceKlass  @bci org/jetbrains/kotlin/com/intellij/openapi/fileTypes/FileTypeRegistry <clinit> ()V 0 <appendix> argL0 ; # org/jetbrains/kotlin/com/intellij/openapi/fileTypes/FileTypeRegistry$$Lambda+0x00000193810d1aa0
instanceKlass org/jetbrains/kotlin/com/intellij/openapi/util/Getter
instanceKlass org/jetbrains/kotlin/com/intellij/ide/plugins/DisabledPluginsState
instanceKlass org/jetbrains/kotlin/cli/jvm/compiler/KotlinCoreApplicationEnvironment$Companion
instanceKlass org/jetbrains/kotlin/com/intellij/lang/ParserDefinition
instanceKlass org/jetbrains/kotlin/com/intellij/openapi/fileTypes/FileType
instanceKlass org/jetbrains/kotlin/com/intellij/concurrency/JobLauncher
instanceKlass org/jetbrains/kotlin/com/intellij/openapi/util/UserDataHolderEx
instanceKlass org/jetbrains/kotlin/com/intellij/util/messages/MessageBusOwner
instanceKlass org/jetbrains/kotlin/com/intellij/openapi/application/ex/ApplicationEx
instanceKlass org/jetbrains/kotlin/com/intellij/openapi/vfs/VirtualFileSystem
instanceKlass org/jetbrains/kotlin/com/intellij/openapi/util/SimpleModificationTracker
instanceKlass org/jetbrains/kotlin/com/intellij/openapi/progress/ProgressIndicatorProvider
instanceKlass org/jetbrains/kotlin/com/intellij/openapi/extensions/PluginDescriptor
instanceKlass org/jetbrains/kotlin/com/intellij/openapi/util/KeyedExtensionCollector
instanceKlass org/jetbrains/kotlin/com/intellij/openapi/util/ModificationTracker
instanceKlass org/jetbrains/kotlin/com/intellij/openapi/fileTypes/FileTypeRegistry
instanceKlass org/jetbrains/kotlin/com/intellij/openapi/application/Application
instanceKlass org/jetbrains/kotlin/com/intellij/openapi/components/ComponentManager
instanceKlass org/jetbrains/kotlin/com/intellij/openapi/util/UserDataHolder
instanceKlass org/jetbrains/kotlin/com/intellij/openapi/extensions/AreaInstance
instanceKlass org/jetbrains/kotlin/com/intellij/core/CoreApplicationEnvironment
instanceKlass org/jetbrains/kotlin/com/intellij/openapi/util/Disposer$2
instanceKlass org/jetbrains/kotlin/cli/jvm/compiler/KotlinCoreEnvironment$Companion
instanceKlass org/jetbrains/kotlin/cli/jvm/compiler/KotlinCoreEnvironment
instanceKlass org/jetbrains/kotlin/cli/jvm/config/JvmContentRootsKt
instanceKlass org/jetbrains/kotlin/cli/jvm/config/JvmClasspathRoot
instanceKlass org/jetbrains/kotlin/cli/jvm/config/JvmContentRoot
instanceKlass org/jetbrains/kotlin/cli/jvm/config/JvmClasspathRootBase
instanceKlass org/jetbrains/kotlin/cli/jvm/config/JvmContentRootBase
instanceKlass  @bci org/jetbrains/kotlin/config/CompilerConfiguration add (Lorg/jetbrains/kotlin/config/CompilerConfigurationKey;Ljava/lang/Object;)V 32 <appendix> argL0 ; # org/jetbrains/kotlin/config/CompilerConfiguration$$Lambda+0x00000193810c7a00
instanceKlass org/jetbrains/kotlin/cli/common/config/KotlinSourceRoot
instanceKlass org/jetbrains/kotlin/cli/common/config/ContentRoot
instanceKlass org/jetbrains/kotlin/cli/common/config/ContentRootsKt
instanceKlass org/jetbrains/kotlin/cli/jvm/compiler/KotlinToJVMBytecodeCompilerKt
instanceKlass org/jetbrains/kotlin/cli/common/modules/ModuleChunk
instanceKlass org/jetbrains/kotlin/cli/jvm/compiler/CliCompilerUtilsKt
instanceKlass org/jetbrains/kotlin/cli/common/modules/ModuleBuilder
instanceKlass org/jetbrains/kotlin/modules/Module
instanceKlass org/jetbrains/kotlin/cli/jvm/K2JVMCompilerKt
instanceKlass org/jetbrains/kotlin/config/JvmSerializeIrMode$Companion
instanceKlass org/jetbrains/kotlin/config/JvmAbiStability$Companion
instanceKlass org/jetbrains/kotlin/compiler/plugin/CommandLineProcessor
instanceKlass org/jetbrains/kotlin/compiler/plugin/CompilerPluginRegistrar$Companion
instanceKlass org/jetbrains/kotlin/compiler/plugin/CompilerPluginRegistrar
instanceKlass  @bci org/jetbrains/kotlin/config/CompilerConfiguration addAll (Lorg/jetbrains/kotlin/config/CompilerConfigurationKey;ILjava/util/Collection;)V 38 <appendix> argL0 ; # org/jetbrains/kotlin/config/CompilerConfiguration$$Lambda+0x00000193810c4510
instanceKlass org/jetbrains/kotlin/compiler/plugin/ComponentRegistrar$Companion
instanceKlass org/jetbrains/kotlin/compiler/plugin/ComponentRegistrar
instanceKlass org/jetbrains/kotlin/util/ServiceLoaderLite
instanceKlass org/jetbrains/kotlin/cli/common/CLICompilerKt
instanceKlass org/jetbrains/kotlin/cli/jvm/plugins/PluginCliParser
instanceKlass org/jetbrains/kotlin/cli/plugins/PluginsOptionsParserKt
instanceKlass kotlin/collections/ArrayAsCollection
instanceKlass org/jetbrains/kotlin/backend/common/phaser/PhaseConfig
instanceKlass org/jetbrains/kotlin/backend/common/phaser/PhaseConfigurationService
instanceKlass org/jetbrains/kotlin/backend/common/phaser/PhaseConfigKt
instanceKlass org/jetbrains/kotlin/cli/common/CreatePhaseConfigKt
instanceKlass org/jetbrains/kotlin/backend/jvm/lower/ReflectiveAccessKt
instanceKlass org/jetbrains/kotlin/backend/jvm/lower/FragmentLocalFunctionPatchLoweringKt
instanceKlass org/jetbrains/kotlin/backend/jvm/lower/ResolveInlineCallsKt
instanceKlass org/jetbrains/kotlin/backend/jvm/lower/GenerateMultifileFacadesKt
instanceKlass org/jetbrains/kotlin/backend/jvm/lower/FileClassLoweringKt
instanceKlass org/jetbrains/kotlin/backend/jvm/lower/ScriptLoweringKt
instanceKlass org/jetbrains/kotlin/backend/jvm/lower/SerializeIrPhaseKt
instanceKlass org/jetbrains/kotlin/backend/jvm/lower/ProcessOptionalAnnotationsKt
instanceKlass org/jetbrains/kotlin/backend/jvm/lower/FragmentSharedVariablesLoweringKt
instanceKlass org/jetbrains/kotlin/backend/jvm/lower/ExternalPackageParentPatcherLoweringKt
instanceKlass org/jetbrains/kotlin/backend/jvm/lower/FakeLocalVariablesForIrInlinerLoweringKt
instanceKlass org/jetbrains/kotlin/backend/jvm/lower/FakeLocalVariablesForBytecodeInlinerLoweringKt
instanceKlass org/jetbrains/kotlin/backend/jvm/lower/RenameFieldsLoweringKt
instanceKlass org/jetbrains/kotlin/backend/jvm/lower/ReplaceNumberToCharCallSitesLoweringKt
instanceKlass org/jetbrains/kotlin/backend/jvm/lower/AddSuperQualifierToJavaFieldAccessLoweringKt
instanceKlass org/jetbrains/kotlin/backend/jvm/lower/MakePropertyDelegateMethodsStaticLoweringKt
instanceKlass org/jetbrains/kotlin/backend/jvm/lower/ReplaceKFunctionInvokeWithFunctionInvokeKt
instanceKlass org/jetbrains/kotlin/backend/jvm/lower/TypeOperatorLoweringKt
instanceKlass org/jetbrains/kotlin/backend/jvm/lower/RecordEnclosingMethodsLoweringKt
instanceKlass org/jetbrains/kotlin/backend/jvm/lower/RepeatedAnnotationLoweringKt
instanceKlass org/jetbrains/kotlin/backend/jvm/lower/AdditionalClassAnnotationLoweringKt
instanceKlass org/jetbrains/kotlin/backend/jvm/lower/JvmOptimizationLoweringKt
instanceKlass org/jetbrains/kotlin/backend/jvm/lower/JvmSafeCallChainFoldingLoweringKt
instanceKlass org/jetbrains/kotlin/backend/jvm/lower/ToArrayLoweringKt
instanceKlass org/jetbrains/kotlin/backend/jvm/lower/JvmArgumentNullabilityAssertionsLoweringKt
instanceKlass org/jetbrains/kotlin/backend/jvm/lower/BridgeLoweringKt
instanceKlass org/jetbrains/kotlin/backend/jvm/lower/FunctionNVarargBridgeLoweringKt
instanceKlass org/jetbrains/kotlin/backend/jvm/lower/UniqueLoopLabelsLoweringKt
instanceKlass org/jetbrains/kotlin/backend/jvm/lower/EnumExternalEntriesLoweringKt
instanceKlass org/jetbrains/kotlin/backend/jvm/lower/EnumClassLoweringKt
instanceKlass org/jetbrains/kotlin/backend/jvm/lower/AddContinuationLoweringKt
instanceKlass org/jetbrains/kotlin/backend/jvm/lower/TailCallOptimizationLoweringKt
instanceKlass org/jetbrains/kotlin/backend/jvm/lower/InheritedDefaultMethodsOnClassesLoweringKt
instanceKlass org/jetbrains/kotlin/backend/jvm/lower/JvmStringConcatenationLoweringKt
instanceKlass org/jetbrains/kotlin/backend/common/lower/FlattenStringConcatenationLoweringKt
instanceKlass org/jetbrains/kotlin/backend/jvm/lower/JvmDefaultConstructorLoweringKt
instanceKlass org/jetbrains/kotlin/backend/jvm/lower/StaticCallableReferenceLoweringKt
instanceKlass org/jetbrains/kotlin/backend/jvm/lower/SingletonReferencesLoweringKt
instanceKlass org/jetbrains/kotlin/backend/jvm/lower/MappedEnumWhenLoweringKt
instanceKlass org/jetbrains/kotlin/backend/jvm/lower/JvmInlineClassLoweringKt
instanceKlass org/jetbrains/kotlin/backend/jvm/lower/JvmMultiFieldValueClassLoweringKt
instanceKlass org/jetbrains/kotlin/backend/jvm/lower/JvmSingleAbstractMethodLoweringKt
instanceKlass org/jetbrains/kotlin/backend/jvm/lower/CollectionStubMethodLoweringKt
instanceKlass org/jetbrains/kotlin/backend/common/lower/loops/ForLoopsLoweringKt
instanceKlass org/jetbrains/kotlin/backend/common/lower/RangeContainsLoweringKt
instanceKlass org/jetbrains/kotlin/backend/jvm/lower/JvmBuiltInsLoweringKt
instanceKlass org/jetbrains/kotlin/backend/jvm/lower/AnonymousObjectSuperConstructorLoweringKt
instanceKlass org/jetbrains/kotlin/backend/jvm/lower/MoveCompanionObjectFieldsLoweringKt
instanceKlass org/jetbrains/kotlin/backend/jvm/lower/PropertyReferenceLoweringKt
instanceKlass org/jetbrains/kotlin/backend/jvm/lower/SingletonOrConstantDelegationLoweringKt
instanceKlass org/jetbrains/kotlin/backend/jvm/lower/PropertyReferenceDelegationLoweringKt
instanceKlass org/jetbrains/kotlin/backend/jvm/lower/SuspendLambdaLoweringKt
instanceKlass org/jetbrains/kotlin/backend/jvm/lower/RemoveDuplicatedInlinedLocalClassesLoweringKt
instanceKlass org/jetbrains/kotlin/backend/jvm/lower/JvmInventNamesForLocalClassesKt
instanceKlass org/jetbrains/kotlin/backend/jvm/lower/JvmLateinitLoweringKt
instanceKlass org/jetbrains/kotlin/builtins/PrimitiveType$Companion
instanceKlass sun/reflect/misc/ReflectUtil
instanceKlass java/util/concurrent/atomic/AtomicReferenceFieldUpdater$AtomicReferenceFieldUpdaterImpl$1
instanceKlass java/util/concurrent/atomic/AtomicReferenceFieldUpdater
instanceKlass kotlin/SafePublicationLazyImpl$Companion
instanceKlass kotlin/SafePublicationLazyImpl
instanceKlass kotlin/LazyKt__LazyJVMKt$WhenMappings
instanceKlass org/jetbrains/kotlin/backend/jvm/lower/VarargLoweringKt
instanceKlass org/jetbrains/kotlin/backend/jvm/lower/PolymorphicSignatureLoweringKt
instanceKlass org/jetbrains/kotlin/backend/jvm/lower/JvmAnnotationImplementationTransformerKt
instanceKlass org/jetbrains/kotlin/backend/jvm/lower/AnnotationLoweringKt
instanceKlass org/jetbrains/kotlin/backend/jvm/lower/MainMethodGenerationLoweringKt
instanceKlass org/jetbrains/kotlin/backend/jvm/lower/JvmOverloadsAnnotationLoweringKt
instanceKlass org/jetbrains/kotlin/backend/jvm/lower/TypeAliasAnnotationMethodsLoweringKt
instanceKlass org/jetbrains/kotlin/backend/jvm/lower/CreateSeparateCallForInlinedLambdasLoweringKt
instanceKlass org/jetbrains/kotlin/backend/jvm/lower/MarkNecessaryInlinedClassesAsRegeneratedLoweringKt
instanceKlass org/jetbrains/kotlin/ir/declarations/IrTypeParametersContainer
instanceKlass org/jetbrains/kotlin/ir/declarations/IrReturnTarget
instanceKlass org/jetbrains/kotlin/ir/declarations/IrDeclarationParent
instanceKlass org/jetbrains/kotlin/ir/declarations/IrPossiblyExternalDeclaration
instanceKlass org/jetbrains/kotlin/ir/declarations/IrOverridableDeclaration
instanceKlass org/jetbrains/kotlin/ir/declarations/IrOverridableMember
instanceKlass org/jetbrains/kotlin/ir/declarations/IrDeclarationWithVisibility
instanceKlass org/jetbrains/kotlin/ir/declarations/IrMetadataSourceOwner
instanceKlass org/jetbrains/kotlin/ir/declarations/IrMemberWithContainerSource
instanceKlass org/jetbrains/kotlin/ir/declarations/IrDeclarationWithName
instanceKlass org/jetbrains/kotlin/ir/declarations/IrAttributeContainer
instanceKlass org/jetbrains/kotlin/ir/IrElementBase
instanceKlass org/jetbrains/kotlin/ir/declarations/IrDeclaration
instanceKlass org/jetbrains/kotlin/ir/declarations/IrSymbolOwner
instanceKlass org/jetbrains/kotlin/ir/declarations/IrMutableAnnotationContainer
instanceKlass org/jetbrains/kotlin/ir/declarations/IrAnnotationContainer
instanceKlass org/jetbrains/kotlin/ir/IrStatement
instanceKlass org/jetbrains/kotlin/ir/IrElement
instanceKlass org/jetbrains/kotlin/backend/jvm/lower/JvmStaticAnnotationLoweringKt
instanceKlass org/jetbrains/kotlin/backend/jvm/lower/StaticDefaultFunctionLoweringKt
instanceKlass org/jetbrains/kotlin/backend/jvm/lower/ObjectClassLoweringKt
instanceKlass org/jetbrains/kotlin/backend/jvm/lower/DirectInvokeLoweringKt
instanceKlass org/jetbrains/kotlin/backend/jvm/lower/AssertionLoweringKt
instanceKlass org/jetbrains/kotlin/backend/jvm/lower/InlineCallableReferenceToLambdaKt
instanceKlass org/jetbrains/kotlin/backend/common/lower/SharedVariablesLoweringKt
instanceKlass org/jetbrains/kotlin/backend/jvm/lower/FunctionReferenceLoweringKt
instanceKlass org/jetbrains/kotlin/backend/common/lower/PropertiesLowering$Companion
instanceKlass org/jetbrains/kotlin/backend/common/lower/PropertiesLowering
instanceKlass org/jetbrains/kotlin/backend/common/DeclarationTransformer
instanceKlass org/jetbrains/kotlin/backend/common/FileLoweringPass
instanceKlass org/jetbrains/kotlin/backend/common/phaser/ModuleLoweringPhaseAdapter
instanceKlass org/jetbrains/kotlin/backend/common/phaser/CustomPhaseAdapter
instanceKlass org/jetbrains/kotlin/backend/jvm/JvmLowerKt
instanceKlass org/jetbrains/kotlin/backend/common/phaser/CompositePhase
instanceKlass org/jetbrains/kotlin/backend/common/phaser/PerformByIrFilePhase
instanceKlass org/jetbrains/kotlin/backend/common/phaser/PerformByIrFileKt
instanceKlass org/jetbrains/kotlin/backend/common/phaser/FileLoweringPhaseAdapter
instanceKlass org/jetbrains/kotlin/backend/common/phaser/CompilerPhaseKt
instanceKlass org/jetbrains/kotlin/backend/common/phaser/DumperVerifierKt
instanceKlass kotlin/jvm/functions/Function3
instanceKlass org/jetbrains/kotlin/backend/common/phaser/PhaseBuildersKt
instanceKlass kotlin/collections/SetsKt__SetsJVMKt
instanceKlass org/jetbrains/kotlin/backend/jvm/JvmPhasesKt$generateAdditionalClassesPhase$1
instanceKlass org/jetbrains/kotlin/backend/common/phaser/SameTypeCompilerPhase
instanceKlass org/jetbrains/kotlin/backend/common/phaser/AbstractNamedCompilerPhase
instanceKlass org/jetbrains/kotlin/backend/common/phaser/CompilerPhase
instanceKlass org/jetbrains/kotlin/backend/jvm/JvmPhasesKt
instanceKlass org/jetbrains/kotlin/cli/common/environment/UtilKt
instanceKlass org/jetbrains/kotlin/com/intellij/openapi/util/Disposer$1
instanceKlass org/jetbrains/kotlin/com/intellij/util/containers/CanonicalHashingStrategy
instanceKlass  @bci org/jetbrains/kotlin/com/intellij/util/containers/ConcurrentRefHashMap <clinit> ()V 33 <appendix> argL0 ; # org/jetbrains/kotlin/com/intellij/util/containers/ConcurrentRefHashMap$$Lambda+0x0000019381092d60
instanceKlass org/jetbrains/kotlin/com/intellij/util/containers/ConcurrentRefHashMap$2
instanceKlass org/jetbrains/kotlin/com/intellij/util/containers/ConcurrentRefHashMap$HardKey
instanceKlass org/jetbrains/kotlin/com/intellij/util/containers/ConcurrentRefHashMap$KeyReference
instanceKlass org/jetbrains/kotlin/it/unimi/dsi/fastutil/objects/Object2ObjectMap$FastEntrySet
instanceKlass org/jetbrains/kotlin/it/unimi/dsi/fastutil/objects/AbstractObject2ObjectFunction
instanceKlass org/jetbrains/kotlin/it/unimi/dsi/fastutil/objects/Object2ObjectMap
instanceKlass org/jetbrains/kotlin/it/unimi/dsi/fastutil/objects/Object2ObjectFunction
instanceKlass org/jetbrains/kotlin/com/intellij/util/containers/RefHashMap$HardKey
instanceKlass org/jetbrains/kotlin/com/intellij/util/containers/RefHashMap$Key
instanceKlass org/jetbrains/kotlin/com/intellij/util/containers/IdentityHashingStrategy
instanceKlass org/jetbrains/kotlin/com/intellij/util/containers/HashingStrategy
instanceKlass org/jetbrains/kotlin/it/unimi/dsi/fastutil/Hash$Strategy
instanceKlass org/jetbrains/kotlin/com/intellij/util/containers/CollectionFactory
instanceKlass org/jetbrains/kotlin/it/unimi/dsi/fastutil/objects/Reference2ObjectMap$FastEntrySet
instanceKlass org/jetbrains/kotlin/it/unimi/dsi/fastutil/objects/AbstractReference2ObjectFunction
instanceKlass org/jetbrains/kotlin/it/unimi/dsi/fastutil/objects/Reference2ObjectMap
instanceKlass org/jetbrains/kotlin/it/unimi/dsi/fastutil/objects/Reference2ObjectFunction
instanceKlass  @bci java/util/stream/Collectors castingIdentity ()Ljava/util/function/Function; 0 <appendix> argL0 ; # java/util/stream/Collectors$$Lambda+0x800000046
instanceKlass java/util/Collections$UnmodifiableCollection
instanceKlass java/util/stream/Collectors
instanceKlass java/util/stream/Collector
instanceKlass  @bci org/jetbrains/kotlin/it/unimi/dsi/fastutil/objects/ReferenceOpenHashSet <clinit> ()V 10 <appendix> argL0 ; # org/jetbrains/kotlin/it/unimi/dsi/fastutil/objects/ReferenceOpenHashSet$$Lambda+0x000001938108f820
instanceKlass java/util/function/BinaryOperator
instanceKlass  @bci org/jetbrains/kotlin/it/unimi/dsi/fastutil/objects/ReferenceOpenHashSet <clinit> ()V 5 <appendix> argL0 ; # org/jetbrains/kotlin/it/unimi/dsi/fastutil/objects/ReferenceOpenHashSet$$Lambda+0x000001938108f5f0
instanceKlass  @cpi org/jetbrains/kotlin/it/unimi/dsi/fastutil/objects/ObjectArrayList 445 form vmentry <vmtarget> ; # java/lang/invoke/LambdaForm$DMH+0x0000019381090000
instanceKlass java/util/function/BiConsumer
instanceKlass  @bci org/jetbrains/kotlin/it/unimi/dsi/fastutil/objects/ReferenceOpenHashSet <clinit> ()V 0 <appendix> argL0 ; # org/jetbrains/kotlin/it/unimi/dsi/fastutil/objects/ReferenceOpenHashSet$$Lambda+0x000001938108f3d0
instanceKlass org/jetbrains/kotlin/it/unimi/dsi/fastutil/objects/ObjectSpliterator
instanceKlass org/jetbrains/kotlin/it/unimi/dsi/fastutil/objects/ObjectIterator
instanceKlass org/jetbrains/kotlin/it/unimi/dsi/fastutil/objects/ReferenceSet
instanceKlass org/jetbrains/kotlin/it/unimi/dsi/fastutil/objects/ReferenceCollection
instanceKlass org/jetbrains/kotlin/com/intellij/openapi/util/ObjectTree
instanceKlass org/jetbrains/kotlin/com/intellij/openapi/util/Disposer
instanceKlass org/jetbrains/kotlin/progress/ProgressIndicatorAndCompilationCanceledStatus
instanceKlass org/jetbrains/kotlin/progress/CompilationCanceledStatus
instanceKlass org/jetbrains/kotlin/com/google/common/collect/LinkedHashMultimap$1
instanceKlass  @bci org/jetbrains/kotlin/cli/common/messages/GroupingMessageCollector hasExplicitErrors ()Z 14 <appendix> argL0 ; # org/jetbrains/kotlin/cli/common/messages/GroupingMessageCollector$$Lambda+0x000001938108cd68
instanceKlass java/util/Spliterators$IteratorSpliterator
instanceKlass org/jetbrains/kotlin/utils/KotlinPathsFromBaseDirectory
instanceKlass org/jetbrains/kotlin/com/intellij/openapi/application/PathManager
instanceKlass  @bci java/util/regex/Pattern DOT ()Ljava/util/regex/Pattern$CharPredicate; 0 <appendix> argL0 ; # java/util/regex/Pattern$$Lambda+0x000001938105f130
instanceKlass  @bci java/util/regex/Pattern union (Ljava/util/regex/Pattern$CharPredicate;Ljava/util/regex/Pattern$CharPredicate;Z)Ljava/util/regex/Pattern$CharPredicate; 6 <appendix> member <vmtarget> ; # java/util/regex/Pattern$$Lambda+0x800000039
instanceKlass java/util/regex/Pattern$BitClass
instanceKlass org/jetbrains/kotlin/utils/PathUtil
instanceKlass kotlin/collections/AbstractList$IteratorImpl
instanceKlass org/jetbrains/kotlin/config/JvmTarget$Companion
instanceKlass org/jetbrains/kotlin/platform/TargetPlatformVersion
instanceKlass org/jetbrains/kotlin/config/JVMConfigurationKeys
instanceKlass org/jetbrains/kotlin/cli/jvm/JvmArgumentsKt
instanceKlass org/jetbrains/kotlin/config/CommonConfigurationKeysKt
instanceKlass kotlin/Unit
instanceKlass org/jetbrains/kotlin/utils/WrappedValues$ThrowableWrapper
instanceKlass org/jetbrains/kotlin/config/LanguageVersionSettingsKt
instanceKlass org/jetbrains/kotlin/cli/common/messages/MessageCollector$Companion$NONE$1
instanceKlass org/jetbrains/kotlin/cli/common/messages/MessageCollector$Companion
instanceKlass org/jetbrains/kotlin/cli/common/arguments/JavaTypeEnhancementStateParser$Companion
instanceKlass org/jetbrains/kotlin/cli/common/arguments/JavaTypeEnhancementStateParser
instanceKlass org/jetbrains/kotlin/config/JvmAnalysisFlags$Delegates$JvmDefaultModeDisabledByDefault
instanceKlass org/jetbrains/kotlin/utils/WrappedValues$1
instanceKlass org/jetbrains/kotlin/utils/WrappedValues
instanceKlass kotlin/collections/EmptyIterator
instanceKlass org/jetbrains/kotlin/name/FqNamesUtilKt
instanceKlass org/jetbrains/kotlin/load/java/NullabilityAnnotationStates$Companion
instanceKlass org/jetbrains/kotlin/load/java/Jsr305Settings
instanceKlass org/jetbrains/kotlin/storage/LockBasedStorageManager$MapBasedMemoizedFunction
instanceKlass org/jetbrains/kotlin/storage/DefaultSimpleLock
instanceKlass org/jetbrains/kotlin/storage/SimpleLock$Companion
instanceKlass org/jetbrains/kotlin/storage/EmptySimpleLock
instanceKlass org/jetbrains/kotlin/storage/LockBasedStorageManager$ExceptionHandlingStrategy$1
instanceKlass org/jetbrains/kotlin/storage/LockBasedStorageManager$ExceptionHandlingStrategy
instanceKlass org/jetbrains/kotlin/storage/MemoizedFunctionToNotNull
instanceKlass org/jetbrains/kotlin/storage/NullableLazyValue
instanceKlass org/jetbrains/kotlin/storage/MemoizedFunctionToNullable
instanceKlass org/jetbrains/kotlin/storage/CacheWithNotNullValues
instanceKlass org/jetbrains/kotlin/storage/CacheWithNullableValues
instanceKlass org/jetbrains/kotlin/storage/NotNullLazyValue
instanceKlass org/jetbrains/kotlin/storage/SimpleLock
instanceKlass org/jetbrains/kotlin/storage/LockBasedStorageManager
instanceKlass org/jetbrains/kotlin/storage/StorageManager
instanceKlass kotlin/TuplesKt
instanceKlass kotlin/internal/ProgressionUtilKt
instanceKlass kotlin/ranges/IntRange$Companion
instanceKlass kotlin/ranges/IntProgression$Companion
instanceKlass kotlin/ranges/IntProgression
instanceKlass kotlin/ranges/OpenEndRange
instanceKlass kotlin/ranges/ClosedRange
instanceKlass kotlin/KotlinVersionCurrentValue
instanceKlass kotlin/KotlinVersion$Companion
instanceKlass kotlin/KotlinVersion
instanceKlass org/jetbrains/kotlin/load/java/ReportLevel$Companion
instanceKlass org/jetbrains/kotlin/load/java/JavaNullabilityAnnotationsStatus$Companion
instanceKlass org/jetbrains/kotlin/load/java/JavaNullabilityAnnotationsStatus
instanceKlass kotlin/Pair
instanceKlass org/jetbrains/kotlin/load/java/NullabilityAnnotationStatesImpl
instanceKlass org/jetbrains/kotlin/load/java/NullabilityAnnotationStates
instanceKlass org/jetbrains/kotlin/load/java/JavaNullabilityAnnotationSettingsKt
instanceKlass org/jetbrains/kotlin/load/java/JavaTypeEnhancementState$Companion
instanceKlass org/jetbrains/kotlin/load/java/JavaTypeEnhancementState
instanceKlass org/jetbrains/kotlin/config/JvmAnalysisFlags$Delegates$JavaTypeEnhancementStateWarnByDefault
instanceKlass org/jetbrains/kotlin/config/JvmAnalysisFlags
instanceKlass org/jetbrains/kotlin/config/AnalysisFlag$Delegates$ApiModeDisabledByDefault
instanceKlass org/jetbrains/kotlin/config/AnalysisFlag$Delegates$ListOfStrings
instanceKlass org/jetbrains/kotlin/config/AnalysisFlag
instanceKlass org/jetbrains/kotlin/config/AnalysisFlag$Delegate
instanceKlass kotlin/properties/ReadOnlyProperty
instanceKlass org/jetbrains/kotlin/config/AnalysisFlag$Delegates$Boolean
instanceKlass kotlin/reflect/KProperty$Getter
instanceKlass kotlin/reflect/KProperty$Accessor
instanceKlass org/jetbrains/kotlin/config/AnalysisFlags
instanceKlass org/jetbrains/kotlin/config/LanguageVersionSettingsImpl$Companion
instanceKlass org/jetbrains/kotlin/config/LanguageVersionSettings$Companion
instanceKlass org/jetbrains/kotlin/config/LanguageVersionSettingsImpl
instanceKlass java/math/MutableBigInteger
instanceKlass org/jetbrains/kotlin/config/MavenComparableVersion$IntegerItem
instanceKlass org/jetbrains/kotlin/config/MavenComparableVersion$Item
instanceKlass org/jetbrains/kotlin/config/MavenComparableVersion
instanceKlass org/jetbrains/kotlin/config/ApiVersion$Companion
instanceKlass org/jetbrains/kotlin/config/ApiVersion
instanceKlass org/jetbrains/kotlin/config/LanguageVersion$Companion
instanceKlass org/jetbrains/kotlin/config/IncrementalCompilation
instanceKlass org/jetbrains/kotlin/cli/common/UtilsKt
instanceKlass org/jetbrains/kotlin/config/CommonConfigurationKeys
instanceKlass org/jetbrains/kotlin/cli/common/messages/IrMessageCollector$Companion
instanceKlass org/jetbrains/kotlin/cli/common/messages/IrMessageCollector
instanceKlass org/jetbrains/kotlin/ir/util/IrMessageLogger$Companion
instanceKlass org/jetbrains/kotlin/ir/util/IrMessageLogger
instanceKlass org/jetbrains/kotlin/com/google/common/collect/AbstractMapEntry
instanceKlass org/jetbrains/kotlin/com/google/common/collect/LinkedHashMultimap$ValueSetLink
instanceKlass org/jetbrains/kotlin/com/google/common/collect/CollectPreconditions
instanceKlass org/jetbrains/kotlin/com/google/common/base/Preconditions
instanceKlass org/jetbrains/kotlin/com/google/common/collect/UnmodifiableIterator
instanceKlass org/jetbrains/kotlin/com/google/common/collect/Maps$EntryTransformer
instanceKlass org/jetbrains/kotlin/com/google/common/collect/ImmutableMap
instanceKlass org/jetbrains/kotlin/com/google/common/collect/BiMap
instanceKlass org/jetbrains/kotlin/com/google/common/base/Converter
instanceKlass org/jetbrains/kotlin/com/google/common/base/Function
instanceKlass org/jetbrains/kotlin/com/google/common/collect/SortedMapDifference
instanceKlass org/jetbrains/kotlin/com/google/common/collect/MapDifference
instanceKlass org/jetbrains/kotlin/com/google/common/collect/Maps
instanceKlass jdk/internal/logger/DefaultLoggerFinder$1
instanceKlass java/util/logging/Logger$SystemLoggerHelper$1
instanceKlass java/util/logging/Logger$SystemLoggerHelper
instanceKlass java/util/logging/LogManager$4
instanceKlass jdk/internal/logger/BootstrapLogger$BootstrapExecutors
instanceKlass jdk/internal/logger/BootstrapLogger$RedirectedLoggers
instanceKlass java/util/ServiceLoader$ProviderImpl
instanceKlass java/util/ServiceLoader$Provider
instanceKlass java/util/ServiceLoader$1
instanceKlass java/util/concurrent/CopyOnWriteArrayList$COWIterator
instanceKlass jdk/internal/loader/URLClassPath$1
instanceKlass java/lang/CompoundEnumeration
instanceKlass jdk/internal/loader/BuiltinClassLoader$1
instanceKlass java/util/Collections$EmptyEnumeration
instanceKlass java/util/ServiceLoader$3
instanceKlass java/util/ServiceLoader$2
instanceKlass java/util/ServiceLoader$LazyClassPathLookupIterator
instanceKlass java/util/Spliterators$1Adapter
instanceKlass java/util/Spliterators$ArraySpliterator
instanceKlass java/util/Spliterator$OfDouble
instanceKlass java/util/Spliterator$OfLong
instanceKlass java/util/Spliterator$OfInt
instanceKlass java/util/Spliterator$OfPrimitive
instanceKlass java/util/Spliterators$EmptySpliterator
instanceKlass java/util/Spliterators
instanceKlass java/util/ServiceLoader$ModuleServicesLookupIterator
instanceKlass java/util/ServiceLoader
instanceKlass jdk/internal/logger/BootstrapLogger$DetectBackend$1
instanceKlass jdk/internal/logger/BootstrapLogger$DetectBackend
instanceKlass jdk/internal/logger/BootstrapLogger
instanceKlass sun/util/logging/PlatformLogger$ConfigurableBridge
instanceKlass sun/util/logging/PlatformLogger$Bridge
instanceKlass java/lang/System$Logger
instanceKlass  @bci java/util/stream/MatchOps makeRef (Ljava/util/function/Predicate;Ljava/util/stream/MatchOps$MatchKind;)Ljava/util/stream/TerminalOp; 20 <appendix> member <vmtarget> ; # java/util/stream/MatchOps$$Lambda+0x800000050
instanceKlass java/util/stream/MatchOps$BooleanTerminalSink
instanceKlass java/util/stream/MatchOps$MatchOp
instanceKlass java/util/stream/MatchOps
instanceKlass java/util/stream/Streams
instanceKlass java/util/stream/Stream$Builder
instanceKlass java/util/stream/Streams$AbstractStreamBuilderImpl
instanceKlass java/util/stream/Sink$ChainedReference
instanceKlass java/util/stream/ReferencePipeline$7$1FlatMap
instanceKlass  @bci java/util/stream/FindOps$FindSink$OfRef <clinit> ()V 43 <appendix> argL0 ; # java/util/stream/FindOps$FindSink$OfRef$$Lambda+0x80000004c
instanceKlass  @bci java/util/stream/FindOps$FindSink$OfRef <clinit> ()V 38 <appendix> argL0 ; # java/util/stream/FindOps$FindSink$OfRef$$Lambda+0x80000004e
instanceKlass  @bci java/util/stream/FindOps$FindSink$OfRef <clinit> ()V 16 <appendix> argL0 ; # java/util/stream/FindOps$FindSink$OfRef$$Lambda+0x80000004d
instanceKlass  @bci java/util/stream/FindOps$FindSink$OfRef <clinit> ()V 11 <appendix> argL0 ; # java/util/stream/FindOps$FindSink$OfRef$$Lambda+0x80000004f
instanceKlass java/util/stream/FindOps$FindOp
instanceKlass java/util/stream/TerminalOp
instanceKlass java/util/stream/FindOps$FindSink
instanceKlass java/util/stream/TerminalSink
instanceKlass java/util/stream/Sink
instanceKlass java/util/stream/FindOps
instanceKlass  @bci java/util/logging/Level$KnownLevel findByName (Ljava/lang/String;Ljava/util/function/Function;)Ljava/util/Optional; 29 <appendix> argL0 ; # java/util/logging/Level$KnownLevel$$Lambda+0x80000002c
instanceKlass java/util/EnumMap$1
instanceKlass java/util/stream/StreamOpFlag$MaskBuilder
instanceKlass java/util/stream/Stream
instanceKlass java/util/stream/BaseStream
instanceKlass java/util/stream/PipelineHelper
instanceKlass java/util/stream/StreamSupport
instanceKlass java/util/ArrayList$ArrayListSpliterator
instanceKlass java/util/Spliterator
instanceKlass  @bci java/util/logging/Level findLevel (Ljava/lang/String;)Ljava/util/logging/Level; 13 <appendix> argL0 ; # java/util/logging/Level$$Lambda+0x80000001a
instanceKlass java/util/Hashtable$Enumerator
instanceKlass java/util/Collections$SynchronizedCollection
instanceKlass java/util/Properties$EntrySet
instanceKlass java/util/Collections$3
instanceKlass java/util/logging/LogManager$LoggerContext$1
instanceKlass java/util/logging/LogManager$VisitedLoggers
instanceKlass java/util/function/Predicate
instanceKlass  @bci java/util/logging/LogManager$LoggerContext$1 run ()Ljava/lang/Void; 22 <appendix> form vmentry <vmtarget> ; # java/lang/invoke/LambdaForm$MH+0x0000019381034000
instanceKlass java/util/logging/LogManager$2
instanceKlass java/lang/System$LoggerFinder
instanceKlass java/security/Security$1
instanceKlass jdk/internal/access/JavaSecurityPropertiesAccess
instanceKlass java/util/concurrent/ConcurrentHashMap$MapEntry
instanceKlass java/util/Properties$LineReader
instanceKlass  @bci java/security/Security <clinit> ()V 9 <appendix> argL0 ; # java/security/Security$$Lambda+0x800000012
instanceKlass java/security/Security
instanceKlass sun/security/util/SecurityProperties
instanceKlass sun/security/util/FilePermCompat
instanceKlass java/util/logging/LogManager$LoggingProviderAccess
instanceKlass sun/util/logging/internal/LoggingProviderImpl$LogManagerAccess
instanceKlass java/lang/Shutdown$Lock
instanceKlass java/lang/Shutdown
instanceKlass java/lang/ApplicationShutdownHooks$1
instanceKlass java/lang/ApplicationShutdownHooks
instanceKlass java/util/Collections$SynchronizedMap
instanceKlass java/util/logging/LogManager$LogNode
instanceKlass java/util/logging/LogManager$LoggerContext
instanceKlass java/util/logging/LogManager$1
instanceKlass java/util/logging/LogManager
instanceKlass java/util/logging/Logger$ConfigurationData
instanceKlass java/util/logging/Logger$LoggerBundle
instanceKlass  @bci java/util/logging/Level$KnownLevel add (Ljava/util/logging/Level;)V 49 <appendix> argL0 ; # java/util/logging/Level$KnownLevel$$Lambda+0x80000002b
instanceKlass  @bci java/util/logging/Level$KnownLevel add (Ljava/util/logging/Level;)V 19 <appendix> argL0 ; # java/util/logging/Level$KnownLevel$$Lambda+0x80000002a
instanceKlass java/util/logging/Level
instanceKlass java/util/logging/Handler
instanceKlass java/util/logging/Logger
instanceKlass org/jetbrains/kotlin/com/google/common/collect/Platform
instanceKlass org/jetbrains/kotlin/com/google/common/collect/Multiset
instanceKlass org/jetbrains/kotlin/com/google/common/collect/AbstractMultimap
instanceKlass org/jetbrains/kotlin/com/google/common/collect/SetMultimap
instanceKlass org/jetbrains/kotlin/com/google/common/collect/Multimap
instanceKlass org/jetbrains/kotlin/cli/common/messages/GroupingMessageCollector
instanceKlass org/jetbrains/kotlin/it/unimi/dsi/fastutil/HashCommon
instanceKlass org/jetbrains/kotlin/it/unimi/dsi/fastutil/ints/Int2ObjectMap$FastEntrySet
instanceKlass org/jetbrains/kotlin/it/unimi/dsi/fastutil/objects/ObjectSet
instanceKlass org/jetbrains/kotlin/it/unimi/dsi/fastutil/ints/IntSet
instanceKlass org/jetbrains/kotlin/it/unimi/dsi/fastutil/ints/IntCollection
instanceKlass org/jetbrains/kotlin/it/unimi/dsi/fastutil/ints/IntIterable
instanceKlass org/jetbrains/kotlin/it/unimi/dsi/fastutil/objects/ObjectCollection
instanceKlass org/jetbrains/kotlin/it/unimi/dsi/fastutil/objects/ObjectIterable
instanceKlass org/jetbrains/kotlin/it/unimi/dsi/fastutil/ints/AbstractInt2ObjectFunction
instanceKlass org/jetbrains/kotlin/it/unimi/dsi/fastutil/Hash
instanceKlass org/jetbrains/kotlin/it/unimi/dsi/fastutil/ints/Int2ObjectMap
instanceKlass org/jetbrains/kotlin/it/unimi/dsi/fastutil/ints/Int2ObjectFunction
instanceKlass java/util/function/IntFunction
instanceKlass org/jetbrains/kotlin/it/unimi/dsi/fastutil/Function
instanceKlass org/jetbrains/kotlin/com/intellij/util/containers/IntKeyWeakValueHashMap
instanceKlass org/jetbrains/kotlin/com/intellij/util/containers/ConcurrentList
instanceKlass org/jetbrains/kotlin/com/intellij/util/containers/ConcurrentIntObjectMap
instanceKlass org/jetbrains/kotlin/com/intellij/util/containers/IntObjectMap
instanceKlass org/jetbrains/kotlin/com/intellij/util/containers/ConcurrentLongObjectMap
instanceKlass org/jetbrains/kotlin/com/intellij/util/containers/ContainerUtil
instanceKlass org/jetbrains/kotlin/com/intellij/openapi/util/Key
instanceKlass org/jetbrains/kotlin/config/CompilerConfigurationKey
instanceKlass org/jetbrains/kotlin/cli/common/CLIConfigurationKeys
instanceKlass org/jetbrains/kotlin/utils/SmartList$EmptyIterator
instanceKlass org/jetbrains/kotlin/cli/common/ArgumentsKt
instanceKlass java/net/URLConnection
instanceKlass org/jetbrains/kotlin/cli/common/messages/PrintingMessageCollector
instanceKlass kotlin/jvm/internal/CollectionToArray
# instanceKlass java/lang/invoke/LambdaForm$MH+0x000001938102ac00
# instanceKlass java/lang/invoke/LambdaForm$MH+0x000001938102a800
# instanceKlass java/lang/invoke/LambdaForm$MH+0x000001938102a400
# instanceKlass java/lang/invoke/LambdaForm$MH+0x000001938102a000
# instanceKlass java/lang/invoke/LambdaForm$MH+0x0000019381029c00
instanceKlass  @cpi org/jetbrains/kotlin/com/intellij/openapi/vfs/DeprecatedVirtualFileSystem 65 form vmentry <vmtarget> ; # java/lang/invoke/LambdaForm$DMH+0x0000019381029800
# instanceKlass java/lang/invoke/LambdaForm$MH+0x0000019381029400
# instanceKlass java/lang/invoke/LambdaForm$BMH+0x0000019381029000
# instanceKlass java/lang/invoke/LambdaForm$DMH+0x0000019381028c00
# instanceKlass java/lang/invoke/LambdaForm$MH+0x0000019381028800
# instanceKlass java/lang/invoke/LambdaForm$DMH+0x0000019381028400
instanceKlass java/lang/invoke/ClassSpecializer$Factory$1Var
instanceKlass java/lang/invoke/MethodHandles$1
instanceKlass sun/invoke/util/ValueConversions$1
instanceKlass sun/invoke/util/ValueConversions$WrapperCache
# instanceKlass java/lang/invoke/LambdaForm$DMH+0x0000019381028000
instanceKlass kotlin/reflect/jvm/internal/pcollections/MapEntry
instanceKlass kotlin/reflect/jvm/internal/ReflectProperties$Val$1
instanceKlass kotlin/reflect/jvm/internal/ReflectProperties$Val
instanceKlass kotlin/reflect/jvm/internal/ReflectProperties
instanceKlass  @bci java/util/regex/CharPredicates ASCII_DIGIT ()Ljava/util/regex/Pattern$BmpCharPredicate; 0 <appendix> argL0 ; # java/util/regex/CharPredicates$$Lambda+0x80000002e
instanceKlass java/util/regex/CharPredicates
instanceKlass kotlin/text/Regex$Companion
instanceKlass kotlin/text/Regex
instanceKlass kotlin/jvm/internal/DefaultConstructorMarker
instanceKlass kotlin/reflect/jvm/internal/KDeclarationContainerImpl$Companion
instanceKlass kotlin/reflect/jvm/internal/KTypeParameterOwnerImpl
instanceKlass kotlin/reflect/jvm/internal/KClassifierImpl
instanceKlass kotlin/reflect/jvm/internal/pcollections/ConsPStack
instanceKlass kotlin/reflect/jvm/internal/pcollections/IntTree
instanceKlass kotlin/reflect/jvm/internal/pcollections/IntTreePMap
instanceKlass kotlin/reflect/jvm/internal/pcollections/HashPMap
instanceKlass kotlin/reflect/jvm/internal/KClassCacheKt
instanceKlass kotlin/reflect/jvm/internal/KDeclarationContainerImpl
instanceKlass kotlin/jvm/internal/ClassBasedDeclarationContainer
instanceKlass kotlin/reflect/KMutableProperty2
instanceKlass kotlin/reflect/KProperty2
instanceKlass kotlin/reflect/KType
instanceKlass kotlin/reflect/KTypeParameter
instanceKlass kotlin/reflect/KMutableProperty1
instanceKlass kotlin/reflect/KProperty1
instanceKlass kotlin/reflect/KMutableProperty0
instanceKlass kotlin/reflect/KMutableProperty
instanceKlass kotlin/reflect/KProperty0
instanceKlass kotlin/reflect/KProperty
instanceKlass kotlin/reflect/KClass
instanceKlass kotlin/jvm/internal/ReflectionFactory
instanceKlass kotlin/reflect/KClassifier
instanceKlass kotlin/jvm/internal/Reflection
instanceKlass kotlin/jvm/JvmClassMappingKt
# instanceKlass java/lang/invoke/LambdaForm$MH+0x000001938101d800
instanceKlass java/lang/invoke/MethodHandle$1
instanceKlass org/jetbrains/kotlin/config/LanguageVersionSettings
instanceKlass org/jetbrains/kotlin/cli/common/messages/MessageCollector
instanceKlass org/jetbrains/kotlin/config/LanguageOrApiVersion
instanceKlass org/jetbrains/kotlin/utils/DescriptionAware
instanceKlass kotlin/collections/builders/MapBuilder$EntryRef
instanceKlass kotlin/jvm/internal/markers/KMutableMap$Entry
instanceKlass kotlin/collections/builders/MapBuilder$Itr
instanceKlass kotlin/jvm/internal/markers/KMutableIterator
instanceKlass org/jetbrains/kotlin/cli/common/arguments/ArgumentField
instanceKlass org/jetbrains/kotlin/util/capitalizeDecapitalize/CapitalizeDecapitalizeKt
instanceKlass org/jetbrains/kotlin/name/ClassId
instanceKlass org/jetbrains/kotlin/name/FqNameUnsafe$1
instanceKlass java/util/regex/Pattern$TreeInfo
instanceKlass  @bci java/util/regex/Pattern Single (I)Ljava/util/regex/Pattern$BmpCharPredicate; 1 <appendix> member <vmtarget> ; # java/util/regex/Pattern$$Lambda+0x800000032
instanceKlass java/util/regex/Pattern$BmpCharPredicate
instanceKlass java/util/regex/Pattern$CharPredicate
instanceKlass java/util/regex/Pattern$Node
instanceKlass java/util/regex/Pattern
instanceKlass org/jetbrains/kotlin/name/Name
instanceKlass org/jetbrains/kotlin/name/FqNameUnsafe
instanceKlass org/jetbrains/kotlin/name/FqName
instanceKlass org/jetbrains/kotlin/load/java/JvmAbi
instanceKlass kotlin/Metadata
instanceKlass java/lang/annotation/Target
# instanceKlass java/lang/invoke/LambdaForm$MH+0x000001938101d400
# instanceKlass java/lang/invoke/LambdaForm$MH+0x000001938101d000
instanceKlass java/lang/reflect/Proxy$ProxyBuilder$1
instanceKlass jdk/internal/classfile/impl/TemporaryConstantPool
instanceKlass  @bci jdk/internal/classfile/impl/StackMapDecoder writeTypeInfo (Ljdk/internal/classfile/impl/BufWriterImpl;Ljava/lang/classfile/attribute/StackMapFrameInfo$VerificationTypeInfo;)V 21 <appendix> argL0 member <vmtarget> ; # jdk/internal/classfile/impl/StackMapDecoder$$TypeSwitch+0x0000019381059808
instanceKlass java/lang/classfile/attribute/StackMapFrameInfo$UninitializedVerificationTypeInfo
instanceKlass jdk/internal/classfile/impl/StackMapDecoder
instanceKlass jdk/internal/classfile/impl/StackCounter
instanceKlass  @bci java/lang/reflect/ProxyGenerator lambda$generateLookupAccessor$6 (Ljava/lang/classfile/MethodBuilder;)V 30 <appendix> member <vmtarget> ; # java/lang/reflect/ProxyGenerator$$Lambda+0x0000019381058948
instanceKlass  @bci java/lang/reflect/ProxyGenerator generateLookupAccessor (Ljava/lang/classfile/ClassBuilder;)V 10 <appendix> member <vmtarget> ; # java/lang/reflect/ProxyGenerator$$Lambda+0x0000019381058710
instanceKlass java/lang/classfile/constantpool/StringEntry
instanceKlass java/lang/classfile/instruction/StoreInstruction
instanceKlass java/lang/classfile/constantpool/DoubleEntry
instanceKlass java/lang/classfile/constantpool/LongEntry
instanceKlass java/lang/classfile/constantpool/ConstantValueEntry
instanceKlass java/lang/classfile/instruction/ConstantInstruction$LoadConstantInstruction
instanceKlass  @bci java/lang/reflect/ProxyGenerator generateStaticInitializer (Ljava/lang/classfile/ClassBuilder;)V 10 <appendix> member <vmtarget> ; # java/lang/reflect/ProxyGenerator$$Lambda+0x0000019381057008
instanceKlass java/lang/classfile/instruction/ArrayStoreInstruction
instanceKlass java/lang/classfile/instruction/NewReferenceArrayInstruction
instanceKlass java/lang/classfile/attribute/StackMapTableAttribute
instanceKlass java/lang/classfile/attribute/StackMapFrameInfo
instanceKlass java/lang/classfile/instruction/NewObjectInstruction
instanceKlass java/lang/classfile/instruction/ThrowInstruction
instanceKlass java/lang/classfile/instruction/ExceptionCatch
instanceKlass java/lang/classfile/instruction/FieldInstruction
instanceKlass  @bci java/lang/reflect/ProxyGenerator$ProxyMethod lambda$generateMethod$1 (Ljava/util/List;Ljava/lang/classfile/MethodBuilder;)V 31 <appendix> member <vmtarget> ; # java/lang/reflect/ProxyGenerator$ProxyMethod$$Lambda+0x00000193810542f0
instanceKlass java/lang/classfile/attribute/ExceptionsAttribute
instanceKlass  @bci java/lang/reflect/ProxyGenerator$ProxyMethod generateMethod (Ljava/lang/classfile/ClassBuilder;)V 90 <appendix> member <vmtarget> ; # java/lang/reflect/ProxyGenerator$ProxyMethod$$Lambda+0x00000193810539a0
instanceKlass jdk/internal/classfile/impl/TerminalFieldBuilder
instanceKlass  @bci java/lang/classfile/ClassBuilder withField (Ljava/lang/String;Ljava/lang/constant/ClassDesc;I)Ljava/lang/classfile/ClassBuilder; 4 <appendix> member <vmtarget> ; # java/lang/classfile/ClassBuilder$$Lambda+0x0000019381053228
instanceKlass  @cpi java/lang/classfile/ClassBuilder 205 form vmentry <vmtarget> ; # java/lang/invoke/LambdaForm$DMH+0x000001938101cc00
instanceKlass java/lang/classfile/FieldBuilder
instanceKlass  @bci java/lang/reflect/ProxyGenerator generateConstructor (Ljava/lang/classfile/ClassBuilder;)V 8 <appendix> member <vmtarget> ; # java/lang/reflect/ProxyGenerator$$Lambda+0x0000019381052df0
instanceKlass java/lang/classfile/Interfaces
instanceKlass java/lang/classfile/Superclass
instanceKlass  @bci java/lang/reflect/ProxyGenerator generateClassFile ()[B 188 <appendix> member <vmtarget> ; # java/lang/reflect/ProxyGenerator$$Lambda+0x0000019381052308
instanceKlass  @cpi org/jetbrains/kotlin/com/intellij/openapi/extensions/impl/ExtensionPointImpl 243 form vmentry <vmtarget> ; # java/lang/invoke/LambdaForm$DMH+0x000001938101c800
instanceKlass  @bci java/lang/reflect/ProxyGenerator addProxyMethod (Ljava/lang/reflect/Method;Ljava/lang/Class;)V 23 <appendix> argL0 ; # java/lang/reflect/ProxyGenerator$$Lambda+0x00000193810520c8
instanceKlass  @bci java/lang/reflect/ProxyGenerator addProxyMethod (Ljava/lang/reflect/ProxyGenerator$ProxyMethod;)V 10 <appendix> argL0 ; # java/lang/reflect/ProxyGenerator$$Lambda+0x0000019381051e88
instanceKlass java/util/StringJoiner
instanceKlass java/lang/reflect/ProxyGenerator$ProxyMethod
instanceKlass java/lang/classfile/constantpool/InterfaceMethodRefEntry
instanceKlass java/lang/classfile/constantpool/FieldRefEntry
instanceKlass java/lang/classfile/attribute/StackMapFrameInfo$ObjectVerificationTypeInfo
instanceKlass java/lang/classfile/attribute/StackMapFrameInfo$VerificationTypeInfo
instanceKlass  @bci jdk/internal/classfile/impl/StackMapDecoder writeTypeInfo (Ljdk/internal/classfile/impl/BufWriterImpl;Ljava/lang/classfile/attribute/StackMapFrameInfo$VerificationTypeInfo;)V 21 <appendix> form vmentry <vmtarget> ; # java/lang/invoke/LambdaForm$MH+0x000001938101c400
# instanceKlass java/lang/invoke/LambdaForm$MH+0x000001938101c000
instanceKlass java/lang/runtime/SwitchBootstraps$ResolvedEnumLabels
instanceKlass  @bci jdk/internal/classfile/impl/ClassFileImpl withOptions ([Ljava/lang/classfile/ClassFile$Option;)Ljdk/internal/classfile/impl/ClassFileImpl; 99 <appendix> argL0 member <vmtarget> ; # jdk/internal/classfile/impl/ClassFileImpl$$TypeSwitch+0x00000193810502d8
instanceKlass jdk/internal/org/objectweb/asm/ClassReader
instanceKlass jdk/internal/classfile/impl/ClassReaderImpl
instanceKlass java/lang/classfile/ClassReader
instanceKlass jdk/internal/classfile/impl/RawBytecodeHelper
instanceKlass java/util/BitSet
instanceKlass jdk/internal/classfile/impl/StackMapGenerator$Frame
instanceKlass jdk/internal/classfile/impl/ClassHierarchyImpl$CachedClassHierarchyResolver$1
instanceKlass java/lang/classfile/ClassHierarchyResolver$ClassHierarchyInfo
instanceKlass jdk/internal/classfile/impl/ClassHierarchyImpl$CachedClassHierarchyResolver
instanceKlass jdk/internal/classfile/impl/StackMapGenerator
instanceKlass jdk/internal/classfile/impl/DirectCodeBuilder$8
instanceKlass java/util/Collections$EmptyIterator
instanceKlass jdk/internal/classfile/impl/AbstractAttributeMapper
instanceKlass java/lang/classfile/AttributeMapper
instanceKlass java/lang/classfile/Attributes
instanceKlass java/lang/classfile/Attribute
instanceKlass java/lang/classfile/instruction/TypeCheckInstruction
instanceKlass java/lang/classfile/instruction/TableSwitchInstruction
instanceKlass java/util/ReverseOrderListView
instanceKlass java/lang/classfile/instruction/SwitchCase
instanceKlass java/lang/classfile/instruction/ReturnInstruction
instanceKlass java/lang/classfile/instruction/ConstantInstruction$IntrinsicConstantInstruction
instanceKlass java/lang/classfile/instruction/BranchInstruction
instanceKlass java/lang/classfile/instruction/StackInstruction
instanceKlass java/lang/classfile/instruction/InvokeInstruction
instanceKlass java/lang/classfile/constantpool/MethodRefEntry
instanceKlass java/lang/classfile/constantpool/MemberRefEntry
instanceKlass java/lang/classfile/constantpool/NameAndTypeEntry
instanceKlass java/lang/classfile/instruction/ConstantInstruction$ArgumentConstantInstruction
instanceKlass java/lang/classfile/instruction/ConstantInstruction
instanceKlass java/lang/classfile/CodeBuilder$1
instanceKlass java/lang/Long$LongCache
instanceKlass jdk/internal/classfile/impl/BytecodeHelpers$1
instanceKlass jdk/internal/classfile/impl/BytecodeHelpers
instanceKlass java/lang/classfile/instruction/LoadInstruction
instanceKlass java/lang/classfile/Instruction
instanceKlass java/lang/classfile/instruction/LabelTarget
instanceKlass java/lang/classfile/PseudoInstruction
instanceKlass java/lang/classfile/CodeElement
instanceKlass java/lang/classfile/Label
instanceKlass jdk/internal/classfile/impl/BufWriterImpl
instanceKlass java/lang/classfile/BufWriter
instanceKlass jdk/internal/classfile/impl/TerminalCodeBuilder
instanceKlass jdk/internal/classfile/impl/LabelContext
instanceKlass jdk/internal/classfile/impl/MethodInfo
instanceKlass jdk/internal/classfile/impl/TerminalMethodBuilder
instanceKlass  @bci java/lang/classfile/ClassBuilder withMethodBody (Ljava/lang/classfile/constantpool/Utf8Entry;Ljava/lang/classfile/constantpool/Utf8Entry;ILjava/util/function/Consumer;)Ljava/lang/classfile/ClassBuilder; 6 <appendix> member <vmtarget> ; # java/lang/classfile/ClassBuilder$$Lambda+0x800000002
instanceKlass java/lang/classfile/MethodBuilder
instanceKlass  @bci java/lang/runtime/SwitchBootstraps generateTypeSwitchSkeleton (Ljava/lang/Class;[Ljava/lang/Object;Ljava/util/List;Ljava/util/List;)Ljava/util/function/Consumer; 24 <appendix> member <vmtarget> ; # java/lang/runtime/SwitchBootstraps$$Lambda+0x80000000f
instanceKlass java/lang/classfile/CodeBuilder
instanceKlass jdk/internal/classfile/impl/AbstractElement
instanceKlass java/lang/classfile/AccessFlags
instanceKlass java/lang/classfile/FieldElement
instanceKlass java/lang/classfile/MethodElement
instanceKlass java/lang/classfile/ClassElement
instanceKlass jdk/internal/classfile/impl/AttributeHolder
instanceKlass jdk/internal/classfile/impl/AbstractDirectBuilder
instanceKlass java/lang/classfile/constantpool/ClassEntry
instanceKlass java/lang/classfile/constantpool/LoadableConstantEntry
instanceKlass java/lang/classfile/constantpool/Utf8Entry
instanceKlass java/lang/classfile/constantpool/AnnotationConstantValueEntry
instanceKlass jdk/internal/classfile/impl/EntryMap
instanceKlass jdk/internal/classfile/impl/AbstractPoolEntry
instanceKlass jdk/internal/classfile/impl/Util
instanceKlass jdk/internal/classfile/impl/BootstrapMethodEntryImpl
instanceKlass java/lang/classfile/BootstrapMethodEntry
instanceKlass java/lang/classfile/constantpool/PoolEntry
instanceKlass jdk/internal/classfile/impl/SplitConstantPool
instanceKlass java/lang/classfile/constantpool/ConstantPoolBuilder
instanceKlass java/lang/classfile/WritableElement
instanceKlass java/lang/classfile/ClassFileElement
instanceKlass java/lang/classfile/constantpool/ConstantPool
instanceKlass  @bci java/lang/runtime/SwitchBootstraps generateTypeSwitch (Ljava/lang/invoke/MethodHandles$Lookup;Ljava/lang/Class;[Ljava/lang/Object;)Ljava/lang/invoke/MethodHandle; 35 <appendix> member <vmtarget> ; # java/lang/runtime/SwitchBootstraps$$Lambda+0x800000011
instanceKlass java/lang/classfile/ClassBuilder
instanceKlass java/lang/classfile/ClassFileBuilder
instanceKlass java/lang/invoke/DirectMethodHandle$1
instanceKlass java/util/function/BiPredicate
instanceKlass java/lang/runtime/SwitchBootstraps
instanceKlass jdk/internal/classfile/impl/ClassFileImpl$1
instanceKlass java/lang/classfile/ClassFile$AttributeMapperOption
instanceKlass jdk/internal/classfile/impl/ClassHierarchyImpl$ClassLoadingClassHierarchyResolver$1
instanceKlass jdk/internal/classfile/impl/ClassHierarchyImpl$ClassLoadingClassHierarchyResolver
instanceKlass jdk/internal/classfile/impl/ClassHierarchyImpl
instanceKlass java/lang/classfile/ClassHierarchyResolver
instanceKlass java/lang/classfile/ClassFile$ClassHierarchyResolverOption
instanceKlass java/lang/classfile/ClassFile
instanceKlass java/lang/classfile/ClassFile$Option
instanceKlass java/lang/reflect/ProxyGenerator
instanceKlass  @bci java/lang/reflect/Proxy getLoader (Ljava/lang/Module;)Ljava/lang/ClassLoader; 6 <appendix> member <vmtarget> ; # java/lang/reflect/Proxy$$Lambda+0x000001938104ce70
instanceKlass  @bci java/lang/WeakPairMap computeIfAbsent (Ljava/lang/Object;Ljava/lang/Object;Ljava/util/function/BiFunction;)Ljava/lang/Object; 18 <appendix> member <vmtarget> ; # java/lang/WeakPairMap$$Lambda+0x000001938104ca18
instanceKlass  @bci java/lang/Module implAddExportsOrOpens (Ljava/lang/String;Ljava/lang/Module;ZZ)V 145 <appendix> argL0 ; # java/lang/Module$$Lambda+0x000001938104c7e8
instanceKlass  @bci java/lang/module/ModuleDescriptor$Builder packages (Ljava/util/Set;)Ljava/lang/module/ModuleDescriptor$Builder; 17 <appendix> argL0 ; # java/lang/module/ModuleDescriptor$Builder$$Lambda+0x800000004
instanceKlass java/lang/WeakPairMap$Pair$Lookup
instanceKlass java/lang/WeakPairMap$Pair
instanceKlass java/lang/WeakPairMap
instanceKlass java/lang/Module$ReflectionData
instanceKlass java/util/function/Consumer
instanceKlass jdk/internal/module/Checks
instanceKlass java/lang/module/ModuleDescriptor$Builder
instanceKlass  @bci java/lang/reflect/Proxy$ProxyBuilder getDynamicModule (Ljava/lang/ClassLoader;)Ljava/lang/Module; 4 <appendix> argL0 ; # java/lang/reflect/Proxy$ProxyBuilder$$Lambda+0x000001938104be90
instanceKlass java/util/LinkedHashMap$LinkedHashIterator
instanceKlass java/lang/PublicMethods
instanceKlass java/util/Collections$1
instanceKlass java/lang/reflect/Proxy$ProxyBuilder
instanceKlass  @bci java/lang/reflect/Proxy getProxyConstructor (Ljava/lang/Class;Ljava/lang/ClassLoader;[Ljava/lang/Class;)Ljava/lang/reflect/Constructor; 35 <appendix> argL0 ; # java/lang/reflect/Proxy$$Lambda+0x000001938104abc0
instanceKlass java/lang/ClassValue$Version
instanceKlass java/lang/ClassValue$Identity
instanceKlass java/lang/ClassValue
instanceKlass java/lang/reflect/Proxy
instanceKlass sun/reflect/annotation/AnnotationInvocationHandler
instanceKlass java/lang/reflect/InvocationHandler
instanceKlass sun/reflect/annotation/AnnotationParser$1
instanceKlass kotlin/annotation/Target
instanceKlass java/lang/annotation/Inherited
instanceKlass java/lang/annotation/Retention
instanceKlass sun/reflect/annotation/ExceptionProxy
instanceKlass sun/reflect/annotation/AnnotationType$1
instanceKlass sun/reflect/annotation/AnnotationType
instanceKlass java/lang/reflect/GenericArrayType
instanceKlass sun/reflect/generics/visitor/Reifier
instanceKlass sun/reflect/generics/visitor/TypeTreeVisitor
instanceKlass sun/reflect/generics/factory/CoreReflectionFactory
instanceKlass sun/reflect/generics/factory/GenericsFactory
instanceKlass sun/reflect/generics/scope/AbstractScope
instanceKlass sun/reflect/generics/scope/Scope
instanceKlass sun/reflect/generics/tree/ClassTypeSignature
instanceKlass sun/reflect/generics/tree/SimpleClassTypeSignature
instanceKlass sun/reflect/generics/tree/FieldTypeSignature
instanceKlass sun/reflect/generics/tree/BaseType
instanceKlass sun/reflect/generics/tree/TypeSignature
instanceKlass sun/reflect/generics/tree/ReturnType
instanceKlass sun/reflect/generics/tree/TypeArgument
instanceKlass sun/reflect/generics/tree/TypeTree
instanceKlass sun/reflect/generics/tree/Tree
instanceKlass sun/reflect/generics/parser/SignatureParser
instanceKlass kotlin/jvm/internal/markers/KMutableSet
instanceKlass kotlin/jvm/internal/markers/KMutableCollection
instanceKlass kotlin/jvm/internal/markers/KMutableIterable
instanceKlass sun/reflect/annotation/AnnotationParser
instanceKlass org/jetbrains/kotlin/cli/common/arguments/Argument
instanceKlass kotlin/collections/EmptySet
instanceKlass kotlin/collections/EmptyMap
instanceKlass kotlin/ranges/RangesKt__RangesKt
instanceKlass kotlin/collections/builders/ListBuilderKt
instanceKlass kotlin/collections/builders/MapBuilder$Companion
instanceKlass kotlin/collections/builders/MapBuilder
instanceKlass kotlin/jvm/internal/markers/KMutableMap
instanceKlass kotlin/collections/MapsKt__MapWithDefaultKt
instanceKlass java/io/FileInputStream$1
instanceKlass kotlin/io/CloseableKt
instanceKlass kotlin/text/CharsKt__CharJVMKt
instanceKlass java/nio/charset/CoderResult
instanceKlass kotlin/sequences/GeneratorSequence$iterator$1
instanceKlass java/lang/invoke/VarHandle$AccessDescriptor
instanceKlass java/lang/invoke/VarForm
instanceKlass java/lang/invoke/VarHandleGuards
instanceKlass java/lang/invoke/VarHandles
instanceKlass java/util/concurrent/atomic/AtomicReference
instanceKlass kotlin/sequences/ConstrainedOnceSequence
instanceKlass kotlin/sequences/GeneratorSequence
instanceKlass kotlin/sequences/Sequence
instanceKlass kotlin/sequences/SequencesKt__SequenceBuilderKt
instanceKlass java/io/Reader
instanceKlass java/lang/Readable
instanceKlass kotlin/text/Charsets
instanceKlass org/jetbrains/kotlin/cli/common/arguments/ArgumentParseErrors
instanceKlass java/util/Arrays$ArrayItr
instanceKlass org/jetbrains/kotlin/cli/common/arguments/PreprocessCommandLineArgumentsKt
instanceKlass kotlin/UNINITIALIZED_VALUE
instanceKlass kotlin/SynchronizedLazyImpl
instanceKlass kotlin/Lazy
instanceKlass kotlin/LazyKt__LazyJVMKt
instanceKlass kotlin/jvm/internal/Lambda
instanceKlass kotlin/jvm/functions/Function0
instanceKlass org/jetbrains/kotlin/cli/common/arguments/ParseCommandLineArgumentsKt
instanceKlass kotlin/collections/ArraysUtilJVM
instanceKlass kotlin/collections/ArraysKt__ArraysJVMKt
instanceKlass java/lang/ProcessEnvironment$CheckedEntry
instanceKlass java/lang/ProcessEnvironment$CheckedEntrySet$1
instanceKlass java/lang/ProcessEnvironment$EntryComparator
instanceKlass java/lang/ProcessEnvironment$NameComparator
instanceKlass org/jetbrains/kotlin/config/JvmDefaultMode$Companion
instanceKlass org/jetbrains/kotlin/config/JVMAssertionsMode$Companion
instanceKlass org/jetbrains/kotlin/config/ExplicitApiMode$Companion
instanceKlass kotlin/collections/EmptyList
instanceKlass kotlin/collections/CollectionsKt__CollectionsJVMKt
instanceKlass org/jetbrains/kotlin/cli/common/arguments/K2JVMCompilerArguments$Companion
instanceKlass org/jetbrains/kotlin/cli/common/arguments/CommonCompilerArguments$Companion
instanceKlass org/jetbrains/kotlin/cli/common/arguments/CommonToolArguments$Companion
instanceKlass org/jetbrains/kotlin/config/Services$Builder
instanceKlass org/jetbrains/kotlin/config/Services$Companion
instanceKlass org/jetbrains/kotlin/cli/common/messages/XcodeStyleMessageRenderer
instanceKlass org/jetbrains/kotlin/cli/common/messages/GradleStyleMessageRenderer
# instanceKlass java/lang/invoke/LambdaForm$MH+0x000001938100c400
instanceKlass jdk/internal/reflect/MethodHandleAccessorFactory$LazyStaticHolder
instanceKlass java/lang/Class$3
instanceKlass kotlin/text/StringsKt__AppendableKt
instanceKlass org/jetbrains/kotlin/cli/common/PropertiesKt
instanceKlass org/jetbrains/kotlin/cli/common/messages/PlainTextMessageRenderer
instanceKlass org/jetbrains/kotlin/cli/common/messages/XmlMessageRenderer
instanceKlass org/jetbrains/kotlin/cli/common/messages/MessageRenderer
instanceKlass org/jetbrains/kotlin/com/intellij/openapi/application/ApplicationManager
instanceKlass  @bci org/jetbrains/kotlin/com/intellij/util/AstLoadingFilter <clinit> ()V 18 <appendix> form vmentry <vmtarget> ; # java/lang/invoke/LambdaForm$MH+0x000001938100c000
instanceKlass jdk/internal/org/objectweb/asm/FieldVisitor
instanceKlass java/util/ArrayList$Itr
instanceKlass java/lang/invoke/InvokerBytecodeGenerator$ClassData
instanceKlass jdk/internal/org/objectweb/asm/Frame
instanceKlass java/lang/invoke/LambdaFormBuffer
instanceKlass java/lang/invoke/LambdaFormEditor$TransformKey
instanceKlass java/lang/invoke/LambdaFormEditor
instanceKlass java/lang/invoke/DelegatingMethodHandle$Holder
instanceKlass java/lang/invoke/DirectMethodHandle$2
instanceKlass java/lang/invoke/ClassSpecializer$Factory
instanceKlass java/lang/invoke/ClassSpecializer$SpeciesData
instanceKlass java/lang/invoke/ClassSpecializer$1
instanceKlass java/lang/invoke/ClassSpecializer
instanceKlass sun/invoke/empty/Empty
instanceKlass sun/invoke/util/VerifyType
instanceKlass  @bci org/jetbrains/kotlin/com/intellij/openapi/diagnostic/Logger <clinit> ()V 11 <appendix> argL0 ; # org/jetbrains/kotlin/com/intellij/openapi/diagnostic/Logger$$Lambda+0x0000019381009fd8
instanceKlass java/lang/invoke/MethodHandles$Lookup$ClassDefiner
instanceKlass java/lang/invoke/MethodHandles$Lookup$ClassFile
instanceKlass jdk/internal/org/objectweb/asm/AnnotationVisitor
instanceKlass jdk/internal/org/objectweb/asm/Attribute
instanceKlass jdk/internal/org/objectweb/asm/Handler
instanceKlass jdk/internal/org/objectweb/asm/Label
instanceKlass jdk/internal/org/objectweb/asm/MethodVisitor
instanceKlass java/lang/invoke/LambdaProxyClassArchive
instanceKlass jdk/internal/org/objectweb/asm/ByteVector
instanceKlass jdk/internal/org/objectweb/asm/Symbol
instanceKlass jdk/internal/org/objectweb/asm/SymbolTable
instanceKlass jdk/internal/org/objectweb/asm/ClassVisitor
instanceKlass java/lang/invoke/InfoFromMemberName
instanceKlass java/lang/invoke/MethodHandleInfo
instanceKlass jdk/internal/org/objectweb/asm/ConstantDynamic
instanceKlass sun/invoke/util/BytecodeDescriptor
instanceKlass jdk/internal/org/objectweb/asm/Handle
instanceKlass sun/security/action/GetBooleanAction
instanceKlass jdk/internal/org/objectweb/asm/Type
instanceKlass java/lang/invoke/AbstractValidatingLambdaMetafactory
instanceKlass java/lang/invoke/MethodHandleImpl$1
instanceKlass jdk/internal/access/JavaLangInvokeAccess
instanceKlass java/lang/invoke/Invokers$Holder
instanceKlass java/lang/invoke/BootstrapMethodInvoker
instanceKlass sun/invoke/util/VerifyAccess$1
instanceKlass org/jetbrains/kotlin/com/intellij/openapi/diagnostic/Attachment
instanceKlass java/lang/invoke/InvokerBytecodeGenerator$1
instanceKlass java/lang/invoke/InvokerBytecodeGenerator
instanceKlass java/lang/invoke/LambdaForm$Holder
instanceKlass java/lang/invoke/LambdaForm$Name
instanceKlass java/lang/invoke/Invokers
instanceKlass java/lang/invoke/MethodHandleImpl
instanceKlass sun/invoke/util/ValueConversions
instanceKlass java/lang/invoke/DirectMethodHandle$Holder
instanceKlass java/lang/invoke/LambdaForm$NamedFunction
instanceKlass java/lang/constant/DynamicConstantDesc
instanceKlass jdk/internal/constant/DirectMethodHandleDescImpl$1
instanceKlass jdk/internal/constant/ConstantUtils
instanceKlass jdk/internal/constant/DirectMethodHandleDescImpl
instanceKlass java/lang/constant/DirectMethodHandleDesc
instanceKlass java/lang/constant/MethodHandleDesc$1
instanceKlass java/lang/constant/MethodHandleDesc
instanceKlass jdk/internal/constant/MethodTypeDescImpl
instanceKlass java/lang/constant/MethodTypeDesc
instanceKlass jdk/internal/constant/ReferenceClassDescImpl
instanceKlass java/lang/constant/ClassDesc
instanceKlass java/lang/constant/ConstantDescs
instanceKlass sun/invoke/util/Wrapper$Format
instanceKlass java/lang/invoke/MethodTypeForm
instanceKlass java/lang/invoke/MethodType$1
instanceKlass java/lang/invoke/LambdaMetafactory
instanceKlass org/jetbrains/kotlin/com/intellij/openapi/diagnostic/Logger$DefaultFactory
instanceKlass org/jetbrains/kotlin/com/intellij/openapi/diagnostic/Logger$Factory
instanceKlass org/jetbrains/kotlin/com/intellij/openapi/diagnostic/Logger
instanceKlass org/jetbrains/kotlin/cli/jvm/compiler/IdeaStandaloneExecutionSetup
instanceKlass org/jetbrains/kotlin/cli/jvm/compiler/CompatKt
instanceKlass kotlin/jvm/functions/Function2
instanceKlass kotlin/jvm/internal/CallableReference$NoReceiver
instanceKlass kotlin/reflect/KDeclarationContainer
instanceKlass kotlin/jvm/internal/CallableReference
instanceKlass kotlin/reflect/KFunction
instanceKlass kotlin/reflect/KCallable
instanceKlass kotlin/reflect/KAnnotatedElement
instanceKlass kotlin/jvm/internal/FunctionBase
instanceKlass kotlin/jvm/functions/Function1
instanceKlass kotlin/Function
instanceKlass org/jetbrains/kotlin/cli/common/CompilerSystemProperties$Companion
instanceKlass kotlin/collections/AbstractList$Companion
instanceKlass kotlin/collections/AbstractCollection
instanceKlass kotlin/enums/EnumEntries
instanceKlass kotlin/jvm/internal/markers/KMappedMarker
instanceKlass kotlin/enums/EnumEntriesKt
instanceKlass org/jetbrains/kotlin/util/PerformanceCounter$Companion
instanceKlass org/jetbrains/kotlin/util/PerformanceCounter
instanceKlass jdk/internal/jimage/ImageLocation
instanceKlass jdk/internal/jimage/decompressor/Decompressor
instanceKlass jdk/internal/jimage/ImageStringsReader
instanceKlass jdk/internal/jimage/ImageStrings
instanceKlass jdk/internal/jimage/ImageHeader
instanceKlass jdk/internal/jimage/NativeImageBuffer$1
instanceKlass jdk/internal/jimage/NativeImageBuffer
instanceKlass jdk/internal/jimage/BasicImageReader$1
instanceKlass jdk/internal/jimage/BasicImageReader
instanceKlass jdk/internal/jimage/ImageReader
instanceKlass jdk/internal/jimage/ImageReaderFactory$1
instanceKlass java/net/URI$Parser
instanceKlass java/nio/file/FileSystems$DefaultFileSystemHolder$1
instanceKlass java/nio/file/FileSystems$DefaultFileSystemHolder
instanceKlass java/nio/file/FileSystems
instanceKlass java/nio/file/Paths
instanceKlass jdk/internal/jimage/ImageReaderFactory
instanceKlass jdk/internal/module/SystemModuleFinders$SystemImage
instanceKlass jdk/internal/module/SystemModuleFinders$SystemModuleReader
instanceKlass java/lang/module/ModuleReader
instanceKlass jdk/internal/loader/BuiltinClassLoader$5
instanceKlass jdk/internal/loader/BuiltinClassLoader$2
instanceKlass jdk/internal/module/Resources
instanceKlass kotlin/jvm/internal/Intrinsics
instanceKlass java/util/TreeMap$PrivateEntryIterator
instanceKlass java/util/TreeMap$Entry
instanceKlass java/util/NavigableMap
instanceKlass java/util/SortedMap
instanceKlass java/util/NavigableSet
instanceKlass java/util/SortedSet
instanceKlass java/util/SequencedSet
instanceKlass org/jetbrains/kotlin/cli/jvm/K2JVMCompiler$Companion
instanceKlass org/jetbrains/kotlin/cli/common/CLICompiler$Companion
instanceKlass org/jetbrains/kotlin/cli/common/CLITool$Companion
instanceKlass java/lang/Void
instanceKlass java/lang/PublicMethods$Key
instanceKlass java/lang/PublicMethods$MethodList
instanceKlass org/jetbrains/kotlin/cli/common/CommonCompilerPerformanceManager
instanceKlass org/jetbrains/kotlin/config/Services
instanceKlass org/jetbrains/kotlin/utils/KotlinPaths
instanceKlass org/jetbrains/kotlin/com/intellij/openapi/Disposable
instanceKlass org/jetbrains/kotlin/config/CompilerConfiguration
instanceKlass org/jetbrains/kotlin/cli/common/arguments/Freezable
instanceKlass org/jetbrains/kotlin/utils/exceptions/KotlinExceptionWithAttachments
instanceKlass org/jetbrains/kotlin/com/intellij/openapi/diagnostic/ExceptionWithAttachments
instanceKlass org/jetbrains/kotlin/com/intellij/openapi/diagnostic/ControlFlowException
instanceKlass jdk/internal/misc/PreviewFeatures
instanceKlass jdk/internal/misc/MethodFinder
instanceKlass org/jetbrains/kotlin/cli/common/CLITool
instanceKlass java/security/SecureClassLoader$DebugHolder
instanceKlass java/security/Permission
instanceKlass java/security/Guard
instanceKlass java/security/PermissionCollection
instanceKlass java/security/SecureClassLoader$1
instanceKlass java/util/zip/Checksum$1
instanceKlass java/util/zip/CRC32
instanceKlass java/util/zip/Checksum
instanceKlass sun/nio/ByteBuffered
instanceKlass java/lang/Package$VersionInfo
instanceKlass java/lang/NamedPackage
instanceKlass java/lang/reflect/Array
instanceKlass java/util/jar/Attributes$Name
instanceKlass java/util/SequencedMap
instanceKlass java/util/jar/Attributes
instanceKlass jdk/internal/loader/Resource
instanceKlass sun/security/action/GetIntegerAction
instanceKlass sun/security/util/Debug
instanceKlass sun/security/util/SignatureFileVerifier
instanceKlass java/util/zip/ZipFile$InflaterCleanupAction
instanceKlass java/util/zip/Inflater$InflaterZStreamRef
instanceKlass java/util/zip/Inflater
instanceKlass java/util/zip/ZipEntry
instanceKlass java/util/zip/ZipFile$2
instanceKlass java/nio/Bits$1
instanceKlass jdk/internal/misc/VM$BufferPool
instanceKlass java/nio/Bits
instanceKlass sun/nio/ch/DirectBuffer
instanceKlass jdk/internal/perf/PerfCounter$CoreCounters
instanceKlass jdk/internal/perf/Perf
instanceKlass jdk/internal/perf/Perf$GetPerfAction
instanceKlass jdk/internal/perf/PerfCounter
instanceKlass jdk/internal/util/StrongReferenceKey
instanceKlass jdk/internal/util/ReferenceKey
instanceKlass java/util/Locale$1
instanceKlass sun/util/locale/LocaleUtils
instanceKlass sun/util/locale/BaseLocale$1
instanceKlass java/util/function/UnaryOperator
instanceKlass jdk/internal/util/ReferencedKeyMap$1
instanceKlass jdk/internal/util/ReferencedKeyMap
instanceKlass sun/util/locale/BaseLocale
instanceKlass java/util/Locale
instanceKlass java/nio/file/attribute/FileTime
instanceKlass java/util/zip/ZipUtils
instanceKlass java/util/zip/ZipFile$Source$End
instanceKlass java/io/RandomAccessFile$2
instanceKlass jdk/internal/access/JavaIORandomAccessFileAccess
instanceKlass java/io/RandomAccessFile
instanceKlass java/io/DataInput
instanceKlass java/io/DataOutput
instanceKlass sun/nio/fs/WindowsNativeDispatcher$CompletionStatus
instanceKlass sun/nio/fs/WindowsNativeDispatcher$AclInformation
instanceKlass sun/nio/fs/WindowsNativeDispatcher$Account
instanceKlass sun/nio/fs/WindowsNativeDispatcher$DiskFreeSpace
instanceKlass sun/nio/fs/WindowsNativeDispatcher$VolumeInformation
instanceKlass sun/nio/fs/WindowsNativeDispatcher$FirstStream
instanceKlass sun/nio/fs/WindowsNativeDispatcher$FirstFile
instanceKlass java/util/Enumeration
instanceKlass java/util/concurrent/ConcurrentHashMap$Traverser
instanceKlass jdk/internal/loader/NativeLibraries$3
instanceKlass jdk/internal/loader/NativeLibrary
instanceKlass java/util/ArrayDeque$DeqIterator
instanceKlass jdk/internal/loader/NativeLibraries$NativeLibraryContext$1
instanceKlass jdk/internal/loader/NativeLibraries$NativeLibraryContext
instanceKlass jdk/internal/loader/NativeLibraries$2
instanceKlass jdk/internal/loader/NativeLibraries$1
instanceKlass jdk/internal/loader/NativeLibraries$LibraryPaths
instanceKlass sun/nio/fs/WindowsNativeDispatcher
instanceKlass sun/nio/fs/NativeBuffer$Deallocator
instanceKlass sun/nio/fs/NativeBuffer
instanceKlass java/lang/ThreadLocal$ThreadLocalMap
instanceKlass java/lang/ThreadLocal
instanceKlass sun/nio/fs/NativeBuffers
instanceKlass sun/nio/fs/WindowsFileAttributes
instanceKlass java/nio/file/attribute/DosFileAttributes
instanceKlass sun/nio/fs/AbstractBasicFileAttributeView
instanceKlass sun/nio/fs/DynamicFileAttributeView
instanceKlass sun/nio/fs/WindowsFileAttributeViews
instanceKlass sun/nio/fs/Util
instanceKlass java/nio/file/attribute/BasicFileAttributeView
instanceKlass java/nio/file/attribute/FileAttributeView
instanceKlass java/nio/file/attribute/AttributeView
instanceKlass java/nio/file/Files
instanceKlass java/nio/file/CopyOption
instanceKlass java/nio/file/attribute/BasicFileAttributes
instanceKlass sun/nio/fs/WindowsPath
instanceKlass java/nio/file/Path
instanceKlass java/nio/file/Watchable
instanceKlass java/util/zip/ZipFile$Source$Key
instanceKlass java/util/concurrent/ForkJoinPool$ManagedBlocker
instanceKlass java/util/concurrent/locks/AbstractQueuedSynchronizer$Node
instanceKlass sun/nio/fs/WindowsPathParser$Result
instanceKlass sun/nio/fs/WindowsPathParser
instanceKlass java/nio/file/FileSystem
instanceKlass java/nio/file/OpenOption
instanceKlass java/nio/file/spi/FileSystemProvider
instanceKlass sun/nio/fs/DefaultFileSystemProvider
instanceKlass java/util/zip/ZipFile$Source
instanceKlass java/lang/ref/Cleaner$Cleanable
instanceKlass jdk/internal/ref/CleanerImpl
instanceKlass java/lang/ref/Cleaner$1
instanceKlass java/lang/ref/Cleaner
instanceKlass jdk/internal/ref/CleanerFactory$1
instanceKlass java/util/concurrent/ThreadFactory
instanceKlass jdk/internal/ref/CleanerFactory
instanceKlass java/util/zip/ZipCoder
instanceKlass java/util/zip/ZipFile$CleanableResource
instanceKlass jdk/internal/util/DecimalDigits
instanceKlass java/lang/Runtime$Version
instanceKlass java/util/jar/JavaUtilJarAccessImpl
instanceKlass jdk/internal/access/JavaUtilJarAccess
instanceKlass jdk/internal/loader/FileURLMapper
instanceKlass jdk/internal/loader/URLClassPath$JarLoader$1
instanceKlass java/util/zip/ZipFile$1
instanceKlass jdk/internal/access/JavaUtilZipFileAccess
instanceKlass java/util/zip/ZipFile
instanceKlass java/util/zip/ZipConstants
instanceKlass jdk/internal/loader/URLClassPath$Loader
instanceKlass jdk/internal/loader/URLClassPath$3
instanceKlass java/security/PrivilegedExceptionAction
instanceKlass sun/net/util/URLUtil
instanceKlass java/lang/StringCoding
instanceKlass sun/nio/cs/ArrayDecoder
instanceKlass java/nio/charset/CharsetDecoder
instanceKlass sun/launcher/LauncherHelper
instanceKlass jdk/internal/vm/PostVMInitHook$1
instanceKlass jdk/internal/util/EnvUtils
instanceKlass jdk/internal/vm/PostVMInitHook$2
instanceKlass jdk/internal/vm/PostVMInitHook
instanceKlass jdk/internal/vm/ContinuationSupport
instanceKlass java/lang/invoke/StringConcatFactory
instanceKlass java/lang/ModuleLayer$Controller
instanceKlass java/util/concurrent/CopyOnWriteArrayList
instanceKlass jdk/internal/module/ServicesCatalog$ServiceProvider
instanceKlass jdk/internal/loader/AbstractClassLoaderValue$Memoizer
instanceKlass java/util/ImmutableCollections$ListItr
instanceKlass java/util/ListIterator
instanceKlass java/lang/ModuleLayer
instanceKlass jdk/internal/module/ModuleLoaderMap$Mapper
instanceKlass java/util/AbstractMap$KeyIterator
instanceKlass java/lang/module/ResolvedModule
instanceKlass java/lang/module/Configuration
instanceKlass jdk/internal/loader/BuiltinClassLoader$LoadedModule
instanceKlass jdk/internal/loader/AbstractClassLoaderValue
instanceKlass jdk/internal/module/ServicesCatalog
instanceKlass java/util/Deque
instanceKlass java/util/Queue
instanceKlass sun/net/util/IPAddressUtil$MASKS
instanceKlass sun/net/util/IPAddressUtil
instanceKlass java/net/URLStreamHandler
instanceKlass sun/net/www/ParseUtil
instanceKlass java/net/URL$3
instanceKlass jdk/internal/access/JavaNetURLAccess
instanceKlass java/net/URL$DefaultFactory
instanceKlass java/net/URLStreamHandlerFactory
instanceKlass jdk/internal/loader/URLClassPath
instanceKlass java/security/Principal
instanceKlass java/security/ProtectionDomain$Key
instanceKlass java/security/ProtectionDomain$JavaSecurityAccessImpl
instanceKlass jdk/internal/access/JavaSecurityAccess
instanceKlass java/lang/ClassLoader$ParallelLoaders
instanceKlass java/security/cert/Certificate
instanceKlass jdk/internal/loader/ArchivedClassLoaders
instanceKlass java/util/concurrent/ConcurrentHashMap$CollectionView
instanceKlass jdk/internal/loader/ClassLoaderHelper
instanceKlass jdk/internal/loader/NativeLibraries
instanceKlass java/lang/Module$EnableNativeAccess
instanceKlass jdk/internal/loader/BootLoader
instanceKlass java/util/Optional
instanceKlass jdk/internal/module/SystemModuleFinders$SystemModuleFinder
instanceKlass java/lang/module/ModuleFinder
instanceKlass jdk/internal/module/SystemModuleFinders$3
instanceKlass jdk/internal/module/ModuleHashes$HashSupplier
instanceKlass jdk/internal/module/SystemModuleFinders$2
instanceKlass java/util/function/Supplier
instanceKlass java/lang/module/ModuleReference
instanceKlass jdk/internal/module/ModuleResolution
instanceKlass java/util/Collections$UnmodifiableMap
instanceKlass jdk/internal/module/ModuleHashes$Builder
instanceKlass jdk/internal/module/ModuleHashes
instanceKlass jdk/internal/module/ModuleTarget
instanceKlass java/util/ImmutableCollections$Set12$1
instanceKlass java/lang/reflect/AccessFlag$18
instanceKlass java/lang/reflect/AccessFlag$17
instanceKlass java/lang/reflect/AccessFlag$16
instanceKlass java/lang/reflect/AccessFlag$15
instanceKlass java/lang/reflect/AccessFlag$14
instanceKlass java/lang/reflect/AccessFlag$13
instanceKlass java/lang/reflect/AccessFlag$12
instanceKlass java/lang/reflect/AccessFlag$11
instanceKlass java/lang/reflect/AccessFlag$10
instanceKlass java/lang/reflect/AccessFlag$9
instanceKlass java/lang/reflect/AccessFlag$8
instanceKlass java/lang/reflect/AccessFlag$7
instanceKlass java/lang/reflect/AccessFlag$6
instanceKlass java/lang/reflect/AccessFlag$5
instanceKlass java/lang/reflect/AccessFlag$4
instanceKlass java/lang/reflect/AccessFlag$3
instanceKlass java/lang/reflect/AccessFlag$2
instanceKlass java/lang/reflect/AccessFlag$1
instanceKlass java/lang/module/ModuleDescriptor$Version
instanceKlass java/lang/module/ModuleDescriptor$Provides
instanceKlass java/lang/module/ModuleDescriptor$Opens
instanceKlass java/util/ImmutableCollections$SetN$SetNIterator
instanceKlass java/lang/module/ModuleDescriptor$Exports
instanceKlass java/lang/module/ModuleDescriptor$Requires
instanceKlass jdk/internal/module/Builder
instanceKlass jdk/internal/module/SystemModules$default
instanceKlass jdk/internal/module/SystemModules
instanceKlass jdk/internal/module/SystemModulesMap
instanceKlass java/net/URI$1
instanceKlass jdk/internal/access/JavaNetUriAccess
instanceKlass java/net/URI
instanceKlass jdk/internal/module/SystemModuleFinders
instanceKlass jdk/internal/module/ArchivedModuleGraph
instanceKlass jdk/internal/module/ArchivedBootLayer
instanceKlass jdk/internal/module/ModuleBootstrap$Counters
instanceKlass jdk/internal/module/ModuleLoaderMap$Modules
instanceKlass jdk/internal/module/ModuleLoaderMap
instanceKlass jdk/internal/module/ModulePatcher
instanceKlass java/io/FileSystem
instanceKlass java/io/DefaultFileSystem
instanceKlass java/io/File
instanceKlass java/lang/module/ModuleDescriptor$1
instanceKlass jdk/internal/access/JavaLangModuleAccess
instanceKlass sun/invoke/util/VerifyAccess
instanceKlass java/util/KeyValueHolder
instanceKlass java/util/ImmutableCollections$MapN$MapNIterator
instanceKlass java/lang/StrictMath
instanceKlass java/lang/invoke/MethodHandles$Lookup
instanceKlass java/lang/invoke/MemberName$Factory
instanceKlass java/lang/invoke/MethodHandles
instanceKlass java/lang/module/ModuleDescriptor
instanceKlass jdk/internal/module/ModuleBootstrap
instanceKlass java/lang/Character$CharacterCache
instanceKlass java/util/HexFormat
instanceKlass jdk/internal/util/ClassFileDumper
instanceKlass sun/security/action/GetPropertyAction
instanceKlass java/lang/invoke/MethodHandleStatics
instanceKlass java/util/concurrent/locks/AbstractQueuedSynchronizer$ConditionObject
instanceKlass java/util/concurrent/locks/Condition
instanceKlass java/util/Collections
instanceKlass java/lang/Thread$ThreadIdentifiers
instanceKlass sun/io/Win32ErrorMode
instanceKlass jdk/internal/misc/OSEnvironment
instanceKlass java/lang/Integer$IntegerCache
instanceKlass jdk/internal/misc/Signal$NativeHandler
instanceKlass java/util/Hashtable$Entry
instanceKlass jdk/internal/misc/Signal
instanceKlass java/lang/Terminator$1
instanceKlass jdk/internal/misc/Signal$Handler
instanceKlass java/lang/Terminator
instanceKlass java/nio/ByteOrder
instanceKlass java/nio/Buffer$2
instanceKlass jdk/internal/access/JavaNioAccess
instanceKlass java/nio/Buffer$1
instanceKlass jdk/internal/misc/ScopedMemoryAccess
instanceKlass java/nio/charset/CodingErrorAction
instanceKlass sun/nio/cs/SingleByte
instanceKlass java/lang/StringUTF16
instanceKlass sun/nio/cs/MS1252$Holder
instanceKlass sun/nio/cs/ArrayEncoder
instanceKlass java/nio/charset/CharsetEncoder
instanceKlass java/io/Writer
instanceKlass java/io/PrintStream$1
instanceKlass jdk/internal/access/JavaIOPrintStreamAccess
instanceKlass jdk/internal/misc/InternalLock
instanceKlass java/io/OutputStream
instanceKlass java/io/Flushable
instanceKlass java/io/FileDescriptor$1
instanceKlass jdk/internal/access/JavaIOFileDescriptorAccess
instanceKlass java/io/FileDescriptor
instanceKlass jdk/internal/util/StaticProperty
instanceKlass jdk/internal/reflect/MethodHandleAccessorFactory
instanceKlass java/lang/reflect/Modifier
instanceKlass java/lang/Class$1
instanceKlass java/lang/Class$Atomic
instanceKlass java/lang/Class$ReflectionData
instanceKlass java/nio/charset/StandardCharsets
instanceKlass sun/nio/cs/HistoricallyNamedCharset
instanceKlass java/nio/charset/spi/CharsetProvider
instanceKlass java/nio/charset/Charset
instanceKlass java/util/HashMap$HashIterator
instanceKlass java/util/concurrent/locks/LockSupport
instanceKlass java/util/concurrent/ConcurrentHashMap$Node
instanceKlass java/util/concurrent/ConcurrentHashMap$CounterCell
instanceKlass java/util/concurrent/locks/ReentrantLock
instanceKlass java/util/concurrent/locks/Lock
instanceKlass java/lang/CharacterData
instanceKlass java/util/Arrays
instanceKlass jdk/internal/util/Preconditions$3
instanceKlass jdk/internal/util/Preconditions$2
instanceKlass jdk/internal/util/Preconditions$4
instanceKlass java/util/function/BiFunction
instanceKlass jdk/internal/util/Preconditions$1
instanceKlass java/util/function/Function
instanceKlass jdk/internal/util/Preconditions
instanceKlass java/lang/Runtime
instanceKlass java/lang/VersionProps
instanceKlass java/lang/StringConcatHelper
instanceKlass java/util/HashMap$Node
instanceKlass java/util/Map$Entry
instanceKlass jdk/internal/util/ArraysSupport
instanceKlass jdk/internal/util/SystemProps$Raw
instanceKlass jdk/internal/util/SystemProps
instanceKlass java/lang/System$2
instanceKlass jdk/internal/access/JavaLangAccess
instanceKlass java/lang/ref/NativeReferenceQueue$Lock
instanceKlass java/lang/ref/ReferenceQueue
instanceKlass java/lang/ref/Reference$1
instanceKlass jdk/internal/access/JavaLangRefAccess
instanceKlass jdk/internal/reflect/ReflectionFactory
instanceKlass java/lang/Math
instanceKlass java/lang/StringLatin1
instanceKlass jdk/internal/reflect/Reflection
instanceKlass jdk/internal/reflect/ReflectionFactory$GetReflectionFactoryAction
instanceKlass java/security/PrivilegedAction
instanceKlass jdk/internal/access/SharedSecrets
instanceKlass java/lang/reflect/ReflectAccess
instanceKlass jdk/internal/access/JavaLangReflectAccess
instanceKlass java/util/ImmutableCollections
instanceKlass java/util/Objects
instanceKlass java/util/Set
instanceKlass jdk/internal/misc/CDS
instanceKlass java/lang/Module$ArchivedData
instanceKlass jdk/internal/misc/VM
instanceKlass java/lang/String$CaseInsensitiveComparator
instanceKlass java/util/Comparator
instanceKlass java/io/ObjectStreamField
instanceKlass jdk/internal/vm/FillerObject
instanceKlass jdk/internal/vm/vector/VectorSupport$VectorPayload
instanceKlass jdk/internal/vm/vector/VectorSupport
instanceKlass java/lang/reflect/RecordComponent
instanceKlass java/util/Iterator
instanceKlass java/lang/Number
instanceKlass java/lang/Character
instanceKlass java/lang/Boolean
instanceKlass java/util/concurrent/locks/AbstractOwnableSynchronizer
instanceKlass java/lang/LiveStackFrame
instanceKlass java/lang/ClassFrameInfo
instanceKlass java/lang/StackWalker$StackFrame
instanceKlass java/lang/StackStreamFactory$AbstractStackWalker
instanceKlass java/lang/StackWalker
instanceKlass java/nio/Buffer
instanceKlass java/lang/StackTraceElement
instanceKlass java/util/RandomAccess
instanceKlass java/util/List
instanceKlass java/util/SequencedCollection
instanceKlass java/util/AbstractCollection
instanceKlass java/util/Collection
instanceKlass java/lang/Iterable
instanceKlass java/util/concurrent/ConcurrentMap
instanceKlass java/util/AbstractMap
instanceKlass java/security/CodeSource
instanceKlass jdk/internal/loader/ClassLoaders
instanceKlass java/util/jar/Manifest
instanceKlass java/lang/Enum
instanceKlass java/net/URL
instanceKlass java/io/InputStream
instanceKlass java/io/Closeable
instanceKlass java/lang/AutoCloseable
instanceKlass jdk/internal/module/Modules
instanceKlass jdk/internal/misc/Unsafe
instanceKlass jdk/internal/misc/UnsafeConstants
instanceKlass java/lang/AbstractStringBuilder
instanceKlass java/lang/Appendable
instanceKlass java/lang/AssertionStatusDirectives
instanceKlass java/lang/invoke/MethodHandleNatives$CallSiteContext
instanceKlass jdk/internal/foreign/abi/ABIDescriptor
instanceKlass jdk/internal/foreign/abi/NativeEntryPoint
instanceKlass java/lang/invoke/CallSite
instanceKlass java/lang/invoke/MethodType
instanceKlass java/lang/invoke/TypeDescriptor$OfMethod
instanceKlass java/lang/invoke/LambdaForm
instanceKlass java/lang/invoke/MethodHandleNatives
instanceKlass java/lang/invoke/ResolvedMethodName
instanceKlass java/lang/invoke/MemberName
instanceKlass java/lang/invoke/VarHandle
instanceKlass java/lang/invoke/MethodHandle
instanceKlass jdk/internal/reflect/ConstructorAccessor
instanceKlass jdk/internal/reflect/CallerSensitive
instanceKlass java/lang/annotation/Annotation
instanceKlass jdk/internal/reflect/ConstantPool
instanceKlass jdk/internal/reflect/MethodAccessor
instanceKlass jdk/internal/reflect/MagicAccessorImpl
instanceKlass jdk/internal/vm/StackChunk
instanceKlass jdk/internal/vm/Continuation
instanceKlass jdk/internal/vm/ContinuationScope
instanceKlass java/lang/reflect/Parameter
instanceKlass java/lang/reflect/Member
instanceKlass java/lang/reflect/AccessibleObject
instanceKlass java/lang/Module
instanceKlass java/util/Map
instanceKlass java/util/Dictionary
instanceKlass java/lang/ThreadGroup
instanceKlass java/lang/Thread$UncaughtExceptionHandler
instanceKlass java/lang/Thread$Constants
instanceKlass java/lang/Thread$FieldHolder
instanceKlass java/lang/Thread
instanceKlass java/lang/Runnable
instanceKlass java/lang/ref/Reference
instanceKlass java/lang/Record
instanceKlass java/security/AccessController
instanceKlass java/security/AccessControlContext
instanceKlass java/security/ProtectionDomain
instanceKlass java/lang/SecurityManager
instanceKlass java/lang/Throwable
instanceKlass java/lang/System
instanceKlass java/lang/ClassLoader
instanceKlass java/lang/Cloneable
instanceKlass java/lang/Class
instanceKlass java/lang/invoke/TypeDescriptor$OfField
instanceKlass java/lang/invoke/TypeDescriptor
instanceKlass java/lang/reflect/Type
instanceKlass java/lang/reflect/GenericDeclaration
instanceKlass java/lang/reflect/AnnotatedElement
instanceKlass java/lang/String
instanceKlass java/lang/constant/ConstantDesc
instanceKlass java/lang/constant/Constable
instanceKlass java/lang/CharSequence
instanceKlass java/lang/Comparable
instanceKlass java/io/Serializable
ciInstanceKlass java/lang/Object 1 1 123 7 1 10 12 1 1 10 7 12 1 1 1 10 7 12 1 1 1 10 12 1 1 8 1 10 12 1 1 10 7 12 1 1 1 10 12 1 10 12 1 1 10 7 12 1 1 1 10 12 1 1 10 12 1 10 100 12 1 1 10 12 1 1 7 1 10 12 1 100 1 8 1 10 12 1 3 8 1 7 1 5 0 1 1 1 1 1 1 1 1 1 1 1 1 1 1 1 1 100 1 1 1 1 1 1 1 1 1 7 1 1 1 1 1 1 1 1 1 1 3 1 1
ciMethod java/lang/Object equals (Ljava/lang/Object;)Z 514 0 4806 0 -1
ciMethod java/lang/Object hashCode ()I 256 0 128 0 -1
ciMethod java/lang/Object clone ()Ljava/lang/Object; 256 0 128 0 -1
ciInstanceKlass java/io/Serializable 1 0 7 100 1 100 1 1 1
ciInstanceKlass java/lang/System 1 1 836 10 7 12 1 1 1 9 7 12 1 1 1 10 12 1 10 12 1 1 10 12 1 1 10 12 1 9 12 1 1 10 7 12 1 1 1 11 100 12 1 1 1 10 100 12 1 1 1 10 12 1 1 10 12 1 1 100 1 8 1 10 12 1 10 7 12 1 1 1 10 100 12 1 1 1 18 12 1 1 10 7 12 1 1 1 7 1 10 12 1 1 10 7 12 1 1 1 10 12 1 10 7 12 1 1 1 9 100 12 1 1 1 10 7 12 1 1 1 11 7 12 1 1 1 10 12 1 1 10 7 12 1 1 1 7 1 10 10 12 1 1 8 1 10 12 1 8 1 10 12 1 9 12 1 1 8 1 10 7 12 1 1 1 10 12 1 1 100 1 8 1 10 9 12 1 1 8 1 10 12 1 1 10 100 12 1 1 1 8 1 10 12 1 7 1 10 12 1 8 1 10 12 1 10 12 1 1 100 1 10 12 10 12 1 9 12 1 1 9 12 1 1 10 7 12 1 1 1 10 7 12 1 1 1 10 12 1 1 10 12 1 10 12 1 10 7 12 1 1 1 10 12 1 100 1 100 1 8 1 10 12 1 10 12 1 1 7 1 10 12 1 100 1 8 1 10 10 12 1 100 1 8 1 10 8 1 10 7 12 1 1 8 1 10 12 100 1 8 1 10 10 12 1 1 10 100 12 1 1 1 100 1 18 12 1 100 1 9 100 12 1 1 1 10 12 1 100 1 10 12 1 1 10 12 1 1 10 7 12 1 1 1 10 12 1 1 10 12 1 10 12 1 10 12 1 1 10 12 1 7 1 10 12 1 9 7 12 1 1 1 10 7 12 1 1 1 10 12 1 10 12 1 10 7 12 1 1 1 7 1 8 1 10 9 12 1 9 12 1 10 12 1 10 7 12 1 1 10 12 1 10 12 1 1 8 1 10 12 1 1 8 1 11 12 1 10 12 11 12 1 1 11 7 12 1 1 1 11 7 12 1 1 11 12 1 1 7 1 11 12 1 10 12 1 8 1 10 12 1 1 8 1 8 1 8 1 8 1 11 12 1 10 12 1 10 12 1 10 12 1 8 1 10 12 1 1 8 1 9 12 1 8 1 10 7 12 1 1 8 1 7 1 9 7 12 1 1 1 10 12 1 7 1 9 12 10 9 12 7 1 10 12 9 12 1 1 8 1 10 12 1 1 8 1 10 7 12 1 1 10 12 1 10 12 1 1 11 7 12 1 1 10 12 10 7 12 1 1 1 9 12 1 1 7 1 8 1 10 12 1 1 10 7 12 1 1 1 7 1 10 12 1 1 10 12 1 8 1 8 1 10 8 1 8 1 8 1 8 1 10 10 7 12 1 1 10 12 1 10 12 1 1 10 12 1 1 10 12 1 10 100 12 1 1 1 10 7 1 8 1 10 10 10 12 1 1 10 12 1 1 8 1 10 12 1 8 1 8 1 10 12 1 10 7 12 1 1 1 10 12 1 1 7 1 10 10 12 1 10 12 1 9 12 1 1 1 1 3 1 3 1 1 1 1 1 1 1 1 1 1 100 1 1 100 1 1 1 1 1 1 1 1 1 1 1 100 1 7 1 1 1 1 1 1 1 1 1 1 1 1 1 1 1 1 1 1 1 1 1 1 1 1 1 1 1 1 1 1 1 1 1 1 1 1 1 1 1 1 1 1 1 1 1 1 1 1 1 1 1 1 1 1 1 1 1 1 100 1 1 1 1 1 1 1 1 1 1 1 1 1 1 1 1 1 1 1 1 1 1 1 1 1 1 1 1 1 1 1 1 1 100 1 1 16 15 10 12 1 1 16 15 10 12 16 1 15 10 100 12 1 1 1 1 1 1 1 1 1 1 1 100 1 100 1 1
staticfield java/lang/System in Ljava/io/InputStream; java/io/BufferedInputStream
staticfield java/lang/System out Ljava/io/PrintStream; java/io/PrintStream
staticfield java/lang/System err Ljava/io/PrintStream; java/io/PrintStream
ciInstanceKlass java/lang/SecurityManager 0 0 576 10 7 12 1 1 1 9 7 12 1 1 1 10 7 12 1 1 1 100 1 8 1 10 12 1 10 12 1 1 10 7 12 1 1 1 10 7 1 10 100 1 10 9 100 12 1 1 1 10 7 12 1 1 1 10 12 1 1 10 7 12 1 1 100 1 8 1 10 9 12 1 1 9 12 1 8 1 9 12 1 7 1 10 8 1 10 12 1 1 10 12 1 10 12 1 1 100 1 10 10 12 1 1 100 1 8 1 10 12 1 8 1 8 1 8 1 8 1 8 1 8 1 10 12 1 8 1 8 1 8 1 8 1 8 1 10 7 12 1 1 1 10 12 1 1 8 1 100 1 8 1 10 8 1 8 1 8 1 8 1 8 1 10 100 12 1 1 8 1 100 1 8 1 8 1 10 8 1 10 12 1 100 1 8 1 10 10 12 1 1 10 12 1 10 12 1 10 12 1 10 100 12 1 1 1 10 12 1 10 100 12 1 1 11 100 12 1 1 1 18 12 1 1 11 100 12 1 1 1 18 12 1 1 11 12 1 1 18 18 11 12 1 18 12 1 11 12 1 1 9 12 1 1 9 12 1 9 12 1 9 12 1 100 1 10 100 12 1 1 10 12 1 10 12 1 18 12 1 18 10 100 12 1 1 1 18 12 1 10 12 1 18 18 8 1 10 12 1 9 12 1 1 11 7 12 1 1 1 8 1 100 1 10 12 1 10 12 1 1 10 12 1 1 9 12 1 1 10 12 1 10 12 1 1 8 1 100 1 10 9 12 1 8 1 10 12 1 8 1 100 1 10 10 100 12 1 1 10 100 1 9 7 12 1 1 1 11 12 1 1 10 12 1 11 12 1 10 12 1 7 1 10 10 12 1 1 10 12 1 1 1 1 1 1 1 1 1 1 1 7 1 1 1 1 1 1 1 1 1 1 1 1 1 1 1 1 1 1 1 1 1 1 1 1 1 1 1 1 1 1 1 1 1 1 1 1 1 1 1 1 1 1 1 1 1 1 1 1 1 1 1 1 1 1 1 1 3 1 1 1 1 1 1 1 1 1 1 100 1 1 1 1 1 1 1 1 1 1 1 1 1 1 1 1 1 1 1 1 1 1 1 1 1 1 1 1 1 1 1 1 1 1 1 1 1 1 16 15 10 7 12 1 1 1 16 1 16 15 10 12 16 1 15 10 12 16 15 11 7 1 16 1 16 1 15 10 12 16 15 10 12 16 15 10 12 1 16 1 15 11 12 1 15 10 12 16 15 10 16 1 15 10 100 12 1 1 1 1 1 1 100 1 100 1 1
ciInstanceKlass java/security/AccessController 1 1 295 10 7 12 1 1 1 10 7 12 1 1 1 10 7 12 1 1 1 10 12 1 1 10 12 1 1 10 7 12 1 1 1 10 12 1 1 10 12 1 10 12 1 1 10 12 1 100 1 8 1 10 12 1 10 12 1 10 12 1 1 10 12 1 7 1 7 1 10 12 1 1 10 12 1 10 12 1 10 12 1 1 10 7 12 1 1 1 10 12 1 1 9 100 12 1 1 1 10 7 12 1 1 1 10 12 1 10 12 1 9 100 12 1 1 1 10 12 1 10 12 1 1 9 12 1 1 10 100 1 10 11 7 12 1 1 1 10 7 12 1 1 11 7 1 100 1 10 12 1 10 12 1 10 12 1 8 1 10 12 1 1 8 1 10 100 12 1 1 1 8 1 7 1 10 10 12 1 1 10 12 1 10 7 12 1 1 1 10 12 1 8 1 10 7 12 1 1 8 1 8 1 10 12 1 8 1 10 12 1 10 12 1 1 10 12 1 1 1 1 1 1 1 1 1 1 1 1 1 1 1 1 1 1 1 1 1 1 1 1 1 1 1 1 100 1 1 1 1 1 1 1 1 1 1 1 1 1 1 1 1 1 1 1 1 1 1 1 1 1 1 1 1 1 1 1 1 1 1 100 1 100 1 1 1 1 1 1 1 1 1 3 1 1 1
staticfield java/security/AccessController $assertionsDisabled Z 1
ciInstanceKlass java/security/ProtectionDomain 1 1 348 10 7 12 1 1 1 9 7 12 1 1 1 7 1 10 9 12 1 1 9 12 1 1 9 12 1 1 10 7 12 1 1 7 1 9 12 1 9 12 1 1 7 1 9 12 1 1 9 12 1 10 100 12 1 1 10 100 12 1 1 1 10 12 1 1 10 12 1 9 12 1 9 100 12 1 1 10 12 1 1 10 100 1 10 12 1 1 8 1 7 1 8 1 10 12 1 10 11 10 7 12 1 1 1 10 12 1 1 8 1 11 8 1 10 12 1 8 1 8 1 10 12 1 1 10 12 1 10 12 1 1 10 12 1 8 1 10 12 1 8 1 8 1 10 7 12 1 1 1 9 100 12 1 1 1 10 12 1 1 9 100 12 1 1 1 10 7 12 1 1 1 100 1 18 12 1 1 10 7 12 1 1 1 10 7 1 10 12 1 10 12 1 1 11 100 12 1 1 11 12 1 100 1 11 7 12 1 1 1 10 12 1 10 11 12 1 1 11 12 1 1 10 12 1 10 7 12 1 1 10 100 12 1 1 11 12 1 10 12 10 12 1 8 1 8 1 10 7 12 1 1 1 7 1 10 10 7 12 1 1 1 1 1 1 1 1 1 1 7 1 1 7 1 1 1 1 1 1 1 1 1 1 1 1 1 1 1 1 1 1 1 1 1 1 1 1 1 1 1 1 1 1 1 1 1 1 1 1 1 1 1 1 1 1 1 1 7 1 1 1 1 1 1 100 1 1 16 15 10 12 16 15 10 100 12 1 1 1 1 1 1 1 100 1 100 1 1
staticfield java/security/ProtectionDomain filePermCompatInPD Z 0
ciInstanceKlass java/security/CodeSource 1 1 399 10 7 12 1 1 1 9 7 12 1 1 1 9 12 1 1 9 12 1 1 9 12 1 1 10 7 12 1 1 1 9 12 1 1 10 100 12 1 1 10 100 10 100 12 1 1 1 10 12 1 1 10 12 1 1 7 1 10 10 100 12 1 1 1 10 100 12 1 1 1 10 12 1 1 100 1 10 12 1 1 10 12 1 1 10 12 1 1 10 12 1 10 10 7 1 10 12 1 1 10 7 12 1 1 1 10 12 1 1 10 12 1 10 12 1 8 1 10 12 1 10 12 1 10 12 1 1 10 12 1 8 1 10 12 1 1 10 7 1 10 10 12 1 1 8 1 10 12 1 10 12 1 10 12 1 8 1 8 1 9 12 1 1 100 1 8 1 10 12 1 10 12 1 1 8 1 10 12 1 8 1 8 1 8 1 10 100 12 1 1 10 12 1 1 10 12 1 10 12 1 1 10 12 1 1 10 12 1 1 100 1 100 1 10 12 1 10 12 10 12 1 1 10 100 12 1 1 10 12 1 7 1 10 12 10 100 12 1 1 1 10 8 1 10 12 1 10 12 1 10 12 1 1 100 1 10 12 1 1 100 1 7 1 8 1 8 1 10 10 12 1 1 10 100 12 1 1 1 7 1 10 12 10 12 1 1 11 7 12 1 1 10 10 12 1 11 10 12 1 8 1 100 1 10 12 1 10 12 1 1 10 12 1 11 12 1 1 7 1 1 1 1 5 0 1 1 1 1 1 1 1 1 1 1 1 1 1 1 1 1 1 1 1 1 1 1 1 1 1 1 1 1 1 1 1 1 1 1 1 1 1 1 1 1 1 1 1 1 1 1 1 1 1 1 1 1 1 1 1 1 1 1 1 1 1 1 1 1 1 1 100 1 1 1 1 1 1 1
ciInstanceKlass java/lang/Boolean 1 1 152 10 7 12 1 1 1 9 7 12 1 1 1 10 12 1 1 10 12 1 8 1 10 7 12 1 1 9 12 1 1 9 12 1 10 12 1 1 10 12 1 1 10 12 1 1 10 7 12 1 1 1 100 1 100 1 10 12 1 1 9 100 12 1 1 9 12 10 100 12 1 1 1 10 12 1 1 8 1 10 7 12 1 1 1 9 12 1 1 7 1 7 1 7 1 1 1 1 1 1 5 0 1 1 1 1 1 1 1 1 1 1 3 1 1 1 1 1 1 1 1 1 1 1 1 1 1 1 1 1 1 7 1 1 1 1 1 1 1 1 1 1 100 1 1 1 1 1 1 1 1 1
staticfield java/lang/Boolean TRUE Ljava/lang/Boolean; java/lang/Boolean
staticfield java/lang/Boolean FALSE Ljava/lang/Boolean; java/lang/Boolean
staticfield java/lang/Boolean TYPE Ljava/lang/Class; java/lang/Class
ciInstanceKlass java/lang/Comparable 1 0 12 100 1 100 1 1 1 1 1 1 1 1
ciInstanceKlass java/lang/constant/Constable 1 0 11 100 1 100 1 1 1 1 1 1 1
ciInstanceKlass java/util/Map 1 1 263 11 7 12 1 1 1 11 12 1 1 10 7 12 1 1 11 12 1 1 11 7 12 1 1 1 11 100 12 1 1 1 11 12 1 1 7 1 11 12 1 11 12 1 100 1 100 1 10 12 1 1 11 100 12 1 1 1 11 100 12 1 1 1 11 12 1 11 12 1 10 12 1 1 11 12 1 11 7 12 1 9 7 12 1 1 1 100 1 10 12 7 1 7 1 10 12 1 7 1 10 7 1 11 12 1 11 12 1 1 11 12 1 1 7 1 11 12 1 1 1 1 1 1 1 1 1 1 1 1 1 1 1 1 1 1 1 1 1 1 1 1 1 1 1 1 1 1 1 1 1 1 1 1 1 1 1 1 1 1 1 1 1 1 1 1 1 1 1 1 1 1 1 1 1 1 1 1 1 1 1 1 1 1 1 1 1 1 1 1 1 1 1 1 1 1 1 1 1 1 1 1 1 1 1 1 1 1 1 1 1 1 1 1 1 1 1 1 1 1 1 1 1 1 1 1 1 1 1 1 1 1 1 1 1 1 1 1 1 1 1 1 1 1 100 1 1 1 1 1 1 1 1 1 1 1 1 1 1 1 1 1 1
ciInstanceKlass java/lang/Class 1 1 1747 10 7 12 1 1 1 9 7 12 1 1 1 9 12 1 1 10 12 1 1 8 1 10 12 1 8 1 8 1 10 12 1 1 10 7 12 1 1 1 10 12 1 7 1 10 10 12 1 10 12 1 1 10 12 1 1 10 12 1 1 10 7 12 1 1 10 12 1 10 12 1 10 12 1 1 10 12 1 8 1 10 12 1 8 1 10 12 1 8 1 8 1 10 12 1 1 10 100 12 1 1 1 18 12 1 1 11 100 12 1 1 1 8 1 8 1 8 1 10 100 12 1 1 1 11 12 1 1 8 1 10 12 1 10 10 12 1 1 10 12 1 8 1 10 12 1 1 8 1 10 12 1 10 12 1 1 11 100 12 1 1 1 11 7 12 1 1 1 11 8 1 18 8 1 10 12 1 10 7 12 1 1 10 12 1 1 10 7 12 1 1 1 10 12 1 1 10 12 1 1 10 7 12 1 1 1 10 12 9 100 12 1 1 1 10 7 12 1 1 1 10 12 1 10 7 12 1 1 1 10 12 1 1 18 12 1 1 10 7 12 1 1 1 10 7 12 1 10 12 1 1 10 7 1 10 12 1 8 1 10 8 1 8 1 8 1 8 1 8 1 8 1 8 1 8 1 9 7 12 1 1 9 7 1 9 7 1 9 7 1 9 7 1 9 7 1 9 7 1 9 7 1 9 100 1 7 1 10 12 1 1 9 12 1 1 7 1 8 1 10 12 1 10 12 1 1 10 12 1 1 10 7 12 1 1 1 7 1 10 12 1 7 1 7 1 10 10 12 1 1 10 12 1 1 100 1 10 7 12 1 1 1 10 12 1 1 10 12 1 1 9 12 1 1 10 12 1 10 12 1 1 9 12 1 1 9 12 1 1 10 12 1 1 10 7 1 10 12 1 10 12 1 1 10 9 12 1 10 12 1 8 1 10 12 1 1 10 12 1 1 10 12 1 10 12 1 10 12 1 1 10 12 1 9 7 12 1 1 1 10 7 12 1 1 10 12 1 10 12 1 10 12 1 10 12 1 9 100 12 1 1 1 9 12 1 10 12 1 10 100 12 1 1 1 10 12 1 1 10 100 12 1 1 10 12 1 10 12 1 1 10 100 12 1 1 1 10 12 1 10 12 1 1 10 12 1 10 12 1 10 12 1 1 10 7 1 10 10 12 1 1 10 12 1 1 10 12 10 10 12 1 1 7 1 8 1 10 10 12 1 1 10 12 1 100 1 11 12 1 10 12 1 10 12 1 10 100 12 1 1 10 10 12 1 1 8 1 10 12 1 10 12 1 1 8 1 9 12 1 10 12 1 10 12 1 10 12 1 10 12 7 1 9 12 1 10 12 1 9 12 1 10 12 1 10 12 1 10 12 1 10 10 12 1 10 12 1 10 12 1 10 12 1 10 12 1 10 12 1 100 1 10 12 1 10 12 1 1 10 12 1 1 10 12 1 1 10 12 1 1 10 12 1 1 10 12 1 1 7 1 10 10 12 1 1 10 12 1 1 10 12 1 1 10 10 12 1 10 12 1 1 10 12 1 1 10 12 1 1 10 12 1 1 7 1 10 10 12 11 7 12 1 1 10 12 1 1 10 7 12 1 1 1 10 12 1 10 12 1 10 100 12 1 1 1 10 12 1 1 10 10 12 1 1 7 1 10 10 12 1 1 10 7 12 1 1 1 100 1 7 1 10 12 1 1 10 12 1 10 10 12 1 1 10 12 1 10 12 1 10 12 1 10 100 12 1 1 1 11 7 12 1 1 10 12 1 10 12 1 9 12 1 10 12 1 1 10 12 1 9 12 1 1 100 1 10 9 12 1 1 10 12 7 1 10 12 1 9 12 1 10 100 12 1 1 1 10 12 1 10 12 1 10 100 12 1 1 10 12 1 10 12 10 12 1 1 100 1 10 8 1 10 12 1 11 11 12 1 1 11 7 12 1 1 11 12 1 8 1 10 12 1 10 12 1 1 9 12 1 9 12 1 1 10 7 12 1 1 9 12 1 10 12 1 1 10 10 12 1 10 7 12 1 1 1 10 100 12 1 1 10 100 12 1 1 9 12 1 1 10 12 1 9 12 1 10 12 1 10 12 1 1 9 12 1 1 9 12 1 10 12 1 10 12 1 1 9 12 1 7 1 10 10 12 1 1 7 1 10 12 1 1 7 11 7 1 9 12 1 1 9 12 1 7 1 10 12 1 9 12 1 1 9 12 1 10 12 1 10 12 1 1 9 12 1 7 1 10 10 12 1 1 10 10 12 1 10 12 10 10 12 1 9 12 1 10 12 1 1 10 12 1 8 10 7 8 1 18 8 1 8 1 10 12 1 9 12 1 9 12 1 1 10 12 1 7 1 7 1 10 12 1 9 12 1 1 7 1 10 10 12 1 10 7 1 9 12 1 8 1 10 12 1 7 1 10 12 1 10 12 1 1 100 1 7 1 9 12 1 100 1 8 1 10 10 7 12 1 1 1 10 12 11 7 12 1 1 1 10 12 1 10 12 1 1 10 8 1 10 12 1 8 1 10 12 1 1 9 7 12 1 1 11 12 7 1 11 7 12 1 1 9 12 1 10 100 12 1 1 1 10 7 12 1 1 10 12 1 1 9 12 1 9 10 12 1 1 10 12 1 1 10 12 1 1 10 12 1 1 10 12 1 1 11 12 1 7 1 11 12 1 10 7 12 1 1 1 10 12 1 11 12 1 10 100 12 1 1 1 10 12 1 10 100 12 1 1 1 11 12 1 11 12 1 1 10 12 1 10 12 1 1 9 12 1 1 10 12 1 10 100 12 1 1 1 10 12 1 1 10 12 1 10 12 1 10 12 1 10 7 12 1 1 1 10 12 1 8 1 10 12 1 10 12 1 10 12 1 10 100 12 1 1 100 1 10 12 10 7 12 1 1 1 11 7 12 1 1 1 10 12 1 1 10 12 1 18 12 1 1 11 12 1 1 18 11 12 1 18 12 1 11 12 1 10 12 1 1 10 12 1 10 12 1 10 12 1 10 12 10 12 1 8 1 10 12 1 7 1 9 12 1 1 7 1 7 1 7 1 7 1 1 1 3 1 3 1 3 1 1 1 1 1 1 1 1 1 5 0 1 1 1 1 1 1 1 1 1 1 1 1 1 1 1 1 1 1 1 1 1 1 1 1 100 1 1 1 1 1 1 1 1 1 1 1 100 1 1 1 1 1 7 1 1 1 1 1 1 1 1 1 1 1 1 1 1 1 1 1 1 1 1 1 1 1 1 1 1 1 1 1 1 1 1 1 1 1 1 1 1 1 1 1 1 1 100 1 1 1 1 1 1 1 1 1 1 1 1 1 1 1 1 1 1 1 1 1 1 1 1 1 1 1 1 1 1 1 100 1 1 1 1 1 1 1 1 1 1 1 1 1 1 1 1 1 1 1 1 1 1 1 1 1 1 1 1 1 1 1 1 1 1 1 1 1 1 1 1 1 1 1 1 1 1 1 1 1 1 1 1 1 1 1 1 1 1 1 1 7 1 7 1 1 1 1 1 1 1 1 1 1 1 1 1 1 1 1 1 1 1 1 1 1 1 1 1 1 1 1 1 1 1 1 1 1 1 1 1 1 1 1 1 1 1 1 1 1 1 1 1 1 1 1 1 1 1 1 1 1 1 1 1 1 1 1 1 1 1 1 1 1 1 1 1 1 1 1 1 1 1 1 1 1 1 1 1 1 1 1 1 1 1 1 1 1 1 1 1 1 1 1 1 1 1 1 1 1 1 1 1 1 1 1 1 1 1 1 1 1 1 1 1 1 1 1 1 1 1 16 15 10 12 16 15 11 12 16 1 16 15 16 15 10 12 16 16 15 10 12 16 15 16 1 15 10 12 16 15 10 100 12 1 1 1 1 1 1 1 1 1 1 1 1 7 1 1 100 1 100 1 1 100 1 100 1 1
staticfield java/lang/Class EMPTY_CLASS_ARRAY [Ljava/lang/Class; 0 [Ljava/lang/Class;
staticfield java/lang/Class serialPersistentFields [Ljava/io/ObjectStreamField; 0 [Ljava/io/ObjectStreamField;
ciInstanceKlass java/lang/reflect/AnnotatedElement 1 1 165 11 7 12 1 1 1 11 12 1 1 7 1 10 100 12 1 1 1 10 12 1 1 10 12 1 1 10 12 1 10 100 12 1 1 1 11 12 1 1 11 7 12 1 1 10 7 12 1 1 1 10 12 1 10 100 12 1 1 1 18 12 1 1 11 100 12 1 1 18 12 1 18 12 1 1 10 100 12 1 1 1 11 100 12 1 1 1 7 1 10 100 12 1 1 1 1 1 1 1 1 1 1 1 1 1 1 1 1 1 1 1 1 1 1 1 1 1 1 100 1 1 1 1 1 1 1 1 1 1 1 16 15 16 1 16 1 15 11 12 16 16 1 15 10 100 12 1 1 1 16 1 15 10 100 12 1 1 1 1 100 1 100 1 1
ciInstanceKlass java/lang/invoke/TypeDescriptor 1 0 17 100 1 100 1 1 1 1 1 1 100 1 100 1 1 1 1
ciInstanceKlass java/lang/reflect/GenericDeclaration 1 0 30 7 1 7 1 7 1 1 1 1 1 1 1 1 100 1 8 1 1 12 10 1 1 1 8 1 1 1 8 1
ciInstanceKlass java/lang/reflect/Type 1 1 17 11 100 12 1 1 1 100 1 1 1 1 1 1 1 1 1
ciInstanceKlass java/lang/invoke/TypeDescriptor$OfField 1 0 21 100 1 100 1 100 1 1 1 1 1 1 1 1 1 1 1 1 1 1 1
ciMethod java/lang/Class isPrimitive ()Z 256 0 128 0 -1
ciInstanceKlass java/lang/StringBuilder 1 1 425 10 7 12 1 1 1 10 12 1 10 12 1 10 12 1 1 10 7 12 1 1 1 10 7 12 1 1 1 10 12 1 10 12 1 10 12 1 10 12 1 10 12 1 10 12 1 10 12 1 10 12 1 10 12 1 10 12 1 10 12 1 10 12 1 10 12 1 10 12 1 1 10 12 1 10 12 1 1 10 12 1 1 10 12 1 10 12 1 10 12 1 10 12 1 10 12 1 10 12 1 10 12 1 10 12 10 12 1 10 12 1 10 12 1 10 12 1 1 10 12 1 10 12 1 10 12 10 12 1 1 10 12 1 10 12 1 10 12 1 1 8 1 10 12 1 10 100 12 1 1 1 9 12 1 1 10 12 1 10 12 1 10 12 1 1 9 12 1 1 10 100 12 1 1 1 10 100 1 10 12 1 1 10 100 12 1 1 10 12 1 10 12 1 1 100 1 100 1 8 1 10 10 12 1 1 10 12 1 10 12 1 10 12 1 1 10 12 1 10 12 1 10 12 1 10 12 1 10 12 1 10 12 10 12 1 10 12 1 10 12 1 10 12 1 10 12 1 10 12 1 10 12 1 10 12 1 10 12 1 1 10 12 1 1 10 12 1 10 12 1 10 12 1 10 12 10 12 10 12 1 10 12 1 10 12 1 10 12 10 12 1 10 12 1 10 12 1 10 12 1 10 12 1 10 12 1 10 12 1 10 12 1 10 12 1 1 10 12 1 10 12 1 1 10 12 1 10 12 1 1 10 12 1 10 12 1 1 10 12 1 10 12 1 10 12 1 10 10 10 12 1 7 1 7 1 7 1 7 1 1 1 1 5 0 1 1 1 1 1 1 1 1 1 1 1 1 1 1 1 1 1 1 1 1 1 1 1 1 1 1 1 1 1 1 1 1 1 1 1 1 1 1 1 1 1 1 1 1 100 1 1 1 7 1 1 1 1 1 1 1 1 1 1 1
instanceKlass java/lang/StringBuilder
instanceKlass java/lang/StringBuffer
ciInstanceKlass java/lang/AbstractStringBuilder 1 1 613 7 1 10 7 12 1 1 1 9 7 12 1 1 1 9 12 1 9 12 1 1 9 12 1 1 10 100 12 1 1 1 10 12 1 1 7 1 3 3 10 12 1 10 12 1 1 11 7 1 100 1 7 1 10 8 1 10 12 1 10 12 1 10 12 1 1 10 12 1 10 12 1 9 12 1 10 12 1 9 12 1 1 10 12 1 1 10 7 12 1 1 1 10 10 12 1 10 12 1 10 12 1 1 10 12 1 1 10 7 12 1 1 1 10 7 12 1 1 1 7 1 8 1 10 10 12 1 1 100 1 10 12 10 12 1 1 10 10 12 1 1 10 12 1 1 10 12 1 1 10 12 1 1 10 10 7 12 1 1 1 10 12 1 100 1 10 10 7 12 1 1 1 9 12 1 1 9 12 1 10 12 1 1 10 10 12 1 1 10 12 10 12 1 10 12 1 1 10 12 1 1 10 12 1 1 10 12 1 10 12 1 1 10 12 1 1 10 12 1 10 12 1 1 8 1 10 12 1 1 10 12 1 10 12 1 10 12 1 10 12 1 10 12 1 10 12 1 10 7 12 1 1 10 12 1 10 12 1 10 100 12 1 1 1 100 1 100 1 10 12 1 10 100 12 1 1 10 12 1 10 12 1 1 10 12 1 10 12 1 1 10 12 1 10 12 1 1 10 12 1 1 10 10 7 12 1 1 1 10 12 1 10 12 1 10 12 1 1 10 12 1 10 12 1 10 12 1 10 12 1 10 12 1 10 12 1 10 12 1 10 12 1 10 12 1 1 10 12 1 10 12 1 10 12 10 12 1 1 18 12 1 1 100 1 10 100 12 1 1 1 18 10 12 1 1 10 12 1 1 10 12 1 10 12 1 1 11 12 1 1 10 12 1 10 12 1 10 12 10 12 1 10 10 10 12 1 10 5 0 10 10 12 1 1 100 1 8 1 10 10 12 1 1 10 100 12 1 1 1 10 12 1 10 12 1 1 100 1 10 12 100 1 10 100 1 10 7 1 1 1 1 1 1 1 1 1 1 1 100 1 1 1 1 1 1 1 1 1 1 1 1 1 1 1 1 1 1 1 1 1 1 1 1 1 1 1 1 1 1 1 1 1 1 1 1 1 1 1 1 1 1 1 1 1 1 1 1 1 1 1 1 1 1 1 1 1 1 1 1 1 1 1 1 1 1 1 1 1 1 1 1 1 1 1 1 1 1 1 1 1 1 1 1 1 1 1 1 1 1 1 1 1 1 1 1 1 1 1 1 100 1 1 1 1 1 1 1 1 1 1 1 1 1 1 1 1 1 100 1 1 1 1 1 1 7 1 1 16 1 15 10 12 16 15 10 12 15 10 100 12 1 1 1 1 1 1 1 100 1 100 1 1
staticfield java/lang/AbstractStringBuilder EMPTYVALUE [B 0
ciMethod java/lang/StringBuilder toString ()Ljava/lang/String; 10 0 15977 0 -1
ciInstanceKlass java/lang/Appendable 1 0 14 100 1 100 1 1 1 1 100 1 1 1 1 1
ciInstanceKlass java/lang/CharSequence 1 1 131 11 7 12 1 1 1 18 12 1 1 100 1 10 100 12 1 1 1 18 10 100 12 1 1 1 11 12 1 1 11 7 1 11 12 1 1 10 100 12 1 1 1 11 12 1 1 100 1 10 12 1 1 10 100 12 1 1 1 100 1 10 10 12 1 1 7 1 1 1 1 1 1 1 1 1 1 1 1 1 1 1 1 1 1 1 1 1 1 1 1 1 1 1 1 1 1 1 1 1 16 1 15 11 12 16 15 11 12 15 10 100 12 1 1 1 1 1 100 1 100 1 1 100 1 1 100 1 100 1 1
ciInstanceKlass java/lang/AutoCloseable 1 0 12 100 1 100 1 1 1 1 100 1 1 1
ciInstanceKlass java/io/Closeable 1 0 14 100 1 100 1 100 1 1 1 1 100 1 1 1
instanceKlass org/jetbrains/kotlin/com/intellij/util/AstLoadingException
instanceKlass org/jetbrains/kotlin/container/UnresolvedDependenciesException
instanceKlass org/jetbrains/kotlin/container/InvalidCardinalityException
instanceKlass org/jetbrains/kotlin/container/ContainerConsistencyException
instanceKlass kotlin/reflect/full/IllegalPropertyDelegateAccessException
instanceKlass kotlin/reflect/full/IllegalCallableAccessException
instanceKlass org/jetbrains/kotlin/com/intellij/psi/scope/MethodProcessorSetupFailedException
instanceKlass java/text/ParseException
instanceKlass javax/xml/stream/XMLStreamException
instanceKlass org/jetbrains/kotlin/com/intellij/util/cls/ClsFormatException
instanceKlass java/net/URISyntaxException
instanceKlass java/lang/CloneNotSupportedException
instanceKlass java/lang/InterruptedException
instanceKlass java/io/IOException
instanceKlass java/lang/ReflectiveOperationException
instanceKlass java/lang/RuntimeException
ciInstanceKlass java/lang/Exception 1 1 40 10 7 12 1 1 1 10 12 1 10 12 1 10 12 1 10 12 1 100 1 1 1 1 5 0 1 1 1 1 1 1 1 1 1 1 1 1 1 1
instanceKlass org/jetbrains/kotlin/load/java/structure/impl/classFiles/BinaryClassSignatureParser$ClsFormatException
instanceKlass java/lang/Exception
instanceKlass java/lang/Error
ciInstanceKlass java/lang/Throwable 1 1 413 10 7 12 1 1 1 9 7 12 1 1 1 9 12 1 1 9 12 1 9 12 1 1 9 12 1 10 12 1 1 9 12 1 1 10 12 1 1 10 100 12 1 1 1 9 12 1 1 10 12 1 1 10 12 1 100 1 7 1 10 8 1 10 12 1 1 8 1 10 100 12 1 1 10 10 12 1 100 1 8 1 10 10 7 12 1 1 10 12 1 8 1 9 7 12 1 1 1 10 12 1 1 100 1 10 12 10 12 1 10 100 12 1 1 1 100 1 10 12 10 12 1 10 12 1 100 1 10 10 7 12 1 1 1 11 100 12 1 1 1 10 12 1 1 10 12 1 1 8 1 10 12 1 10 12 1 1 8 1 8 1 10 12 1 1 10 12 1 8 1 8 1 9 12 1 10 12 1 1 100 1 10 11 12 1 8 1 8 1 10 7 12 1 1 8 1 10 12 1 8 1 100 1 10 12 1 9 12 1 1 10 12 1 10 100 12 1 9 12 1 1 10 12 1 1 100 1 8 1 10 12 1 10 100 12 1 1 10 12 1 1 7 1 10 100 12 1 1 1 10 12 1 11 7 12 1 1 1 11 7 12 1 1 11 12 1 8 1 10 12 1 1 8 1 10 10 9 100 12 1 1 1 8 1 10 12 1 1 11 10 100 1 8 1 10 11 12 1 1 8 1 9 12 1 10 100 12 1 1 11 9 12 1 1 11 12 1 1 100 10 12 1 10 12 1 1 7 1 1 1 1 5 0 1 1 1 1 1 1 1 1 1 1 1 1 7 1 1 1 1 1 1 1 1 1 1 1 1 1 1 1 1 1 1 1 1 1 1 1 1 1 1 1 1 1 1 1 1 1 1 1 1 1 1 1 1 1 1 1 1 1 100 1 7 1 1 1 1 1 1 1 1 1 1 1 1 1 1 1 1 1 1
staticfield java/lang/Throwable UNASSIGNED_STACK [Ljava/lang/StackTraceElement; 0 [Ljava/lang/StackTraceElement;
staticfield java/lang/Throwable SUPPRESSED_SENTINEL Ljava/util/List; java/util/Collections$EmptyList
staticfield java/lang/Throwable EMPTY_THROWABLE_ARRAY [Ljava/lang/Throwable; 0 [Ljava/lang/Throwable;
staticfield java/lang/Throwable $assertionsDisabled Z 1
ciMethod java/lang/Throwable fillInStackTrace ()Ljava/lang/Throwable; 158 0 65 0 -1
ciInstanceKlass java/util/Properties 1 1 690 10 7 12 1 1 1 100 1 10 7 12 1 1 7 1 10 12 1 9 12 1 1 9 12 1 1 9 12 1 1 10 7 12 1 1 1 10 12 1 1 8 1 10 7 12 1 1 1 7 1 10 12 1 10 12 1 1 8 1 10 12 1 7 1 10 12 10 12 1 1 9 12 1 1 10 12 1 1 7 1 10 12 1 10 12 1 10 12 1 1 100 1 8 1 10 12 1 10 12 1 10 12 1 1 10 12 1 7 1 3 10 10 100 12 1 1 1 10 12 1 10 12 1 1 8 1 10 12 1 10 12 1 1 8 1 10 100 12 1 1 10 12 1 1 10 12 1 10 12 1 1 100 1 10 12 1 10 12 1 1 100 1 9 100 12 1 1 1 10 12 1 10 12 1 1 10 12 1 1 10 12 1 1 100 1 9 12 1 1 7 1 7 1 10 12 1 7 1 11 7 12 1 1 1 11 12 1 1 11 7 12 1 1 1 11 7 12 1 1 1 11 12 1 1 11 12 1 11 12 1 10 12 1 1 8 1 10 12 1 10 100 12 1 1 10 12 1 100 1 10 10 12 1 10 12 1 100 1 10 10 12 1 1 10 7 12 1 1 9 100 12 1 1 10 12 1 1 10 100 12 1 1 1 100 1 100 1 100 1 10 8 1 8 1 10 12 1 10 12 1 10 12 1 1 10 10 12 1 1 10 12 1 1 100 1 10 10 12 1 11 7 12 1 1 10 7 12 1 1 1 8 1 10 100 12 1 1 11 11 7 1 8 1 10 100 1 11 10 12 1 10 10 12 1 10 12 1 1 10 12 1 1 10 12 1 1 10 12 1 10 12 1 10 10 12 1 10 12 1 10 12 1 10 10 12 1 1 10 12 1 1 10 10 12 1 10 12 1 10 12 1 10 12 1 10 12 1 1 10 12 1 1 10 12 1 10 12 1 10 12 1 1 10 12 10 12 1 1 10 12 1 1 10 12 1 10 12 1 1 10 12 1 1 10 12 10 11 12 1 4 11 10 12 1 1 10 100 12 1 1 11 12 1 10 12 1 1 10 100 12 1 1 10 12 1 100 1 8 1 10 12 1 10 10 100 12 1 1 1 100 1 6 0 10 12 1 1 11 100 12 1 1 1 10 12 1 10 12 1 1 1 1 1 5 0 1 1 1 1 1 1 1 1 1 1 1 1 1 1 1 1 1 1 1 1 1 1 1 1 1 1 1 1 1 1 1 1 1 1 1 1 1 1 1 100 1 1 1 1 1 1 1 1 1 1 1 1 1 1 1 1 1 1 1 1 100 1 1 1 1 1 1 1 1 1 1 1 1 7 1 7 1 1 1 1 1 100 1 1 1 1 1 1 1 1 1 1 1 1 1 1 1 1 1 1 1 1 1 1 1 1 1 1 1 1 1 1 1 1 1 1 1 1 1 1 1 1 1 1 1 1 1 1 1 1 1 1 1 1 1 1 1 1 1 1 1 1 1 1 1 1 1 1 1 1 1 1 1 1 1 1 1 1 1 7 1 1 1 1 1 1 1 1 1 1 1 100 1 1
staticfield java/util/Properties UNSAFE Ljdk/internal/misc/Unsafe; jdk/internal/misc/Unsafe
instanceKlass java/util/Hashtable
ciInstanceKlass java/util/Dictionary 1 1 36 10 7 12 1 1 1 100 1 1 1 1 1 1 1 1 1 1 1 1 1 1 1 1 1 1 1 1 1 1 1 1 1 1 1 1
instanceKlass java/util/Properties
ciInstanceKlass java/util/Hashtable 1 1 516 7 1 10 7 12 1 1 1 9 7 12 1 1 1 100 1 7 1 10 8 1 10 12 1 1 10 12 1 10 12 1 1 10 12 1 10 7 12 1 1 1 8 1 10 12 1 9 12 1 1 7 1 9 12 1 1 4 10 7 12 1 1 1 9 12 1 4 10 12 1 11 7 12 1 1 1 10 12 1 1 10 12 1 1 9 12 1 10 12 1 1 100 1 10 9 12 1 1 10 7 12 1 1 1 9 12 1 1 10 12 1 10 12 1 3 9 12 1 9 12 1 3 10 12 1 10 12 1 10 12 1 1 11 12 1 1 11 100 12 1 1 1 11 7 12 1 1 1 11 12 1 100 1 11 12 1 11 12 1 10 12 1 1 10 12 1 1 10 12 1 9 12 1 1 9 12 9 12 1 1 10 100 1 7 1 10 12 1 10 8 1 10 10 12 1 8 1 10 8 1 10 100 12 1 1 1 7 1 10 12 1 10 12 1 100 1 10 12 1 10 12 1 1 100 1 10 100 1 10 10 12 1 1 11 12 1 1 11 12 1 7 1 10 10 10 100 12 1 1 11 100 12 1 1 1 100 1 10 11 100 12 1 1 11 100 12 1 10 12 1 10 12 1 1 10 100 12 1 1 10 12 1 1 10 12 1 1 10 12 1 1 10 100 12 1 1 1 8 10 100 12 1 1 100 1 8 1 10 4 4 10 12 1 1 10 12 1 8 1 4 10 12 10 100 12 1 1 1 100 1 11 100 12 1 1 1 10 100 12 1 1 1 10 12 1 10 12 1 1 10 7 1 7 1 1 1 1 1 1 5 0 1 1 1 1 1 3 1 3 1 3 1 1 1 1 1 1 1 1 1 1 1 1 1 1 1 1 1 1 1 1 1 1 1 1 1 100 1 1 1 1 1 1 1 1 1 1 1 1 1 1 1 1 1 1 1 1 1 1 1 1 1 1 1 1 1 7 1 1 1 1 1 1 1 1 1 1 1 1 1 1 7 1 1 1 1 1 1 1 1 1 1 1 1 1 1 1 1 1 1 1 1 1 1 1 1 1 1 1 1 1 1 1 1 1 1 1 1 1 1 1 1 1 1 1 1 100 1 1 1 7 1 1 1 1 1 7 1 1 1 1 1 1 1 1 1 1 1 1 1 1 1 1 1 1
ciInstanceKlass java/lang/String 1 1 1488 10 7 12 1 1 1 8 1 9 7 12 1 1 1 9 12 1 1 9 12 1 1 9 12 1 1 10 12 1 10 12 1 1 10 12 1 1 9 12 1 10 7 12 1 1 1 10 12 1 1 10 12 1 10 7 12 1 1 1 10 12 1 1 10 12 1 1 10 12 1 10 12 1 1 10 12 1 10 7 12 1 1 1 7 1 9 7 12 1 1 1 10 7 12 1 1 1 10 12 1 1 10 12 1 1 10 7 12 1 1 1 10 12 1 1 9 7 12 1 1 10 12 9 7 12 1 1 10 12 1 1 3 10 12 1 1 7 1 11 12 1 1 11 12 1 11 12 1 1 10 100 12 1 1 1 10 12 1 1 9 100 12 1 1 1 10 12 1 1 10 12 1 11 12 1 1 10 12 1 10 12 10 12 1 1 10 7 12 1 1 1 10 7 12 1 1 1 10 12 1 1 100 1 7 1 10 12 1 10 12 1 10 12 1 1 10 12 1 1 100 1 10 12 1 1 100 1 10 12 1 1 10 12 1 1 10 12 1 10 10 12 1 100 1 100 1 100 1 10 12 1 10 12 1 1 10 12 1 1 10 12 1 10 12 1 1 10 12 1 1 10 100 12 1 1 100 1 11 10 100 12 1 1 11 12 1 11 12 1 10 12 1 1 10 12 1 10 12 10 12 1 1 10 10 100 12 1 1 1 10 100 12 1 1 10 12 1 1 10 100 12 1 1 10 12 1 10 12 1 1 10 12 1 1 10 12 1 10 12 1 10 12 1 1 100 1 10 12 1 1 10 12 10 12 1 10 12 1 1 10 12 1 1 10 7 12 1 1 1 10 12 1 10 12 1 1 10 12 1 10 12 1 3 3 10 12 1 1 10 12 1 10 12 1 1 10 12 1 1 10 12 1 1 10 12 1 10 12 1 1 10 12 1 1 10 12 1 10 12 1 10 12 1 10 12 1 1 10 12 1 10 12 1 10 12 1 10 12 1 10 12 1 10 12 1 10 7 1 10 8 1 10 12 1 1 10 12 1 8 1 10 12 1 1 10 12 10 12 1 8 1 10 10 12 1 1 10 12 1 1 7 1 5 0 7 1 8 1 10 10 12 1 1 5 0 5 0 5 0 10 12 1 1 10 7 1 10 10 12 1 10 12 1 10 12 1 10 10 12 1 10 12 1 10 12 1 10 12 1 10 12 1 10 12 1 10 12 1 1 10 12 1 1 10 12 1 1 10 10 12 1 1 10 10 12 1 100 1 10 9 100 12 1 1 1 11 100 12 1 1 1 10 12 1 1 10 12 1 1 10 7 1 10 12 1 10 12 1 10 7 12 1 1 1 10 12 1 10 12 1 1 10 12 1 11 7 1 11 12 10 12 1 10 12 1 1 10 12 1 1 10 10 12 1 10 12 1 9 12 1 1 11 7 12 1 1 1 10 12 10 10 12 1 10 12 1 1 10 10 12 1 10 12 1 10 12 1 1 10 12 1 1 10 10 12 1 1 10 10 7 12 1 1 1 10 12 1 10 12 1 10 12 10 10 12 10 10 12 1 10 12 1 10 10 12 10 12 1 1 10 12 10 10 12 10 12 1 10 12 10 12 10 10 12 1 10 12 1 1 10 12 1 1 10 10 12 1 10 7 12 1 1 1 10 12 1 1 10 10 100 12 1 1 1 11 10 12 1 10 12 1 1 10 12 1 1 10 100 12 1 1 1 10 12 1 10 12 1 10 12 1 10 12 1 10 12 1 10 12 1 100 1 10 10 12 1 10 12 1 1 8 1 10 12 1 3 3 10 12 1 10 12 1 1 10 12 7 1 10 10 12 1 1 10 12 10 12 1 10 12 1 10 12 1 1 10 12 1 1 11 7 12 1 1 1 7 1 10 12 1 10 12 1 1 8 1 10 12 1 1 10 12 1 11 7 12 1 1 1 11 7 12 1 1 11 12 1 10 12 1 10 12 1 1 10 10 100 12 1 1 1 10 12 1 10 12 1 10 10 12 10 12 1 1 10 10 12 1 10 10 12 1 10 10 12 1 10 10 12 1 10 12 1 1 10 10 12 1 8 1 10 12 1 1 18 12 1 1 11 100 12 1 1 1 3 18 12 1 18 12 1 8 1 10 100 12 1 1 1 11 12 1 1 10 12 10 10 12 1 10 11 12 1 1 10 12 1 1 11 12 1 18 3 11 10 11 11 10 12 1 10 12 1 1 8 1 10 12 1 10 12 1 10 12 1 1 10 10 12 1 11 100 12 1 100 1 100 1 10 12 100 1 10 10 100 12 1 1 1 100 1 10 7 1 10 10 12 1 10 10 12 1 8 1 10 10 12 1 8 1 8 1 10 12 1 10 12 1 10 10 12 10 7 12 1 1 10 7 12 1 1 10 7 12 1 1 8 1 10 12 1 10 12 1 10 9 12 1 10 12 9 7 12 1 1 1 10 12 1 10 12 1 10 12 1 10 12 10 12 1 10 12 1 8 1 10 100 12 1 1 1 10 12 10 12 1 1 10 12 10 12 10 12 7 1 9 12 1 1 7 1 10 7 1 7 1 7 1 7 1 1 1 1 1 1 5 0 1 1 1 1 1 3 1 3 1 1 1 1 1 1 1 1 1 1 1 1 1 1 1 100 1 1 1 1 1 1 1 1 1 1 1 1 1 1 1 1 1 1 1 1 1 1 1 1 1 1 1 1 1 1 1 100 1 1 1 1 1 1 1 1 1 1 1 1 7 1 1 1 1 1 1 1 1 1 1 1 1 1 1 1 1 1 1 1 1 1 1 1 1 1 1 1 1 1 1 1 1 1 1 1 1 1 1 1 1 1 1 1 1 1 1 1 1 1 1 1 1 1 1 1 1 1 1 1 1 1 1 1 1 1 1 1 1 1 1 1 1 1 1 1 1 1 1 1 1 1 1 1 1 1 1 1 1 1 1 1 1 1 1 1 1 1 1 1 1 1 1 1 1 1 1 1 1 1 1 1 1 1 1 1 1 1 1 1 1 1 1 1 1 1 1 1 1 1 1 1 1 1 1 1 1 1 1 1 1 1 1 1 1 1 1 1 1 1 1 1 1 1 1 1 1 1 1 1 1 1 1 1 1 1 1 1 1 1 1 1 1 1 1 1 1 1 1 1 1 1 100 1 1 1 1 1 1 1 1 1 1 1 1 1 1 1 1 1 1 1 1 1 1 1 100 1 1 1 1 1 1 1 1 1 1 1 1 1 1 1 7 1 1 1 1 1 1 1 1 1 1 1 1 1 1 1 16 15 10 12 16 15 10 12 15 10 12 15 10 12 15 10 100 12 1 1 1 1 100 1 1 1 1 1 100 1 100 1 1 1
staticfield java/lang/String COMPACT_STRINGS Z 1
staticfield java/lang/String serialPersistentFields [Ljava/io/ObjectStreamField; 0 [Ljava/io/ObjectStreamField;
staticfield java/lang/String CASE_INSENSITIVE_ORDER Ljava/util/Comparator; java/lang/String$CaseInsensitiveComparator
ciInstanceKlass java/lang/constant/ConstantDesc 1 0 37 100 1 100 1 1 1 1 100 1 1 1 1 100 1 100 1 100 1 100 1 100 1 100 1 100 1 100 1 100 1 1 100 1 100 1 1
ciInstanceKlass jdk/internal/misc/VM 1 1 333 10 7 12 1 1 1 9 7 12 1 1 1 9 12 1 1 7 1 7 1 10 8 1 10 12 1 1 10 12 1 10 12 1 1 10 12 1 10 12 1 10 12 1 9 12 1 1 8 1 10 12 1 9 12 1 1 9 12 1 9 12 1 3 10 7 12 1 1 1 9 12 1 1 100 1 8 1 10 11 7 12 1 1 1 7 1 10 100 12 1 1 1 10 12 1 8 1 8 1 10 12 1 1 8 1 10 12 1 1 10 7 12 1 1 1 10 12 1 1 10 7 12 1 1 1 5 0 8 1 8 1 8 1 10 12 1 1 10 12 1 1 10 7 12 1 1 1 10 12 1 9 12 1 100 1 10 12 1 10 7 12 1 1 9 12 1 9 12 1 9 7 12 1 1 1 9 12 1 9 12 1 9 12 1 9 12 1 9 12 1 10 12 1 10 12 1 10 12 1 10 12 1 10 12 1 9 100 12 1 1 1 10 100 12 1 1 1 11 100 12 1 1 1 5 0 10 1 1 3 1 3 1 3 1 3 1 3 1 1 1 1 1 1 1 1 1 3 1 3 1 3 1 1 1 1 1 1 1 7 1 1 1 100 1 1 1 1 1 1 1 1 1 1 1 1 1 1 1 1 1 1 1 1 1 1 1 1 1 1 1 1 1 1 1 1 1 1 1 1 1 1 1 1 1 1 1 1 1 1 1 1 1 1 1 1 1 1 1 1 1 1 1 1 1 100 1 1 7 1 1 1 1
staticfield jdk/internal/misc/VM lock Ljava/lang/Object; java/lang/Object
ciInstanceKlass java/lang/InternalError 1 0 34 10 100 12 1 1 1 10 12 1 10 12 1 10 12 1 100 1 1 1 1 5 0 1 1 1 1 1 1 1 1 1 1 1
instanceKlass java/io/IOError
instanceKlass kotlin/reflect/jvm/internal/KotlinReflectionInternalError
instanceKlass kotlin/NotImplementedError
instanceKlass kotlin/jvm/KotlinReflectionNotSupportedError
instanceKlass java/lang/AssertionError
instanceKlass java/lang/VirtualMachineError
instanceKlass java/lang/LinkageError
ciInstanceKlass java/lang/Error 1 1 58 10 7 12 1 1 1 9 12 1 1 10 100 12 1 1 1 10 100 12 1 1 1 10 12 1 10 12 1 10 12 1 10 12 1 100 1 1 1 1 5 0 1 1 1 1 1 1 1 1 100 1 1 1 1 1 1 1
instanceKlass java/lang/StackOverflowError
instanceKlass java/lang/OutOfMemoryError
instanceKlass java/lang/InternalError
ciInstanceKlass java/lang/VirtualMachineError 1 1 34 10 100 12 1 1 1 10 12 1 10 12 1 10 12 1 100 1 1 1 1 5 0 1 1 1 1 1 1 1 1 1 1 1
ciInstanceKlass java/util/Set 1 1 144 100 1 10 100 12 1 1 1 9 7 12 1 1 1 7 1 10 12 1 1 10 12 1 7 1 7 1 10 12 1 7 1 7 1 11 7 12 1 1 1 11 12 1 1 7 1 10 12 1 10 12 1 1 11 12 1 1 1 1 1 1 1 1 1 1 1 1 1 1 1 1 1 1 1 1 1 1 1 1 1 1 1 1 1 1 1 1 1 1 1 1 1 1 1 1 1 1 1 1 1 1 1 1 1 1 1 1 1 1 1 1 1 1 1 1 1 1 1 1 1 1 1 1 1 1 1 1 1 1 1 1 1 1 1 1 1 1 1 1 1 1 1 1
ciInstanceKlass java/util/Iterator 1 1 53 100 1 8 1 10 12 1 1 10 100 12 1 1 1 11 7 12 1 1 1 11 12 1 1 11 100 12 1 1 1 7 1 1 1 1 1 1 1 1 1 1 1 1 1 1 1 1 1 1 1 1 1
ciInstanceKlass java/util/Map$Entry 1 0 178 18 12 1 1 7 1 100 1 18 10 100 12 1 1 1 18 12 1 18 100 1 11 7 12 1 1 1 11 12 1 11 7 12 1 1 1 10 100 12 1 1 1 10 7 12 1 1 1 8 1 10 12 1 1 8 1 8 1 8 1 10 12 1 10 12 1 8 10 7 1 10 12 1 8 10 12 1 8 1 10 12 1 8 10 12 1 8 1 10 12 1 1 8 1 100 1 8 1 10 12 1 1 11 12 7 1 11 12 1 1 1 1 1 1 1 1 1 1 1 1 1 1 1 1 1 1 1 1 1 1 1 1 1 1 1 1 1 1 1 1 1 1 1 1 1 1 1 16 15 11 12 16 3 3 15 11 12 15 11 12 15 11 12 15 10 100 12 1 1 1 1 1 100 1 100 1 1
instanceKlass org/jetbrains/kotlin/protobuf/RopeByteString$RopeInputStream
instanceKlass org/jetbrains/kotlin/com/intellij/util/io/UnsyncByteArrayInputStream
instanceKlass org/jetbrains/kotlin/com/fasterxml/aalto/in/MergedStream
instanceKlass java/util/zip/ZipFile$ZipFileInputStream
instanceKlass java/io/FilterInputStream
instanceKlass java/io/FileInputStream
instanceKlass java/io/ByteArrayInputStream
ciInstanceKlass java/io/InputStream 1 1 195 7 1 10 7 12 1 1 1 100 1 10 10 7 12 1 1 1 10 7 12 1 1 1 10 12 1 100 1 3 10 12 1 1 100 1 8 1 10 12 1 10 100 12 1 1 1 3 7 1 8 1 10 10 100 12 1 1 1 7 1 10 11 7 12 1 1 1 10 12 1 1 11 12 1 1 11 7 12 1 1 1 11 12 1 1 100 1 10 7 12 1 1 1 5 0 10 12 1 10 12 1 1 100 1 10 8 1 10 8 1 8 1 10 12 1 1 10 100 12 1 1 1 7 1 5 0 10 12 1 100 1 7 1 1 1 1 3 1 3 1 1 1 1 1 1 1 1 1 1 1 1 1 1 1 1 1 1 1 1 1 1 1 1 1 1 1 1 1 1 1 1 1 1 1 1 1 1 1 1 1 1 1 1 1 1 1 1 1 1 1 1 1 1 1
ciInstanceKlass jdk/internal/misc/Unsafe 1 1 1242 10 7 12 1 1 1 9 7 12 1 1 1 9 12 1 1 10 12 1 1 10 7 12 1 1 1 10 12 1 1 10 12 1 1 10 12 1 1 10 12 1 1 10 12 1 1 10 12 1 1 10 12 1 1 10 12 1 1 10 12 1 1 10 12 1 1 10 12 1 1 10 12 1 1 10 12 1 1 10 12 1 10 12 1 100 1 10 10 12 1 1 10 12 1 1 5 0 10 12 1 1 10 12 1 1 10 7 12 1 1 1 10 12 1 1 10 12 1 10 12 1 10 12 1 1 10 12 1 1 10 12 1 10 12 1 7 1 7 1 10 8 1 10 12 1 1 10 12 1 8 1 10 12 1 1 10 12 1 10 12 1 10 12 1 1 10 12 1 10 12 1 1 10 12 1 1 10 12 1 10 12 1 10 12 1 10 12 1 1 10 12 1 10 12 1 10 12 1 1 10 12 1 5 0 5 0 5 0 10 12 1 10 12 1 10 12 1 10 12 1 10 12 1 10 12 1 10 12 1 10 12 1 10 12 1 1 10 12 1 10 12 1 7 1 8 1 10 100 1 10 10 12 1 1 10 12 1 1 10 12 1 10 12 1 1 10 12 1 1 10 12 1 10 12 1 1 10 12 1 9 7 12 1 1 9 12 1 100 1 10 10 12 1 1 8 1 10 8 1 8 1 10 12 1 1 9 7 12 1 1 1 9 7 1 9 7 1 9 7 1 9 9 7 1 9 7 1 9 7 1 10 12 1 1 10 12 1 1 10 12 1 1 10 12 1 1 5 0 5 0 9 12 1 1 10 12 1 10 12 1 10 12 1 1 10 12 1 1 10 12 1 8 1 3 10 12 1 1 10 12 1 1 10 12 1 10 12 1 1 10 12 1 1 10 12 1 10 12 1 10 12 1 10 12 1 10 12 1 10 12 1 1 10 12 1 1 10 12 1 10 12 1 10 12 1 10 12 1 10 12 1 10 12 1 1 10 12 1 1 10 12 1 10 12 1 10 12 1 10 12 1 10 12 1 10 12 1 1 10 12 1 1 10 12 1 1 10 12 1 1 10 12 1 10 12 1 10 12 1 10 12 1 10 12 1 10 12 1 10 12 1 1 10 12 1 1 10 12 1 10 12 1 10 12 1 10 12 1 10 12 1 10 12 1 10 12 1 1 10 12 1 1 10 12 1 10 12 1 10 12 1 10 12 1 10 12 1 10 12 1 10 12 1 10 12 1 1 10 12 1 10 12 1 10 12 1 10 12 1 10 12 1 1 10 12 1 10 12 1 10 12 1 10 12 1 10 12 1 10 12 1 10 12 1 10 12 1 1 10 12 1 10 12 1 10 12 1 10 12 1 10 12 1 10 12 1 1 10 12 1 10 12 1 10 12 1 1 10 12 1 10 12 1 10 12 1 10 12 1 10 12 1 10 12 1 10 12 1 10 12 1 10 12 1 10 12 1 10 12 1 10 12 1 10 12 1 10 12 1 10 12 1 10 12 1 10 12 1 10 12 1 10 12 1 10 12 1 10 12 1 10 12 1 10 12 1 100 1 10 100 1 10 9 12 1 5 0 10 12 1 1 5 0 10 12 1 5 0 10 12 1 10 12 1 10 12 1 1 10 12 1 1 10 12 1 10 12 1 10 12 1 10 12 1 1 10 12 1 10 12 1 10 12 1 10 12 1 10 12 1 1 10 12 1 10 12 1 10 12 1 10 12 1 1 10 12 1 10 12 1 10 12 1 1 10 12 1 10 12 1 10 12 1 10 12 1 1 10 12 1 10 10 12 1 1 10 12 1 10 12 1 1 10 12 1 10 12 5 0 5 0 5 0 10 12 1 1 10 12 1 10 12 1 10 12 10 100 12 1 1 8 1 100 1 11 12 1 1 8 1 11 12 1 1 10 100 12 1 1 10 12 1 10 7 1 10 12 1 9 12 1 7 1 9 12 1 7 1 9 12 1 7 1 9 12 1 7 1 9 12 1 7 1 9 12 1 7 1 9 12 1 7 1 9 12 1 7 1 9 12 1 10 12 1 9 12 1 9 12 1 9 12 1 9 12 1 9 12 1 9 12 1 9 12 1 9 12 1 9 12 1 9 12 1 1 1 3 1 1 1 1 1 1 1 1 1 1 1 1 1 1 1 1 1 1 1 1 1 1 1 1 1 1 1 1 1 1 1 1 1 1 1 1 1 1 1 1 1 1 1 1 1 1 1 1 1 1 1 1 1 1 1 1 1 1 1 1 1 1 1 1 1 1 1 1 1 1 1 1 1 1 1 1 1 1 1 1 1 1 1 1 1 1 1 1 1 1 100 1 1 1 1 1 1 1 1 1 1 1 1 1 1 1 1 1 1 1 1 1 1 1 1 1 1 1 1 1 1 1 1 1 1 1 1 1 1 1 1 1 1 1 1 1 1 1 1 1 1 1 1 1 1 1 1 1 1 1 1 1 1 1 1 1 1 1 1 1 1 1 1 1 1 1 1 1 1 1 1 1 1 1 1 1 1 1 1 1 1 1 1 1 1 1 1 1 1 1 1 1 1 1 1 1 1 1 1 1 1 1 1 1 1 1 1 1 1 1 1 1 1 1 1 1 1 1 1 1 1 1 1 1 1 1 1 1 1 1 1 1 1 1 1 1 1 1 1 1 1 1 1 1 1 1 1 1 1 1 1 1 1 1 1 1 1 1 1 1 1 1 1 1 1 1 1 1 1 1 1 1 1 1 1 1 1 1 1 1 1 1 1 1 1 1 1 1 1 1 1 1 1 1 1 1 1 1 1 1 1 1 1 1
staticfield jdk/internal/misc/Unsafe theUnsafe Ljdk/internal/misc/Unsafe; jdk/internal/misc/Unsafe
staticfield jdk/internal/misc/Unsafe ARRAY_BOOLEAN_BASE_OFFSET I 16
staticfield jdk/internal/misc/Unsafe ARRAY_BYTE_BASE_OFFSET I 16
staticfield jdk/internal/misc/Unsafe ARRAY_SHORT_BASE_OFFSET I 16
staticfield jdk/internal/misc/Unsafe ARRAY_CHAR_BASE_OFFSET I 16
staticfield jdk/internal/misc/Unsafe ARRAY_INT_BASE_OFFSET I 16
staticfield jdk/internal/misc/Unsafe ARRAY_LONG_BASE_OFFSET I 16
staticfield jdk/internal/misc/Unsafe ARRAY_FLOAT_BASE_OFFSET I 16
staticfield jdk/internal/misc/Unsafe ARRAY_DOUBLE_BASE_OFFSET I 16
staticfield jdk/internal/misc/Unsafe ARRAY_OBJECT_BASE_OFFSET I 16
staticfield jdk/internal/misc/Unsafe ARRAY_BOOLEAN_INDEX_SCALE I 1
staticfield jdk/internal/misc/Unsafe ARRAY_BYTE_INDEX_SCALE I 1
staticfield jdk/internal/misc/Unsafe ARRAY_SHORT_INDEX_SCALE I 2
staticfield jdk/internal/misc/Unsafe ARRAY_CHAR_INDEX_SCALE I 2
staticfield jdk/internal/misc/Unsafe ARRAY_INT_INDEX_SCALE I 4
staticfield jdk/internal/misc/Unsafe ARRAY_LONG_INDEX_SCALE I 8
staticfield jdk/internal/misc/Unsafe ARRAY_FLOAT_INDEX_SCALE I 4
staticfield jdk/internal/misc/Unsafe ARRAY_DOUBLE_INDEX_SCALE I 8
staticfield jdk/internal/misc/Unsafe ARRAY_OBJECT_INDEX_SCALE I 4
staticfield jdk/internal/misc/Unsafe ADDRESS_SIZE I 8
instanceKlass jdk/internal/reflect/DelegatingClassLoader
instanceKlass java/security/SecureClassLoader
ciInstanceKlass java/lang/ClassLoader 1 1 1108 9 7 12 1 1 1 10 7 12 1 1 1 9 12 1 1 10 7 12 1 1 1 7 1 10 12 1 1 10 12 1 1 9 12 1 1 10 12 1 1 100 1 10 12 1 10 12 1 1 10 7 12 1 1 1 100 1 8 1 10 12 1 10 7 12 1 1 1 10 7 12 1 10 7 1 10 7 1 7 1 7 1 10 12 1 10 12 1 9 12 1 1 10 10 7 12 1 1 1 9 12 1 1 9 12 1 9 12 1 1 9 12 1 9 12 1 1 9 12 1 1 7 1 10 12 1 9 12 1 1 10 12 1 1 10 7 12 1 1 1 9 12 1 9 12 1 1 9 12 1 10 12 1 1 9 12 10 12 1 1 7 1 10 8 1 10 12 1 1 10 12 1 10 7 1 7 1 10 12 1 1 10 7 12 1 1 1 8 1 10 12 1 10 12 1 10 12 1 1 10 12 1 1 10 12 1 1 10 12 1 1 10 12 1 1 10 12 1 7 1 10 12 1 10 100 12 1 1 1 10 12 1 1 10 12 1 10 12 1 10 12 1 10 12 1 10 12 1 1 10 10 12 1 10 12 1 10 100 12 1 1 10 12 1 1 10 12 1 1 10 12 1 100 1 10 12 1 7 1 10 12 1 10 7 12 1 1 1 10 10 12 1 1 10 12 1 1 7 1 8 1 10 8 1 10 12 1 10 12 1 100 1 8 1 10 12 1 1 10 12 1 1 10 10 12 1 1 10 12 1 1 10 12 1 1 10 7 1 10 12 1 1 10 12 1 1 10 12 1 1 10 12 1 1 10 12 1 1 10 12 1 1 10 12 1 10 100 12 1 1 1 10 12 1 10 12 1 10 12 1 1 10 12 1 10 12 1 10 12 1 10 12 1 1 10 12 1 10 12 1 1 8 1 9 12 1 10 12 1 1 8 1 8 1 10 7 12 1 1 100 1 10 10 12 10 12 1 10 12 1 10 12 1 10 12 1 1 10 7 12 1 1 10 12 1 10 7 1 7 1 10 12 1 1 10 12 1 10 7 1 10 12 1 100 1 18 12 1 10 100 12 1 1 1 10 100 12 1 1 1 10 7 12 1 1 10 12 1 10 12 1 100 1 10 12 1 8 1 10 10 12 1 1 10 12 1 10 12 1 1 100 1 10 12 1 10 12 1 1 10 7 12 1 1 10 12 1 8 1 100 1 10 10 12 1 9 12 1 10 7 12 1 1 10 12 1 7 1 8 1 10 12 1 10 8 1 8 1 10 12 1 1 10 12 1 1 10 12 1 1 10 7 12 1 1 7 1 100 1 10 12 1 1 7 1 7 1 10 7 12 1 1 10 12 1 10 12 1 1 10 12 1 10 12 1 1 10 12 1 1 9 100 12 1 1 1 10 12 1 1 10 12 1 10 12 1 10 12 1 1 10 12 1 8 1 7 1 18 12 1 1 10 12 1 1 10 12 1 10 12 1 10 12 1 8 1 10 12 1 10 12 1 18 12 1 11 100 12 1 1 1 100 1 10 12 1 1 10 12 1 10 11 12 1 1 10 18 10 12 1 1 11 7 12 1 18 12 1 11 12 1 1 10 12 10 12 1 1 10 12 1 1 100 1 8 1 10 10 12 1 8 1 8 1 10 100 12 1 1 10 12 1 100 1 10 10 12 1 8 1 8 1 8 1 10 12 1 10 12 1 1 10 12 1 10 7 12 1 1 1 11 7 12 1 1 100 1 10 11 10 12 1 10 12 1 10 12 1 1 9 7 12 1 1 9 12 1 1 9 12 9 12 1 9 12 1 9 12 1 8 10 12 1 1 10 7 12 1 1 1 10 12 1 1 10 12 1 1 10 12 1 10 10 12 1 11 12 1 1 10 100 12 1 1 1 100 1 10 12 1 10 12 1 10 12 1 1 1 1 1 1 1 1 1 1 1 1 1 1 1 1 1 1 1 1 1 1 1 1 1 1 1 1 100 1 1 1 1 1 1 1 1 1 1 1 1 1 1 1 1 1 1 1 1 1 100 1 1 1 1 1 1 1 1 1 1 100 1 1 1 1 1 1 1 1 1 1 1 1 1 1 1 1 1 1 1 1 1 1 1 1 1 1 1 1 1 1 1 1 1 1 1 1 1 1 1 1 1 100 1 1 1 1 1 1 1 1 1 1 1 1 1 1 1 1 1 1 1 7 1 1 1 1 1 1 1 1 1 1 1 1 1 1 1 1 1 1 1 1 1 1 1 1 1 1 1 1 1 1 1 1 1 1 1 1 1 1 1 1 1 1 1 1 1 1 1 1 1 1 100 1 1 1 1 1 1 1 1 1 1 1 1 1 1 1 1 1 1 1 1 1 1 1 1 1 1 1 1 1 1 1 1 1 1 1 1 1 1 1 1 1 1 1 1 1 1 16 1 15 10 12 16 1 16 15 10 12 16 1 16 1 15 10 12 16 15 10 12 16 15 10 12 16 15 10 100 12 1 1 1 1 1 100 1 100 1 1
staticfield java/lang/ClassLoader nocerts [Ljava/security/cert/Certificate; 0 [Ljava/security/cert/Certificate;
staticfield java/lang/ClassLoader $assertionsDisabled Z 1
ciInstanceKlass java/lang/reflect/Constructor 1 1 439 10 7 12 1 1 1 10 7 12 1 1 9 7 12 1 1 1 10 12 1 1 10 12 1 1 10 7 12 1 1 9 12 1 1 10 7 12 1 1 1 9 12 1 1 9 12 1 1 9 12 1 9 12 1 1 9 12 1 9 12 1 1 9 12 1 1 9 12 1 100 1 8 1 10 12 1 10 12 1 9 12 1 1 10 7 12 1 1 10 7 12 1 1 1 10 12 1 1 10 12 1 1 10 12 1 7 1 100 1 8 1 10 10 12 1 10 12 1 10 12 1 1 10 12 1 1 9 100 12 1 1 1 10 7 12 1 1 10 12 1 1 10 12 1 10 12 1 1 10 7 12 1 1 1 10 100 12 1 1 10 12 1 1 10 12 1 10 7 12 1 1 1 8 1 10 10 12 1 100 1 8 1 10 12 1 10 12 1 1 10 12 1 1 10 12 1 10 12 1 10 12 1 1 10 12 1 1 9 12 1 1 10 12 1 1 10 12 1 1 10 12 1 1 11 7 12 1 1 1 10 12 1 1 10 12 1 10 12 1 10 12 1 8 1 9 12 1 1 10 7 12 1 1 1 10 7 12 1 1 10 12 1 1 10 12 1 1 10 12 1 1 10 12 1 1 10 12 1 9 7 12 1 1 10 12 1 10 12 1 10 12 1 100 1 8 1 10 10 12 1 1 10 12 1 10 10 12 1 1 10 12 1 1 10 100 12 1 1 1 11 100 12 1 1 1 10 12 1 1 9 100 12 1 1 1 10 100 12 1 1 1 10 12 1 1 1 1 1 1 1 1 1 1 1 1 1 1 1 1 1 1 1 1 1 1 1 1 1 1 1 1 1 1 1 1 1 1 1 1 1 1 1 1 1 1 1 1 1 1 1 1 1 1 1 1 100 1 100 1 100 1 100 1 1 1 1 1 1 1 1 1 1 1 1 1 1 1 1 1 1 1 1 1 1 1 1 1 1 1 1 1 1 1 1 1 100 1 1
instanceKlass java/lang/reflect/Executable
instanceKlass java/lang/reflect/Field
ciInstanceKlass java/lang/reflect/AccessibleObject 1 1 402 10 7 12 1 1 1 9 100 12 1 1 1 10 7 12 1 1 1 10 7 12 1 1 10 7 12 1 1 1 10 100 12 1 1 1 10 12 1 1 10 12 1 1 9 12 1 1 7 1 10 7 12 1 1 1 11 12 1 7 1 10 12 1 7 1 100 1 10 12 1 10 12 1 1 10 12 1 1 10 12 1 1 10 12 1 1 7 1 10 7 12 1 1 1 10 12 1 1 11 10 7 12 1 1 1 10 12 1 1 10 12 1 10 12 1 10 12 1 1 10 12 1 8 1 7 1 7 1 10 10 12 1 1 8 1 10 12 1 10 12 1 8 1 8 1 8 1 8 1 8 1 8 1 8 1 8 1 8 1 100 1 10 12 1 10 12 1 9 12 1 1 10 12 1 1 10 12 1 10 7 1 100 1 8 1 10 8 1 10 12 1 8 1 10 12 1 10 12 1 1 10 100 1 8 1 10 11 7 12 1 1 1 10 12 1 1 10 12 1 1 10 12 1 1 9 12 1 1 100 1 10 12 1 7 1 10 12 1 10 12 1 1 10 100 1 10 12 1 10 12 10 12 1 10 12 1 10 12 1 1 10 12 1 9 12 1 10 100 12 1 1 8 1 10 100 12 1 1 1 8 1 10 7 12 1 1 1 9 12 1 7 1 10 7 1 10 10 7 12 1 1 1 7 1 10 10 7 12 1 1 1 7 1 9 12 1 1 1 1 1 1 1 1 1 1 1 1 1 1 1 1 1 1 1 1 1 1 1 1 1 1 1 1 1 1 1 1 1 1 1 1 1 1 1 1 1 1 1 1 1 1 1 1 1 1 1 1 1 1 1 1 1 1 1 1 1 1 1 1 1 1 1 1 1 1 1 1 1 1 1 1 1 1 1 1 1 1 1 1 1 1
staticfield java/lang/reflect/AccessibleObject reflectionFactory Ljdk/internal/reflect/ReflectionFactory; jdk/internal/reflect/ReflectionFactory
instanceKlass java/lang/reflect/Constructor
instanceKlass java/lang/reflect/Method
ciInstanceKlass java/lang/reflect/Executable 1 1 581 10 7 12 1 1 1 10 7 12 1 1 1 10 7 12 1 1 1 11 7 12 1 1 1 10 7 12 1 1 1 10 12 1 1 10 7 12 1 1 1 10 7 12 1 1 1 10 12 1 8 1 10 10 12 1 1 10 12 1 1 10 100 12 1 1 1 18 12 1 1 11 100 12 1 1 1 8 1 8 1 8 1 10 100 12 1 1 1 11 12 1 1 7 1 8 1 8 1 10 12 1 7 1 8 1 10 12 1 8 1 11 100 12 1 1 1 7 1 11 7 12 1 1 1 11 12 1 8 1 18 8 1 10 12 1 10 12 1 1 18 8 1 10 12 1 100 1 10 12 1 10 12 1 11 12 1 10 12 1 1 8 1 8 1 10 12 1 1 10 12 1 1 10 10 12 1 9 100 12 1 1 1 10 100 12 1 1 1 10 12 1 10 12 1 1 10 7 12 1 1 10 12 1 10 12 1 10 12 1 10 7 12 1 1 7 1 10 100 12 1 1 1 10 12 1 1 10 7 12 1 1 10 12 1 10 12 1 1 9 100 12 1 1 1 10 100 10 12 1 8 1 10 12 1 10 12 1 3 100 1 8 1 10 12 1 10 12 1 10 10 12 1 10 12 1 1 8 1 8 1 8 1 9 12 1 1 9 12 1 10 12 1 100 1 8 1 10 12 1 10 12 1 10 12 1 1 10 12 1 1 10 12 1 10 12 10 12 1 100 1 10 12 1 10 12 1 1 100 1 10 7 12 1 1 1 7 1 10 7 12 1 1 1 10 12 1 1 11 7 12 1 1 10 12 1 10 100 12 1 1 1 10 12 1 1 9 12 1 10 12 1 1 10 12 1 10 12 1 1 9 100 12 1 1 1 10 100 12 1 1 1 10 12 1 10 12 1 1 9 12 1 10 10 10 10 100 12 1 1 1 10 12 1 9 12 1 10 12 1 1 9 12 1 7 1 7 1 1 1 1 1 1 1 1 1 1 1 1 1 1 1 1 1 1 1 1 1 1 1 1 1 1 1 1 1 1 1 1 1 1 1 1 100 1 1 1 1 1 1 1 1 1 1 1 1 1 1 1 1 1 1 1 100 1 1 1 1 1 1 1 1 1 1 1 1 1 1 1 1 1 1 1 1 1 1 1 1 1 1 1 1 1 1 1 1 1 1 1 1 1 1 1 1 1 1 1 7 1 1 1 1 1 1 1 1 1 1 1 1 1 1 1 1 1 1 1 1 1 1 7 1 1 16 15 16 1 16 1 15 10 12 16 15 10 100 12 1 1 1 1 1 1 100 1 1 100 1 100 1 1
ciInstanceKlass java/lang/reflect/Member 1 1 37 100 1 10 12 1 1 100 1 100 1 1 1 1 3 1 3 1 1 1 1 1 1 1 1 1 1 1 1 1 1 1 1 1 1 1 1
instanceKlass java/util/logging/LogManager$Cleaner
instanceKlass jdk/internal/misc/InnocuousThread
instanceKlass java/lang/ref/Finalizer$FinalizerThread
instanceKlass java/lang/ref/Reference$ReferenceHandler
instanceKlass java/lang/BaseVirtualThread
ciInstanceKlass java/lang/Thread 1 1 872 10 7 12 1 1 1 9 12 1 1 10 100 12 1 1 10 12 1 10 100 12 1 1 100 1 8 1 10 12 1 1 9 12 1 1 9 12 1 9 12 1 1 7 1 10 12 1 1 10 12 1 10 100 12 1 1 1 10 12 9 12 1 1 10 12 1 7 1 10 12 1 10 12 1 1 10 12 1 1 10 12 1 10 12 1 1 100 1 8 1 10 9 100 12 1 1 1 10 12 1 1 10 3 8 1 7 1 5 0 10 7 12 1 1 1 9 12 1 10 12 1 1 10 7 12 1 1 1 10 7 12 1 1 1 10 12 1 1 10 12 1 1 9 12 1 1 10 7 1 8 1 10 7 1 10 12 1 9 12 1 1 10 7 12 1 1 1 10 10 12 1 1 9 100 12 1 1 1 10 12 1 1 10 12 1 1 10 7 12 1 1 10 12 1 10 12 1 10 7 12 1 1 9 12 1 10 7 12 1 1 1 10 12 1 1 9 12 1 1 9 12 1 1 10 7 12 1 1 1 9 12 1 1 10 100 12 1 1 10 100 12 1 1 1 10 12 1 10 12 1 10 7 12 1 1 9 12 1 8 1 9 7 12 1 1 9 12 1 1 5 0 100 1 10 100 1 10 100 1 10 7 1 10 8 1 10 12 1 1 10 100 12 1 10 12 1 10 12 1 100 1 8 1 10 10 12 1 10 12 1 1 10 100 12 1 1 1 10 100 12 1 1 1 10 12 1 7 1 9 12 1 1 100 1 10 10 12 1 9 12 1 1 10 12 1 1 10 12 1 1 10 12 1 10 12 1 9 12 1 1 10 10 12 1 1 10 12 1 1 11 7 12 1 1 10 7 12 1 1 9 12 1 9 12 1 1 9 12 1 1 10 100 12 1 1 10 12 1 1 9 100 12 1 1 1 10 100 12 1 1 10 12 1 10 12 1 100 1 10 10 12 9 12 1 1 10 12 1 11 100 12 1 1 11 12 1 10 12 1 10 12 1 10 12 1 9 12 1 10 10 12 1 10 12 1 1 9 12 1 9 12 10 12 1 8 1 10 12 1 10 12 1 10 12 1 10 12 1 10 12 1 1 10 12 1 10 12 1 1 10 12 1 10 12 1 10 12 1 10 12 1 10 12 1 1 9 7 12 1 1 1 8 1 10 9 12 1 10 12 1 7 1 8 1 10 10 12 1 8 1 10 12 1 1 9 12 10 12 8 1 10 10 12 1 10 12 1 8 1 10 12 1 10 8 1 10 100 12 1 1 10 12 1 1 100 1 8 1 10 9 12 1 9 12 1 1 10 12 1 1 10 10 12 1 10 12 1 100 10 7 12 1 1 1 9 12 1 10 12 1 1 10 12 1 1 10 100 12 1 1 1 11 7 12 1 1 1 9 100 12 1 1 1 10 100 12 1 1 1 7 1 10 12 1 100 1 10 12 1 10 12 1 1 10 12 1 1 8 1 9 12 1 10 12 1 10 12 1 1 11 7 12 1 1 1 10 12 1 1 1 1 3 1 3 1 3 1 3 1 1 1 1 1 1 1 1 1 1 1 1 1 1 1 1 1 1 1 1 1 7 1 1 1 1 1 1 1 1 1 1 1 1 1 1 1 1 1 1 1 1 100 1 1 1 1 1 1 1 1 1 1 1 1 1 1 1 1 1 1 7 1 7 1 1 1 1 1 1 1 1 1 1 1 1 1 1 1 1 1 1 1 1 1 1 1 1 1 1 1 1 1 1 1 1 1 1 1 1 1 1 1 1 1 1 1 1 1 1 1 1 1 1 1 1 1 1 1 1 1 1 1 1 1 1 1 1 1 1 1 1 1 1 1 1 1 1 100 100 1 1 1 1 1 1 1 1 1 1 1 1 1 1 1 1 1 1 1 1 1 1 1 1 1 1 100 1 100 1 100 1 100 1 100 1 1 100 1 1 1 1 1 1 1 1 1 1 1 1 1 1 1
staticfield java/lang/Thread NEW_THREAD_BINDINGS Ljava/lang/Object; java/lang/Class
staticfield java/lang/Thread EMPTY_STACK_TRACE [Ljava/lang/StackTraceElement; 0 [Ljava/lang/StackTraceElement;
ciInstanceKlass java/lang/Runnable 1 0 11 100 1 100 1 1 1 1 1 1 1
ciInstanceKlass java/net/URL 1 1 771 10 7 12 1 1 1 10 12 1 10 7 12 1 1 9 12 1 1 9 12 1 10 7 12 1 1 1 10 12 1 1 10 12 1 1 9 12 1 1 10 7 12 1 1 1 8 1 10 12 1 1 7 1 10 10 12 1 1 8 1 10 12 1 1 9 12 1 100 1 8 1 10 12 1 10 12 1 8 1 9 12 1 10 12 1 1 9 12 1 10 12 1 10 12 1 9 12 1 9 12 1 8 1 9 12 1 10 12 1 1 8 1 9 12 1 1 10 12 1 1 10 7 12 1 1 1 8 1 10 12 1 7 1 10 12 1 10 12 1 10 12 1 10 12 1 1 10 12 1 1 8 1 10 12 1 1 10 12 1 8 1 9 12 1 8 1 10 12 1 10 7 12 1 1 1 7 1 10 12 1 10 12 1 1 10 7 12 1 1 1 100 1 8 1 10 10 12 1 8 1 10 12 1 1 10 12 1 10 12 1 10 12 1 10 12 1 10 12 1 10 12 1 8 1 10 12 1 8 1 10 10 100 1 10 10 12 1 8 1 10 7 12 1 1 1 10 12 1 9 100 12 1 1 1 10 7 12 1 1 1 9 12 1 1 10 12 1 10 100 12 1 1 1 100 1 100 1 10 12 1 10 12 1 10 12 1 10 12 1 10 12 1 10 12 10 10 12 1 10 12 1 10 12 1 1 8 1 9 100 12 1 1 1 10 100 12 1 1 1 10 12 1 1 9 100 12 1 1 1 10 12 1 1 100 1 10 12 1 10 12 1 10 10 12 1 1 10 12 1 1 10 12 1 10 12 1 10 12 1 10 100 12 1 1 1 10 12 1 1 10 12 1 9 12 1 1 9 12 1 1 7 1 8 1 10 10 12 1 9 12 1 1 10 7 12 1 1 8 1 10 100 12 1 1 8 1 10 12 1 1 10 12 1 8 1 8 1 10 7 12 1 1 1 7 1 10 7 12 1 1 1 10 12 1 10 12 1 100 1 10 9 100 12 1 1 1 10 100 12 1 1 10 12 1 1 10 12 1 8 1 100 1 10 10 7 12 1 1 1 10 12 1 8 9 100 12 1 1 1 10 12 1 1 10 12 1 10 12 1 1 10 100 12 1 1 11 7 12 1 1 10 12 1 10 12 1 9 12 1 10 12 1 1 10 100 12 1 1 10 100 12 1 1 1 8 10 100 12 1 1 100 1 10 8 8 10 12 1 8 8 8 100 1 10 12 1 9 12 1 1 10 12 1 10 12 1 1 10 12 1 10 12 10 12 1 1 10 12 1 1 10 10 10 12 1 10 12 1 10 12 1 10 12 1 10 12 1 10 10 12 1 100 1 8 1 10 10 10 12 1 1 10 12 1 10 12 1 1 8 1 7 1 10 10 7 1 10 12 1 9 7 12 1 1 1 9 12 1 1 7 1 10 10 7 12 1 1 1 7 1 1 1 1 1 5 0 1 1 1 1 1 1 1 1 1 1 1 1 1 1 1 1 1 1 1 1 1 1 1 1 1 1 1 1 1 1 1 1 1 1 1 1 1 1 1 1 1 1 1 1 1 1 1 1 7 1 1 1 1 1 1 1 1 1 1 1 1 1 1 1 1 1 1 1 1 1 1 1 1 1 1 1 1 1 1 1 1 1 1 1 1 1 100 1 1 1 1 1 1 1 1 1 1 1 1 1 1 1 1 1 100 1 1 1 1 1 1 1 1 1 1 1 1 1 1 1 1 1 1 1
staticfield java/net/URL defaultFactory Ljava/net/URLStreamHandlerFactory; java/net/URL$DefaultFactory
staticfield java/net/URL handlers Ljava/util/Hashtable; java/util/Hashtable
staticfield java/net/URL streamHandlerLock Ljava/lang/Object; java/lang/Object
staticfield java/net/URL serialPersistentFields [Ljava/io/ObjectStreamField; 7 [Ljava/io/ObjectStreamField;
ciInstanceKlass java/lang/Module 1 1 1066 10 7 12 1 1 1 9 7 12 1 1 1 10 7 12 1 1 1 9 12 1 9 12 1 1 9 12 1 1 10 12 1 1 10 12 1 10 12 1 1 10 7 12 1 1 1 7 1 10 7 12 1 1 1 10 12 1 1 11 7 12 1 1 1 10 12 1 1 10 7 12 1 1 1 9 100 12 1 1 1 10 7 12 1 1 1 10 12 1 8 1 10 7 12 1 1 1 10 7 12 1 1 1 10 7 12 1 1 1 10 12 1 1 10 12 1 9 12 1 1 10 100 12 1 1 100 1 7 1 10 8 1 10 12 1 1 10 12 1 10 12 10 12 1 10 7 12 1 1 8 1 8 1 10 8 1 8 1 8 1 9 12 1 1 8 1 10 100 12 1 1 1 10 12 1 9 12 1 1 11 12 1 9 7 12 1 1 10 7 12 1 1 1 10 100 12 1 1 1 10 12 1 1 8 1 10 12 1 1 10 12 1 10 12 1 1 9 7 12 1 1 1 10 12 1 1 10 12 1 1 9 12 1 10 12 1 10 12 1 9 12 1 1 11 7 12 1 1 10 12 1 1 9 12 1 9 12 1 10 12 1 10 12 1 100 1 8 1 10 10 12 1 1 10 12 1 8 1 10 12 1 1 8 1 8 1 10 12 1 1 10 12 1 10 12 1 1 18 12 1 1 10 12 1 1 11 12 1 9 12 1 11 12 10 100 12 1 1 100 1 8 1 10 11 12 1 1 10 7 12 1 1 1 10 12 1 10 12 1 1 11 12 1 1 11 7 12 1 1 11 12 1 1 9 12 1 11 12 1 10 12 1 1 10 12 1 1 9 12 1 10 12 10 7 12 1 1 10 7 1 18 12 1 1 11 100 12 1 1 1 18 12 1 11 12 1 1 10 100 12 1 1 1 11 12 1 1 10 7 12 1 1 7 1 11 12 1 7 1 7 1 10 12 1 10 7 12 1 1 1 10 7 12 1 1 1 10 11 7 12 1 8 1 10 10 12 1 1 10 7 12 1 1 10 12 1 10 12 1 7 1 10 12 1 10 11 12 1 1 10 12 10 12 1 1 9 12 1 1 100 1 10 10 12 1 1 11 7 1 10 12 1 1 11 12 1 10 10 12 1 11 10 12 1 1 10 12 1 1 10 12 1 1 10 7 12 1 1 10 12 1 10 12 1 1 10 10 12 1 1 10 12 1 18 12 1 11 12 1 18 12 1 10 12 1 10 12 1 10 12 7 1 10 12 1 10 12 1 10 12 1 9 12 1 7 1 10 10 10 10 12 1 10 12 1 10 12 1 10 12 1 1 10 12 1 1 10 12 1 9 12 1 18 12 1 1 10 7 12 1 1 1 100 1 8 1 10 12 1 1 10 12 1 1 10 7 12 1 1 7 1 10 12 1 1 7 1 8 1 100 1 9 100 12 1 1 1 11 100 12 1 1 10 12 1 1 11 12 1 1 18 12 1 1 11 12 1 1 100 1 10 12 1 10 12 1 1 7 1 7 1 10 12 8 1 10 12 1 1 10 12 1 1 10 100 12 1 1 10 12 1 1 10 12 1 10 12 10 12 1 1 7 1 10 10 12 1 1 10 7 12 1 1 1 100 1 10 12 1 1 10 7 12 1 1 8 1 18 12 1 1 100 1 100 1 9 12 1 1 9 12 1 9 12 1 11 100 12 1 1 1 100 1 11 12 1 1 100 1 10 12 1 8 1 10 12 1 10 12 10 12 1 8 1 10 10 100 12 1 1 7 1 10 10 12 1 10 7 12 1 1 9 12 1 9 12 1 9 12 1 9 12 1 10 12 11 12 1 10 12 1 7 1 1 1 1 1 1 1 1 1 1 1 1 1 1 1 1 1 1 1 1 1 1 1 1 1 1 1 1 1 1 1 1 1 1 1 1 1 1 1 1 1 1 1 1 1 1 1 1 1 1 1 1 1 1 1 1 1 1 1 1 1 1 1 1 1 1 1 1 1 1 1 1 1 1 1 1 1 1 1 1 1 1 1 1 1 1 1 1 1 1 1 1 1 1 1 1 1 1 1 1 1 1 1 1 1 1 1 1 1 1 1 100 100 1 1 1 1 1 1 1 1 1 1 1 1 1 1 1 1 1 1 1 1 1 1 1 1 1 1 1 1 1 100 1 100 1 1 1 1 1 1 1 1 1 1 1 1 1 1 1 1 1 1 1 1 100 1 1 1 1 1 1 1 1 1 1 1 1 1 1 1 1 1 1 1 1 1 1 1 16 15 10 12 16 16 15 10 12 16 16 15 10 16 1 15 10 12 16 1 15 10 12 16 1 16 15 10 12 16 16 1 15 10 12 16 15 10 7 12 1 1 1 15 10 100 12 1 1 1 1 1 1 1 1 1 1 1 1 100 1 100 1 1
staticfield java/lang/Module ALL_UNNAMED_MODULE Ljava/lang/Module; java/lang/Module
staticfield java/lang/Module ALL_UNNAMED_MODULE_SET Ljava/util/Set; java/util/ImmutableCollections$Set12
staticfield java/lang/Module EVERYONE_MODULE Ljava/lang/Module; java/lang/Module
staticfield java/lang/Module EVERYONE_SET Ljava/util/Set; java/util/ImmutableCollections$Set12
staticfield java/lang/Module $assertionsDisabled Z 1
ciInstanceKlass java/lang/Integer 1 1 442 7 1 7 1 7 1 7 1 10 12 1 1 9 12 1 1 9 12 1 1 10 7 12 1 1 1 10 12 1 1 10 100 12 1 1 1 10 10 12 1 1 10 7 12 1 1 1 10 12 1 10 12 1 1 10 7 12 1 1 1 10 12 1 1 10 12 1 1 10 12 1 10 12 1 10 12 1 1 10 10 12 1 100 1 8 1 10 12 1 8 1 7 1 10 12 1 1 10 12 1 1 8 1 10 12 1 1 8 1 10 12 1 1 10 12 1 1 10 12 1 1 3 3 10 7 12 1 1 1 11 7 1 10 12 1 1 11 10 12 1 1 10 12 1 1 8 1 10 12 1 10 12 1 8 1 7 1 10 12 1 8 1 10 12 1 1 10 12 1 8 1 10 12 1 10 12 1 7 1 9 12 1 1 9 12 1 1 10 12 1 10 7 1 9 12 1 10 12 1 10 12 1 10 12 1 1 10 7 12 1 1 1 100 1 100 1 10 12 1 1 10 12 1 1 8 1 8 1 10 12 1 1 8 1 8 1 8 1 8 1 8 1 8 1 10 12 1 10 12 1 10 12 1 5 0 3 3 3 3 10 12 1 10 12 1 3 10 12 1 10 100 12 1 1 1 10 12 1 1 10 12 1 1 8 1 10 7 12 1 1 1 9 12 1 1 7 1 7 1 7 1 1 1 1 3 1 1 1 3 1 3 1 1 5 0 1 1 1 1 1 1 1 1 1 1 100 1 1 1 1 1 1 1 1 1 1 1 1 1 1 1 1 1 1 1 1 1 1 1 1 1 1 1 1 1 1 1 1 1 1 1 1 1 3 1 1 1 1 1 1 1 1 1 1 1 1 1 1 1 1 7 1 1 1 1 1 1 1 1 1 1 1 1 1 1 1 1 1 1 1 1 1 1 1 1 1 1 1 1 1 1 1 1 1 1 1 1 1 1 1 1 1 1 1 1 1 7 1 1 1 1 1 1 1 1 1 100 1 100 1 1
staticfield java/lang/Integer TYPE Ljava/lang/Class; java/lang/Class
staticfield java/lang/Integer digits [C 36
instanceKlass java/math/BigInteger
instanceKlass java/util/concurrent/atomic/AtomicLong
instanceKlass java/util/concurrent/atomic/AtomicInteger
instanceKlass java/lang/Long
instanceKlass java/lang/Integer
instanceKlass java/lang/Short
instanceKlass java/lang/Byte
instanceKlass java/lang/Double
instanceKlass java/lang/Float
ciInstanceKlass java/lang/Number 1 1 37 10 7 12 1 1 1 10 100 12 1 1 1 100 1 1 1 1 5 0 1 1 1 1 1 1 1 1 1 1 1 1 1 1 1 1 1
ciInstanceKlass java/lang/Character 1 1 604 7 1 7 1 100 1 9 12 1 1 8 1 9 12 1 1 7 1 9 12 1 1 10 7 12 1 1 1 10 100 12 1 1 1 10 100 12 1 1 1 10 7 12 1 1 1 9 7 12 1 1 1 10 12 1 10 12 1 1 10 12 1 1 10 7 12 1 1 10 12 1 1 3 3 3 3 3 10 12 1 1 10 12 1 3 11 7 12 1 1 1 11 12 1 1 10 12 1 1 10 12 1 1 100 1 10 10 12 1 3 10 12 1 1 10 12 1 10 12 1 1 100 1 8 1 10 12 1 1 10 12 1 10 12 1 10 12 1 10 100 12 1 1 1 10 12 1 10 12 1 10 12 1 1 10 12 1 10 7 12 1 1 10 10 12 1 10 10 12 1 10 12 1 1 10 12 1 10 10 12 1 10 12 1 10 12 1 10 12 1 10 12 1 10 12 1 10 12 1 10 12 10 10 12 10 10 12 1 10 10 12 1 10 10 12 1 10 10 12 1 10 12 1 10 12 1 10 12 1 10 12 1 10 12 1 10 12 1 10 10 12 1 10 10 12 1 10 10 12 1 1 10 10 12 1 10 5 0 10 12 1 10 12 1 10 10 12 1 10 10 12 1 1 10 10 12 1 10 10 12 1 9 12 1 1 100 1 10 10 12 1 10 12 1 1 3 10 100 12 1 1 1 10 12 1 10 100 12 1 1 7 1 10 10 12 1 1 10 12 1 1 10 12 1 1 8 1 10 12 1 9 100 12 1 1 1 10 12 1 10 10 12 1 10 12 1 1 10 12 1 10 10 12 1 1 10 10 12 1 1 7 1 8 1 10 12 1 1 10 7 12 1 1 1 8 1 10 12 1 1 9 12 1 1 7 1 7 1 7 1 1 1 1 3 1 3 1 3 1 3 1 1 1 1 1 3 1 1 3 1 3 1 3 1 3 1 3 1 3 1 3 1 3 1 3 1 3 1 3 1 3 1 3 1 3 1 3 1 3 1 3 1 3 1 3 1 3 1 3 1 3 1 3 1 3 1 3 1 3 1 3 1 3 1 1 1 1 1 1 1 1 1 1 1 1 1 1 1 1 1 1 1 3 1 1 1 1 1 1 1 3 1 1 3 1 1 1 1 1 3 1 1 5 0 1 1 1 1 1 1 1 1 1 1 1 1 1 1 1 1 1 1 1 1 1 1 1 1 1 1 1 1 1 1 1 1 1 1 1 1 1 1 1 1 1 1 1 1 1 1 1 1 1 1 1 1 1 1 1 1 1 1 1 1 1 1 1 1 1 1 1 1 1 1 1 1 1 1 1 1 1 1 1 1 1 1 1 1 1 1 1 1 1 1 100 1 100 1 1 1 1 1 1
staticfield java/lang/Character TYPE Ljava/lang/Class; java/lang/Class
staticfield java/lang/Character $assertionsDisabled Z 1
ciInstanceKlass java/util/Arrays 1 1 1020 10 7 12 1 1 1 10 7 12 1 1 1 10 7 12 1 1 1 10 12 1 10 12 1 10 12 1 10 12 1 10 12 1 10 12 1 10 100 12 1 1 1 100 1 7 1 10 8 1 10 12 1 1 10 12 1 8 1 8 1 10 12 1 1 10 12 1 100 1 10 12 1 9 100 12 1 1 1 10 7 12 1 1 100 1 10 12 1 1 10 7 12 1 1 10 7 12 1 1 1 100 1 10 12 1 10 12 1 1 7 1 9 7 12 1 1 1 10 12 1 1 10 100 12 1 1 10 12 1 10 12 1 1 10 12 1 10 12 1 1 7 1 11 12 1 1 10 12 1 10 7 12 1 1 1 10 12 10 12 1 10 12 1 10 12 10 12 1 11 100 12 1 1 1 10 7 12 1 1 1 100 1 10 12 1 10 100 1 10 12 1 10 100 1 10 12 1 10 100 1 10 12 1 10 10 12 1 1 10 12 1 10 12 1 10 12 1 10 12 1 10 12 1 10 7 12 1 1 1 10 12 1 10 7 12 1 1 1 10 12 1 10 12 1 10 7 12 1 1 1 10 12 1 10 12 1 10 12 1 10 12 1 10 12 1 10 12 1 10 12 1 10 12 1 10 12 1 10 12 1 10 12 1 10 12 1 10 12 1 10 12 1 10 12 1 10 12 1 1 10 12 1 1 10 7 12 1 1 1 10 7 1 10 100 1 10 7 1 10 100 1 10 100 1 10 100 1 10 100 1 10 100 1 10 12 1 8 1 7 1 10 12 10 7 12 1 1 1 10 12 10 12 1 10 12 1 10 12 1 10 7 12 1 1 10 12 10 12 1 10 12 1 10 12 10 12 1 1 10 12 1 1 9 7 12 1 1 1 10 12 1 9 7 1 10 12 1 9 10 12 1 9 7 1 10 12 1 9 7 1 10 12 1 9 10 12 1 9 10 12 1 10 12 1 10 12 1 9 12 1 100 1 10 10 12 1 1 10 12 1 10 12 1 10 12 1 10 12 1 10 12 1 10 12 1 10 12 1 10 12 1 10 12 1 8 1 8 1 10 12 1 10 12 1 8 1 10 12 1 10 12 1 10 12 1 10 7 12 1 1 1 3 10 100 1 10 10 12 1 1 11 100 12 1 1 10 12 1 1 10 12 1 10 12 1 10 12 1 10 12 1 10 12 1 10 12 1 10 12 1 10 12 1 11 12 1 8 1 10 11 12 1 11 100 12 1 1 1 11 100 12 1 1 1 11 12 1 1 18 12 1 1 11 12 1 1 11 100 12 1 1 1 18 12 1 11 100 12 1 1 1 18 12 1 11 100 12 1 1 1 18 12 1 100 1 10 100 12 1 1 1 10 12 1 10 12 1 10 12 1 10 12 1 10 12 1 10 12 1 10 12 1 10 12 1 1 10 12 1 10 100 12 1 1 10 12 1 10 12 1 10 12 1 1 10 12 1 10 12 1 10 12 1 1 10 12 1 10 12 1 10 12 1 1 10 12 1 10 12 1 10 12 1 10 12 1 10 12 10 12 1 10 12 10 12 10 12 1 10 12 10 12 1 10 12 1 10 12 1 1 1 1 3 1 3 1 1 1 1 1 1 1 1 1 1 1 1 1 1 1 1 1 1 1 1 1 1 1 1 1 1 1 1 1 1 1 1 1 1 1 1 1 1 1 1 1 1 1 1 1 1 1 1 1 1 1 1 1 1 1 1 1 1 1 1 1 1 1 1 1 1 1 1 1 1 1 1 1 1 1 1 1 1 1 1 1 1 1 1 1 1 1 1 1 1 1 1 1 1 1 1 1 1 1 1 1 1 1 1 1 1 1 1 1 1 1 1 1 1 1 1 1 1 1 1 1 1 1 1 1 1 1 1 1 1 1 1 1 1 1 1 1 1 1 1 1 1 1 1 1 1 1 1 1 1 1 1 1 1 1 1 1 1 1 1 1 1 1 1 1 1 1 1 1 1 1 1 1 1 1 1 1 1 1 1 1 1 1 1 1 1 1 1 1 1 1 1 1 1 1 1 1 1 1 1 1 1 1 1 1 1 1 1 1 1 1 1 1 1 1 1 1 1 1 1 1 1 1 1 1 1 1 1 1 1 1 1 1 1 1 1 1 1 1 1 1 1 1 1 1 1 1 1 1 1 1 1 1 1 1 1 1 1 1 1 100 1 1 16 15 10 12 15 10 12 15 10 12 15 10 12 15 10 100 12 1 1 1 1 1 100 1 100 1 1 1 1 100 1 1 1 1 1 1 100 1 1 100 1 1 100 1 1 1 100 1 100 1 1
staticfield java/util/Arrays $assertionsDisabled Z 1
ciInstanceKlass java/lang/OutOfMemoryError 1 1 26 10 100 12 1 1 1 10 12 1 100 1 1 1 1 5 0 1 1 1 1 1 1 1 1 1
ciInstanceKlass java/lang/Thread$FieldHolder 1 1 48 10 7 12 1 1 1 9 7 12 1 1 1 9 12 1 1 9 12 1 1 9 12 1 1 9 12 1 1 1 1 1 1 1 1 1 1 100 1 100 1 1 1 1 100 1 1 1
ciInstanceKlass java/lang/Thread$Constants 0 0 59 7 1 10 7 12 1 1 1 100 1 10 10 7 12 1 1 1 7 1 8 1 10 12 1 9 7 12 1 1 1 7 1 7 1 10 12 1 10 12 1 9 12 1 1 1 1 1 1 1 1 1 1 1 1 1 1 1 1
ciInstanceKlass java/lang/ThreadGroup 1 1 404 10 7 12 1 1 1 9 7 12 1 1 1 8 1 9 12 1 1 7 1 9 12 1 1 9 12 1 1 10 7 12 1 1 1 10 12 1 1 10 12 1 10 12 1 10 12 1 10 12 1 1 10 12 1 1 10 12 1 10 12 1 1 10 12 1 10 12 1 10 100 12 1 1 1 10 12 1 1 18 12 1 1 11 7 12 1 1 1 10 7 12 1 1 1 10 7 12 1 10 12 1 1 10 12 1 1 10 12 1 1 10 100 12 1 1 1 10 12 1 11 12 1 1 11 7 12 1 1 11 12 1 1 10 12 1 1 10 12 1 10 12 1 11 12 1 11 12 1 1 10 12 1 100 1 10 18 12 1 1 11 7 12 1 1 1 11 12 1 1 9 12 1 1 10 12 1 1 8 1 10 7 12 1 1 1 10 100 12 1 1 1 10 12 1 1 11 12 10 12 1 1 10 12 1 1 11 7 1 9 12 1 7 1 10 8 1 10 12 1 1 10 12 1 1 8 1 10 12 1 10 7 12 1 1 1 10 12 1 1 10 7 1 8 1 10 8 1 10 12 1 10 12 1 8 1 9 12 1 1 9 12 1 10 100 12 1 1 1 100 9 12 1 1 7 1 9 12 1 10 12 10 12 1 1 100 10 12 9 12 1 10 12 1 100 1 10 11 12 1 1 7 1 10 10 12 1 10 12 1 1 1 1 1 1 1 1 1 1 1 1 1 1 1 1 1 1 3 1 1 1 1 1 1 1 1 1 1 1 1 100 1 1 1 1 1 1 1 1 1 1 1 1 1 1 1 1 1 1 1 1 1 1 1 1 1 1 1 1 1 1 1 1 1 1 1 1 1 1 1 16 15 10 12 16 16 15 10 12 16 15 10 100 12 1 1 1 1 1 100 1 100 1 1
staticfield java/lang/ThreadGroup $assertionsDisabled Z 1
ciInstanceKlass java/lang/Thread$UncaughtExceptionHandler 1 0 16 100 1 100 1 1 1 1 1 1 1 1 100 1 1 1
ciInstanceKlass java/security/AccessControlContext 1 1 375 9 7 12 1 1 1 9 12 1 1 10 100 12 1 1 1 8 1 10 100 12 1 1 1 10 7 12 1 1 1 9 12 1 9 12 1 1 9 12 1 1 10 7 12 1 1 7 1 10 12 1 11 7 12 1 1 1 11 12 1 11 12 1 11 12 1 1 7 1 11 12 1 1 10 12 1 10 7 12 1 1 1 9 100 12 1 1 1 10 7 12 1 1 1 11 100 12 1 1 1 10 7 1 100 1 8 1 10 12 1 10 12 1 1 7 1 10 7 12 1 1 1 9 12 1 9 12 1 9 12 1 9 12 1 1 9 12 1 1 9 12 1 9 12 1 10 7 12 1 1 1 9 12 1 10 12 1 1 10 12 1 1 8 1 10 12 1 1 10 12 1 1 10 7 12 1 1 1 7 1 10 10 12 1 1 10 7 12 1 1 1 10 8 1 10 7 12 1 1 8 1 10 7 12 1 1 8 1 8 1 10 12 1 8 1 10 12 1 8 1 10 12 1 10 12 1 10 12 1 1 8 1 8 1 100 1 10 12 1 10 12 1 1 100 1 10 12 1 8 1 10 12 1 10 12 1 10 8 1 10 12 1 1 10 12 1 1 10 12 1 1 10 12 1 1 10 12 1 10 12 1 11 10 12 1 10 12 1 1 10 10 10 12 1 1 1 1 1 1 1 1 1 1 1 1 1 1 1 1 1 1 1 1 1 1 1 1 100 1 1 1 1 1 1 1 1 1 1 1 1 1 1 1 1 1 1 1 1 1 1 1 1 1 1 1 1 1 1 1 1 1 1 1 1 1 1 1 1 1 1 1 1 1 1 1 1 1 1 1 1 1 3 1 1
instanceKlass java/lang/ThreadBuilders$BoundVirtualThread
instanceKlass java/lang/VirtualThread
ciInstanceKlass java/lang/BaseVirtualThread 0 0 36 10 100 12 1 1 1 100 1 1 1 1 1 1 1 1 1 1 1 1 1 1 1 1 1 1 1 1 100 1 100 1 1 100 1 1
ciInstanceKlass java/lang/VirtualThread 0 0 922 9 7 12 1 1 1 10 7 12 1 1 1 10 100 12 1 1 1 10 7 12 1 1 1 9 12 1 1 9 12 1 1 100 1 10 12 1 9 12 1 1 18 12 1 1 9 12 1 1 10 12 1 1 100 1 10 12 1 10 12 1 1 10 12 1 1 10 12 1 1 10 12 1 10 7 12 1 10 12 1 10 12 1 10 12 1 10 12 1 11 100 12 1 1 1 100 1 10 12 1 1 10 100 12 1 1 1 10 100 12 1 1 1 10 12 1 100 1 10 10 12 1 10 12 1 1 9 12 1 1 10 12 1 1 9 12 1 1 10 12 1 9 12 1 1 9 12 1 100 1 10 10 12 1 10 100 12 1 1 10 9 10 10 12 1 1 10 12 1 1 10 100 12 1 1 10 100 1 10 9 10 10 12 1 7 1 10 12 1 1 10 12 1 10 12 1 10 12 1 1 9 12 1 10 12 1 10 12 1 9 12 1 1 10 12 1 10 12 1 9 12 1 1 10 12 1 10 12 1 10 12 1 11 100 12 1 1 10 12 1 1 10 12 1 1 10 100 1 10 12 1 10 12 1 1 9 12 1 10 12 1 1 10 12 1 1 10 12 1 10 12 1 10 12 1 10 12 9 12 1 1 10 100 12 1 1 10 12 1 10 12 1 1 10 100 12 1 1 10 12 1 100 1 8 1 10 12 1 10 12 1 1 10 12 1 10 12 1 10 100 12 1 1 10 12 1 10 12 1 1 10 12 1 10 12 1 1 10 7 12 1 1 10 12 1 1 10 12 1 1 100 1 10 10 12 1 7 1 9 12 1 1 10 7 12 1 1 10 9 12 1 1 18 9 100 12 1 1 1 11 100 12 1 1 1 11 100 1 11 12 10 12 1 10 12 1 10 12 1 1 10 12 1 100 1 10 10 12 1 10 12 1 1 10 12 1 1 10 12 1 10 12 1 10 12 1 1 10 12 1 10 12 1 1 11 100 12 1 1 11 12 1 10 12 9 100 12 1 1 1 9 12 1 10 12 1 1 9 12 1 9 12 1 9 12 1 7 1 10 10 12 1 1 10 12 1 10 12 7 1 7 1 10 8 1 10 12 1 1 10 12 1 10 12 1 10 10 12 1 8 1 10 10 12 1 10 12 1 10 7 12 1 1 8 1 8 1 10 9 100 12 1 1 1 10 12 1 1 10 12 1 10 10 10 12 9 12 1 10 12 1 1 9 12 1 10 12 1 1 9 12 1 10 12 1 1 18 12 1 1 18 12 1 10 7 12 1 1 1 8 1 10 100 12 1 1 1 10 7 12 1 1 1 18 12 1 10 100 12 1 1 1 100 1 10 12 1 8 1 10 12 1 8 1 10 12 1 1 8 1 8 1 10 100 12 1 1 8 1 10 12 1 8 1 8 1 10 100 12 1 1 1 10 12 1 10 12 1 1 10 12 1 18 12 1 1 18 12 1 1 5 0 9 12 1 10 12 1 18 12 1 100 1 10 12 10 7 12 1 1 10 12 1 1 7 1 8 1 10 10 12 1 10 12 1 1 10 12 1 9 12 1 8 10 12 1 1 8 8 9 12 1 8 10 12 1 1 3 1 3 1 3 1 3 1 3 1 3 1 3 1 3 1 3 1 3 1 3 1 3 3 1 3 1 1 1 1 1 1 1 1 1 1 1 1 1 1 7 1 1 1 1 1 1 1 1 1 1 1 1 1 1 7 1 1 1 1 1 1 1 1 1 1 1 7 1 1 1 1 1 1 1 1 1 1 1 1 1 1 1 1 1 1 1 1 1 1 1 1 1 1 1 1 1 1 1 1 1 1 1 1 1 1 1 1 1 100 1 1 1 1 1 1 1 1 1 1 1 1 1 1 1 1 1 1 1 1 1 1 1 1 1 1 1 1 1 1 1 1 1 1 1 100 1 1 1 1 1 1 1 1 1 1 1 1 1 1 100 1 1 16 15 10 12 15 16 15 10 12 16 15 10 12 16 16 15 10 12 16 15 10 12 16 15 10 12 16 15 10 12 16 1 15 10 100 12 1 1 1 1 1 1 1 7 1 1 100 1 100 1 1
ciInstanceKlass java/lang/ThreadBuilders$BoundVirtualThread 0 0 132 10 7 12 1 1 1 9 7 12 1 1 1 10 7 12 1 1 1 9 12 1 1 10 12 1 1 10 12 1 1 9 12 1 1 10 7 12 1 1 1 10 12 1 1 7 1 8 1 10 12 1 10 12 1 1 10 12 1 1 10 12 1 1 10 7 12 1 1 1 8 1 10 12 1 8 1 10 12 1 1 10 100 12 1 1 9 100 12 1 1 1 10 12 1 1 10 10 12 1 1 1 1 1 1 1 1 1 1 1 1 1 1 1 1 1 1 1 1 1 1 1 1 1 1 1 1 100 1 1 1 1
ciInstanceKlass jdk/internal/vm/ContinuationScope 0 0 50 10 100 12 1 1 1 10 100 12 1 1 1 100 1 9 100 12 1 1 1 10 12 1 1 10 100 12 1 1 1 10 12 1 1 10 12 1 1 1 1 1 1 1 1 1 1 1 1 1
ciInstanceKlass jdk/internal/vm/StackChunk 1 1 32 10 100 12 1 1 1 9 100 12 1 1 1 9 12 1 1 9 12 1 1 1 1 1 1 1 1 1 1 1 1 1
ciInstanceKlass java/lang/Float 1 1 279 7 1 7 1 10 100 12 1 1 1 10 100 12 1 1 1 4 7 1 10 12 1 1 10 12 1 1 8 1 8 1 10 7 12 1 1 1 10 12 1 1 10 12 1 1 10 100 1 4 10 7 12 1 1 9 12 1 1 10 12 1 1 10 12 1 10 10 12 1 1 10 12 1 10 12 1 3 3 100 1 4 4 4 3 10 12 1 1 9 12 1 1 100 1 10 3 3 4 4 10 12 1 3 3 3 10 12 1 1 10 12 1 1 10 12 1 10 100 12 1 1 1 10 12 1 1 10 12 1 1 10 7 12 1 1 1 8 1 10 12 1 1 9 12 1 1 7 1 7 1 7 1 1 1 1 4 1 4 1 1 1 4 1 1 3 1 3 1 3 1 3 1 3 1 1 1 1 5 0 1 1 1 1 1 1 1 1 1 1 100 1 1 1 1 1 1 1 1 1 1 1 1 1 3 1 1 1 1 1 1 1 1 1 1 1 1 1 1 1 1 1 1 1 1 1 1 1 1 1 1 1 1 1 1 1 1 1 1 1 1 1 1 1 1 1 1 1 1 1 1 1 1 1 1 1 1 1 1 1 1 1 1 1 1 1 7 1 1 1 1 1 1 1 100 1 100 1 1
staticfield java/lang/Float TYPE Ljava/lang/Class; java/lang/Class
staticfield java/lang/Float $assertionsDisabled Z 1
ciInstanceKlass java/lang/Double 1 1 290 7 1 7 1 10 100 12 1 1 1 10 12 1 1 10 7 1 10 12 1 1 10 100 12 1 1 1 6 0 8 1 10 12 1 1 8 1 10 12 1 1 8 1 6 0 10 12 1 1 100 1 5 0 5 0 8 1 8 1 10 7 12 1 1 1 10 7 12 1 1 1 8 1 10 12 1 1 8 1 8 1 8 1 10 12 1 1 10 12 1 10 12 1 1 10 12 1 10 12 1 10 12 1 1 10 12 1 10 100 1 6 0 10 7 12 1 1 9 12 1 1 10 12 1 10 12 1 10 12 1 10 12 1 10 12 1 5 0 10 12 1 1 10 12 1 10 12 1 10 100 12 1 1 1 10 12 1 1 10 12 1 1 8 1 10 7 12 1 1 1 9 12 1 1 7 1 7 1 7 1 1 1 6 0 1 6 0 1 6 0 1 1 1 6 0 1 1 3 1 3 1 3 1 3 1 3 1 1 1 1 5 0 1 1 1 1 1 1 1 1 1 1 1 1 1 1 1 1 100 1 1 1 1 1 1 1 1 1 1 1 1 3 1 1 1 1 1 1 1 1 1 1 1 1 1 1 1 1 1 1 1 1 1 1 1 1 1 1 1 1 1 1 1 1 1 1 7 1 1 1 1 1 1 1 100 1 100 1 1
staticfield java/lang/Double TYPE Ljava/lang/Class; java/lang/Class
ciInstanceKlass java/lang/Byte 1 1 213 7 1 100 1 10 7 12 1 1 1 9 12 1 1 8 1 9 12 1 1 7 1 10 12 1 1 10 12 1 1 10 100 12 1 1 1 10 100 12 1 1 1 9 100 12 1 1 1 10 12 1 1 100 1 7 1 10 12 1 1 8 1 10 12 1 1 8 1 10 12 1 10 12 1 10 12 1 10 12 1 1 10 12 1 10 12 1 10 12 1 1 10 8 1 8 1 10 7 1 9 12 1 1 10 12 1 1 10 12 1 1 10 12 1 1 10 12 1 5 0 10 12 1 1 8 1 10 7 12 1 1 1 9 12 1 1 7 1 7 1 1 1 3 1 3 1 1 1 1 3 1 3 1 1 5 0 1 1 1 1 1 1 1 1 1 1 1 1 1 1 1 1 1 1 1 1 1 1 1 1 1 1 1 1 1 1 1 1 1 1 1 1 1 1 1 1 1 1 1 1 1 1 1 1 1 1 1 1 1 1 1 1
staticfield java/lang/Byte TYPE Ljava/lang/Class; java/lang/Class
ciInstanceKlass java/lang/Short 1 1 222 7 1 7 1 100 1 10 7 12 1 1 1 10 12 1 1 100 1 7 1 10 12 1 1 8 1 10 12 1 1 8 1 10 12 1 10 12 1 10 12 1 10 12 1 1 10 12 1 1 10 12 1 9 12 1 1 8 1 9 12 1 1 7 1 10 12 1 1 10 12 1 10 100 12 1 1 1 10 100 12 1 1 1 9 100 12 1 1 1 10 12 1 10 12 1 1 10 8 1 8 1 10 7 1 9 12 1 1 10 12 1 1 10 12 1 1 10 12 1 1 10 12 1 3 3 5 0 10 12 1 1 8 1 10 7 12 1 1 1 9 12 1 1 7 1 7 1 1 1 3 1 3 1 1 1 1 3 1 3 1 1 5 0 1 1 1 1 1 1 1 1 1 1 1 1 1 1 1 1 1 1 1 1 1 1 1 1 1 1 1 3 1 1 1 1 1 1 1 1 1 1 1 1 1 1 1 1 1 1 1 1 1 1 1 1 1 1 1 1 1 1
staticfield java/lang/Short TYPE Ljava/lang/Class; java/lang/Class
ciInstanceKlass java/lang/Long 1 1 506 7 1 7 1 7 1 7 1 10 12 1 1 9 12 1 1 9 7 12 1 1 1 10 7 12 1 1 1 10 12 1 1 10 100 12 1 1 1 10 10 12 10 12 1 10 12 1 10 12 1 5 0 5 0 7 1 10 12 1 1 10 12 1 1 10 12 1 10 12 1 10 12 1 10 12 1 1 10 100 12 1 1 10 12 1 10 12 1 1 10 12 1 1 10 12 1 1 10 12 1 1 10 100 12 1 1 1 10 12 1 1 10 12 1 10 12 1 10 12 1 10 12 1 1 10 10 12 1 5 0 100 1 8 1 10 12 1 8 1 7 1 10 12 1 10 12 1 1 8 1 10 12 1 1 8 1 10 12 1 1 10 12 1 1 10 12 1 1 5 0 5 0 10 100 12 1 1 1 11 7 1 10 12 1 1 11 10 12 1 1 10 12 1 1 8 1 5 0 10 12 1 1 10 12 1 1 8 1 8 1 10 12 1 8 1 10 12 1 10 12 1 5 0 5 0 9 7 12 1 1 1 10 12 1 10 12 1 1 8 1 8 1 10 12 1 1 8 1 8 1 8 1 8 1 8 1 8 1 10 12 1 10 12 1 10 7 1 9 12 1 1 10 12 1 10 12 1 1 10 12 1 1 10 7 12 1 1 1 100 1 100 1 10 12 1 1 10 12 1 10 12 1 10 12 1 5 0 5 0 5 0 10 12 1 1 10 12 1 5 0 5 0 10 12 10 12 1 10 100 12 1 1 1 10 12 1 1 10 12 1 1 8 1 10 7 12 1 1 1 9 12 1 1 7 1 7 1 7 1 1 1 1 5 0 1 1 1 1 3 1 3 1 5 0 1 1 1 1 1 1 1 1 1 1 100 1 1 1 1 1 1 1 1 1 1 1 1 1 1 1 1 1 1 1 1 1 1 1 1 1 1 1 1 1 1 1 1 1 1 1 1 1 1 1 1 1 1 1 1 1 3 1 1 1 1 1 1 1 1 1 1 1 1 1 1 1 7 1 1 1 1 1 1 1 1 1 1 1 1 1 1 1 1 1 1 1 1 1 1 1 1 1 1 1 1 1 1 1 1 1 1 1 1 1 1 1 1 1 1 1 7 1 1 1 1 1 1 1 1 1 100 1 100 1 1
staticfield java/lang/Long TYPE Ljava/lang/Class; java/lang/Class
ciInstanceKlass jdk/internal/vm/vector/VectorSupport 0 0 575 100 1 10 100 12 1 1 1 9 12 1 1 10 12 1 1 100 1 10 12 1 11 100 12 1 1 1 11 100 12 1 1 1 11 100 12 1 1 11 100 12 1 1 11 100 12 1 1 1 11 100 12 1 1 11 100 12 1 1 11 100 12 1 1 11 100 12 1 1 11 100 12 1 1 11 100 12 1 1 11 100 12 1 1 1 11 100 12 1 1 11 100 12 1 1 1 11 100 12 1 1 1 11 100 12 1 1 11 100 12 1 1 1 11 100 12 1 1 100 1 10 12 1 1 11 100 12 1 1 11 100 12 1 1 11 100 12 1 1 11 100 12 1 1 11 100 12 1 1 11 100 12 1 1 9 12 1 1 10 100 12 1 1 11 100 12 1 1 10 12 1 1 10 100 12 1 1 1 10 12 1 10 12 1 1 10 12 1 1 1 1 1 3 1 3 1 3 1 3 1 3 1 3 1 3 1 3 1 3 1 3 1 3 1 3 1 3 1 3 1 3 1 3 1 3 1 3 1 3 1 3 1 3 1 3 1 3 1 3 1 3 1 3 1 3 1 3 1 3 1 3 1 3 1 3 1 3 1 3 1 3 1 3 1 3 1 3 1 3 1 3 1 3 1 3 1 3 1 3 1 3 1 3 1 3 1 3 1 3 1 3 1 3 1 3 1 3 1 1 1 1 1 1 1 1 1 1 1 1 1 1 1 1 1 1 1 1 1 1 1 1 1 1 1 1 1 1 1 1 1 1 1 1 1 1 1 1 1 1 1 1 1 1 1 1 1 1 1 1 1 1 1 1 1 1 1 1 1 1 1 1 1 1 1 1 1 1 1 1 1 1 1 1 1 1 1 1 1 1 1 1 1 1 1 1 1 1 1 1 1 1 1 1 1 1 1 1 1 1 1 1 1 1 1 1 1 1 1 1 1 1 1 1 1 1 1 1 1 1 1 1 1 1 1 1 1 1 1 1 1 1 1 1 1 1 1 1 1 1 1 1 1 1 1 1 1 1 1 1 1 1 1 1 1 1 1 1 1 1 1 1 1 1 1 1 1 1 1 1 1 1 1 1 1 1 1 1 1 1 1 1 1 1 1 1 1 1 1 1 1 1 1 1 1 1 1 1 1 1 1 1 1 1 1 1 1 1 1 1 1 1 1 1 1 1 1 1 1 1 1 1 1 1 1 1 1 1 1 1 1 1 1 1 1 100 1 100 1 100 1 100 1 100 1 1 1 1 1 1 1 1 1 1 1 1 1 1 1 1 1 1 1 1 1 1 1 1 1 1 1 1 1 1 1
instanceKlass jdk/internal/vm/vector/VectorSupport$VectorShuffle
instanceKlass jdk/internal/vm/vector/VectorSupport$VectorMask
instanceKlass jdk/internal/vm/vector/VectorSupport$Vector
ciInstanceKlass jdk/internal/vm/vector/VectorSupport$VectorPayload 0 0 32 10 100 12 1 1 1 9 100 12 1 1 1 10 100 12 1 1 1 1 1 1 1 1 1 1 1 1 1 1 1 1
ciInstanceKlass jdk/internal/vm/vector/VectorSupport$Vector 0 0 28 10 100 12 1 1 1 100 1 1 1 1 1 1 1 1 1 1 1 1 1 1 1 100 1 1 1 1
ciInstanceKlass jdk/internal/vm/vector/VectorSupport$VectorMask 0 0 28 10 100 12 1 1 1 100 1 1 1 1 1 1 1 1 1 1 1 1 1 1 1 100 1 1 1 1
ciInstanceKlass jdk/internal/vm/vector/VectorSupport$VectorShuffle 0 0 28 10 100 12 1 1 1 100 1 1 1 1 1 1 1 1 1 1 1 1 1 1 1 100 1 1 1 1
ciInstanceKlass jdk/internal/vm/FillerObject 0 0 16 10 100 12 1 1 1 100 1 1 1 1 1 1 1 1
instanceKlass java/lang/ref/PhantomReference
instanceKlass java/lang/ref/FinalReference
instanceKlass java/lang/ref/WeakReference
instanceKlass java/lang/ref/SoftReference
ciInstanceKlass java/lang/ref/Reference 1 1 190 9 7 12 1 1 1 9 7 12 1 1 10 12 1 1 10 12 1 1 9 12 1 1 10 12 1 1 9 12 1 1 9 12 1 1 7 1 10 12 1 10 7 12 1 1 10 12 1 10 12 1 1 10 12 1 7 1 8 1 10 12 1 1 7 1 10 12 1 1 10 12 1 1 10 12 1 9 12 1 10 12 1 1 10 12 1 10 12 1 9 12 1 7 1 100 1 10 12 9 12 1 9 12 1 100 1 10 10 12 1 10 10 7 12 1 1 7 1 10 10 7 12 1 1 1 1 1 1 1 1 1 1 1 1 1 1 1 1 1 1 1 7 1 1 1 100 1 1 1 1 1 1 1 1 1 1 1 1 1 1 1 1 1 1 1 1 1 1 1 1 1 1 1 1 1 1 1 1 1 1 1 7 1 7 1 7 1 1 1
staticfield java/lang/ref/Reference processPendingLock Ljava/lang/Object; java/lang/Object
staticfield java/lang/ref/Reference $assertionsDisabled Z 1
ciMethod java/lang/ref/Reference get ()Ljava/lang/Object; 0 0 1 0 -1
ciMethod java/lang/ref/Reference <init> (Ljava/lang/Object;Ljava/lang/ref/ReferenceQueue;)V 512 0 11973 0 528
instanceKlass org/jetbrains/kotlin/com/intellij/util/containers/ConcurrentWeakKeySoftValueHashMap$SoftValue
instanceKlass org/jetbrains/kotlin/com/intellij/util/containers/SoftKeySoftValueHashMap$ValueReference
instanceKlass org/jetbrains/kotlin/com/intellij/reference/SoftReference
instanceKlass java/lang/invoke/LambdaFormEditor$Transform
instanceKlass jdk/internal/util/SoftReferenceKey
ciInstanceKlass java/lang/ref/SoftReference 1 1 47 10 7 12 1 1 1 9 7 12 1 1 1 9 12 1 10 12 1 10 12 1 1 1 1 1 1 1 1 1 1 1 1 1 1 1 1 1 1 1 1 100 1 1 1 1 1
ciMethod java/lang/ref/SoftReference get ()Ljava/lang/Object; 530 0 6439 0 184
instanceKlass org/jetbrains/kotlin/com/intellij/util/containers/ConcurrentWeakKeySoftValueHashMap$WeakKey
instanceKlass org/jetbrains/kotlin/com/intellij/util/PatchedWeakReference
instanceKlass org/jetbrains/kotlin/com/intellij/util/containers/ConcurrentWeakValueHashMap$MyWeakReference
instanceKlass org/jetbrains/kotlin/com/intellij/util/containers/UnsafeWeakList$MyReference
instanceKlass java/util/logging/LogManager$LoggerWeakRef
instanceKlass java/util/logging/Level$KnownLevel
instanceKlass org/jetbrains/kotlin/com/intellij/util/containers/IntKeyWeakValueHashMap$MyReference
instanceKlass java/lang/WeakPairMap$WeakRefPeer
instanceKlass java/lang/ClassValue$Entry
instanceKlass jdk/internal/util/WeakReferenceKey
instanceKlass java/lang/ThreadLocal$ThreadLocalMap$Entry
instanceKlass java/util/WeakHashMap$Entry
ciInstanceKlass java/lang/ref/WeakReference 1 1 31 10 7 12 1 1 1 10 12 1 100 1 1 1 1 1 1 1 1 1 1 1 1 1 1 1 1 1 1 1 1
ciMethod java/lang/ref/WeakReference <init> (Ljava/lang/Object;Ljava/lang/ref/ReferenceQueue;)V 512 0 5675 0 0
instanceKlass java/lang/ref/Finalizer
ciInstanceKlass java/lang/ref/FinalReference 1 1 50 10 7 12 1 1 1 10 7 12 1 1 1 10 12 1 1 7 1 8 1 10 12 1 1 1 1 1 1 1 1 1 1 1 1 1 1 1 1 1 1 1 1 1 1 1 1 1 7 1
instanceKlass jdk/internal/ref/PhantomCleanable
instanceKlass jdk/internal/ref/Cleaner
ciInstanceKlass java/lang/ref/PhantomReference 1 1 39 10 100 12 1 1 1 10 7 12 1 1 1 1 1 1 1 1 1 1 1 1 1 1 1 1 1 1 1 1 1 1 1 1 1 1 1 1 1
ciInstanceKlass java/lang/ref/Finalizer 1 1 155 9 7 12 1 1 1 10 7 12 1 1 1 9 12 1 1 9 12 1 1 9 12 1 9 12 1 9 12 1 1 10 12 1 7 1 8 1 10 12 1 10 12 1 1 9 12 1 100 1 10 12 1 7 1 11 100 12 1 1 10 12 1 7 1 10 12 1 100 1 10 12 1 10 7 12 1 1 1 10 100 12 1 1 1 100 1 10 10 12 1 7 1 10 12 1 7 1 10 12 1 1 10 12 1 1 10 12 1 10 7 12 1 1 1 7 1 10 7 1 10 10 12 1 1 1 1 1 1 1 1 1 1 1 1 1 1 1 1 1 1 1 1 1 1 1 1 1 1 1 1 1 1 1 1
staticfield java/lang/ref/Finalizer lock Ljava/lang/Object; java/lang/Object
staticfield java/lang/ref/Finalizer ENABLED Z 1
staticfield java/lang/ref/Finalizer $assertionsDisabled Z 1
instanceKlass org/jetbrains/kotlin/load/kotlin/header/KotlinClassHeader$Kind
instanceKlass org/jetbrains/kotlin/load/java/AnnotationQualifierApplicabilityType
instanceKlass org/jetbrains/kotlin/metadata/ProtoBuf$MemberKind
instanceKlass org/jetbrains/kotlin/metadata/ProtoBuf$Class$Kind
instanceKlass org/jetbrains/kotlin/metadata/ProtoBuf$Modality
instanceKlass org/jetbrains/kotlin/metadata/ProtoBuf$Visibility
instanceKlass org/jetbrains/kotlin/incremental/components/NoLookupLocation
instanceKlass java/lang/invoke/MethodHandleImpl$ArrayAccess
instanceKlass org/jetbrains/kotlin/serialization/deserialization/AnnotatedCallableKind
instanceKlass org/jetbrains/kotlin/load/java/typeEnhancement/MutabilityQualifier
instanceKlass org/jetbrains/kotlin/resolve/lazy/FileScopeFactory$FilteringKind
instanceKlass org/jetbrains/kotlin/types/expressions/ControlStructureTypingUtils$ResolveConstruct
instanceKlass org/jetbrains/kotlin/resolve/calls/inference/components/TypeVariableDirectionCalculator$ResolveDirection
instanceKlass org/jetbrains/kotlin/resolve/calls/inference/components/ConstraintSystemCompletionMode
instanceKlass org/jetbrains/kotlin/resolve/calls/context/CheckArgumentTypesMode
instanceKlass org/jetbrains/kotlin/resolve/calls/smartcasts/SmartCastManager$ReceiverSmartCastResult
instanceKlass org/jetbrains/kotlin/resolve/calls/util/ResolveArgumentsMode
instanceKlass org/jetbrains/kotlin/resolve/calls/results/ResolutionStatus
instanceKlass org/jetbrains/kotlin/types/expressions/FakeCallKind
instanceKlass org/jetbrains/kotlin/types/expressions/CoercionStrategy
instanceKlass org/jetbrains/kotlin/resolve/calls/context/ContextDependency
instanceKlass org/jetbrains/kotlin/resolve/QualifierPosition
instanceKlass org/jetbrains/kotlin/psi/KtProjectionKind
instanceKlass org/jetbrains/kotlin/resolve/TopDownAnalysisMode
instanceKlass org/jetbrains/kotlin/incremental/components/ScopeKind
instanceKlass org/jetbrains/kotlin/types/model/CaptureStatus
instanceKlass org/jetbrains/kotlin/types/model/TypeVariance
instanceKlass org/jetbrains/kotlin/analyzer/ModuleInfo$DependencyOnBuiltIns
instanceKlass org/jetbrains/kotlin/types/Variance
instanceKlass org/jetbrains/kotlin/com/intellij/openapi/extensions/ExtensionDescriptor$Os
instanceKlass org/jetbrains/kotlin/com/intellij/diagnostic/ActivityCategory
instanceKlass kotlin/DeprecationLevel
instanceKlass org/jetbrains/kotlin/container/ComponentState
instanceKlass org/jetbrains/kotlin/container/ComponentStorageState
instanceKlass java/math/RoundingMode
instanceKlass org/jetbrains/kotlin/descriptors/annotations/AnnotationUseSiteTarget
instanceKlass org/jetbrains/kotlin/config/LanguageFeature$State
instanceKlass org/jetbrains/kotlin/config/LanguageFeature$Kind
instanceKlass org/jetbrains/kotlin/config/LanguageFeature
instanceKlass org/jetbrains/kotlin/metadata/ProtoBuf$Type$Argument$Projection
instanceKlass org/jetbrains/kotlin/metadata/ProtoBuf$QualifiedNameTable$QualifiedName$Kind
instanceKlass org/jetbrains/kotlin/metadata/ProtoBuf$TypeParameter$Variance
instanceKlass org/jetbrains/kotlin/metadata/ProtoBuf$Annotation$Argument$Value$Type
instanceKlass org/jetbrains/kotlin/protobuf/WireFormat$JavaType
instanceKlass org/jetbrains/kotlin/protobuf/WireFormat$FieldType
instanceKlass org/jetbrains/kotlin/types/error/ErrorScopeKind
instanceKlass org/jetbrains/kotlin/descriptors/CallableMemberDescriptor$Kind
instanceKlass java/util/Locale$Category
instanceKlass org/jetbrains/kotlin/types/error/ErrorEntity
instanceKlass org/jetbrains/kotlin/types/error/ErrorTypeKind
instanceKlass org/jetbrains/kotlin/descriptors/ClassKind
instanceKlass org/jetbrains/kotlin/descriptors/Modality
instanceKlass org/jetbrains/kotlin/renderer/AnnotationArgumentsRenderingPolicy
instanceKlass org/jetbrains/kotlin/renderer/PropertyAccessorRenderingPolicy
instanceKlass org/jetbrains/kotlin/renderer/ParameterNameRenderingPolicy
instanceKlass org/jetbrains/kotlin/renderer/RenderingFormat
instanceKlass org/jetbrains/kotlin/renderer/OverrideRenderingPolicy
instanceKlass org/jetbrains/kotlin/renderer/DescriptorRendererModifier
instanceKlass org/jetbrains/kotlin/builtins/jvm/JvmBuiltIns$Kind
instanceKlass org/jetbrains/kotlin/diagnostics/Severity
instanceKlass org/jetbrains/kotlin/com/intellij/openapi/vfs/CharsetToolkit$GuessedEncoding
instanceKlass org/jetbrains/kotlin/cli/jvm/index/JavaRoot$RootType
instanceKlass org/jetbrains/kotlin/com/intellij/openapi/util/io/FileAttributes$CaseSensitivity
instanceKlass org/jetbrains/kotlin/com/intellij/openapi/vfs/VFileProperty
instanceKlass kotlin/collections/State
instanceKlass kotlin/io/FileWalkDirection
instanceKlass org/jetbrains/kotlin/com/intellij/pom/java/LanguageLevel
instanceKlass org/jetbrains/kotlin/com/intellij/openapi/util/LowMemoryWatcher$LowMemoryWatcherType
instanceKlass org/jetbrains/kotlin/com/intellij/diagnostic/LoadingState
instanceKlass org/jetbrains/kotlin/com/intellij/openapi/progress/impl/CoreProgressManager$CheckCanceledBehavior
instanceKlass sun/misc/Unsafe$MemoryAccessOption
instanceKlass org/jetbrains/kotlin/com/intellij/util/messages/Topic$BroadcastDirection
instanceKlass org/jetbrains/kotlin/com/intellij/openapi/extensions/ExtensionPoint$Kind
instanceKlass org/jetbrains/kotlin/cli/jvm/compiler/EnvironmentConfigFiles
instanceKlass org/jetbrains/kotlin/config/JvmSerializeIrMode
instanceKlass org/jetbrains/kotlin/config/JvmAbiStability
instanceKlass org/jetbrains/kotlin/builtins/UnsignedType
instanceKlass kotlin/LazyThreadSafetyMode
instanceKlass org/jetbrains/kotlin/builtins/PrimitiveType
instanceKlass java/util/stream/Collector$Characteristics
instanceKlass org/jetbrains/kotlin/config/JvmTarget
instanceKlass org/jetbrains/kotlin/storage/LockBasedStorageManager$NotValue
instanceKlass org/jetbrains/kotlin/load/java/ReportLevel
instanceKlass jdk/internal/logger/BootstrapLogger$LoggingBackend
instanceKlass java/util/stream/MatchOps$MatchKind
instanceKlass java/util/stream/StreamShape
instanceKlass java/util/stream/StreamOpFlag$Type
instanceKlass java/util/stream/StreamOpFlag
instanceKlass java/util/regex/Pattern$Qtype
instanceKlass org/jetbrains/kotlin/config/LanguageVersion
instanceKlass java/lang/classfile/attribute/StackMapFrameInfo$SimpleVerificationTypeInfo
instanceKlass java/lang/reflect/ProxyGenerator$PrimitiveTypeInfo
instanceKlass java/lang/classfile/Opcode$Kind
instanceKlass java/lang/classfile/Opcode
instanceKlass java/lang/classfile/TypeKind
instanceKlass jdk/internal/classfile/impl/AbstractPoolEntry$Utf8EntryImpl$State
instanceKlass java/lang/classfile/AttributeMapper$AttributeStability
instanceKlass java/lang/classfile/ClassFile$DeadLabelsOption
instanceKlass java/lang/classfile/ClassFile$DeadCodeOption
instanceKlass java/lang/classfile/ClassFile$ShortJumpsOption
instanceKlass java/lang/classfile/ClassFile$ConstantPoolSharingOption
instanceKlass java/lang/classfile/ClassFile$AttributesProcessingOption
instanceKlass java/lang/classfile/ClassFile$LineNumbersOption
instanceKlass java/lang/classfile/ClassFile$DebugElementsOption
instanceKlass java/lang/classfile/ClassFile$StackMapsOption
instanceKlass java/lang/annotation/RetentionPolicy
instanceKlass org/jetbrains/kotlin/config/JvmDefaultMode
instanceKlass org/jetbrains/kotlin/config/JVMAssertionsMode
instanceKlass org/jetbrains/kotlin/config/ExplicitApiMode
instanceKlass org/jetbrains/kotlin/cli/common/messages/CompilerMessageSeverity
instanceKlass java/lang/invoke/MethodHandles$Lookup$ClassOption
instanceKlass java/lang/invoke/VarHandle$AccessType
instanceKlass java/lang/invoke/VarHandle$AccessMode
instanceKlass java/lang/invoke/MethodHandleImpl$Intrinsic
instanceKlass java/lang/invoke/LambdaForm$BasicType
instanceKlass java/lang/invoke/LambdaForm$Kind
instanceKlass java/lang/constant/DirectMethodHandleDesc$Kind
instanceKlass sun/invoke/util/Wrapper
instanceKlass org/jetbrains/kotlin/cli/common/CompilerSystemProperties
instanceKlass org/jetbrains/kotlin/cli/common/ExitCode
instanceKlass java/util/zip/ZipCoder$Comparison
instanceKlass java/nio/file/LinkOption
instanceKlass sun/nio/fs/WindowsPathType
instanceKlass java/util/concurrent/TimeUnit
instanceKlass java/nio/file/StandardOpenOption
instanceKlass jdk/internal/vm/Continuation$Pinned
instanceKlass java/io/File$PathStatus
instanceKlass java/lang/module/ModuleDescriptor$Requires$Modifier
instanceKlass java/lang/reflect/AccessFlag$Location
instanceKlass java/lang/reflect/AccessFlag
instanceKlass java/lang/module/ModuleDescriptor$Modifier
instanceKlass java/util/HexFormat$Case
instanceKlass java/lang/reflect/ClassFileFormatVersion
instanceKlass java/lang/Thread$State
ciInstanceKlass java/lang/Enum 1 1 204 9 7 12 1 1 1 9 12 1 1 10 7 12 1 1 1 9 12 1 10 7 12 1 1 1 100 1 10 10 12 1 1 10 12 1 7 1 10 10 7 12 1 1 10 12 1 1 18 12 1 1 10 100 12 1 1 1 10 12 1 1 11 7 12 1 1 1 100 1 8 1 10 12 1 100 1 7 1 10 8 1 10 12 1 1 10 12 1 1 8 1 10 12 1 10 100 1 8 1 10 10 12 1 1 10 100 12 1 1 1 7 1 7 1 7 1 1 1 1 1 1 1 1 1 1 1 1 1 1 1 1 1 1 1 1 1 1 1 1 1 1 1 1 1 1 1 1 1 1 1 1 1 1 1 1 1 1 1 1 1 1 1 3 1 1 1 1 100 1 7 1 1 100 1 1 1 1 1 1 1 1 1 1 1 16 15 10 12 16 15 10 100 12 1 1 1 1 1 100 1 100 1 1
ciInstanceKlass java/lang/ref/NativeReferenceQueue 1 1 92 10 7 12 1 1 1 7 1 10 12 1 9 7 12 1 1 1 10 7 12 1 1 10 12 1 10 12 1 10 12 1 1 10 12 1 1 10 12 1 1 100 1 8 1 10 12 1 10 12 1 10 12 1 1 10 12 1 1 1 1 1 1 1 1 1 1 100 1 1 1 1 1 1 1 1 7 1 7 1 1 1 1 1 1 1 1 1 1 1 1 1
instanceKlass java/lang/ref/ReferenceQueue$Null
instanceKlass java/lang/ref/NativeReferenceQueue
ciInstanceKlass java/lang/ref/ReferenceQueue 1 1 183 9 7 12 1 1 1 11 7 12 1 1 1 11 12 1 9 7 12 1 1 1 11 12 1 10 7 12 1 1 9 12 1 1 7 1 10 9 12 1 1 10 12 1 1 9 7 12 1 1 1 9 12 1 9 12 1 9 12 1 1 100 1 10 9 12 1 1 9 12 1 7 1 10 100 12 1 1 1 10 12 1 10 12 1 1 10 7 12 1 1 1 10 12 1 5 0 10 10 12 10 12 1 1 10 12 1 10 12 1 1 100 1 8 1 10 12 1 10 12 1 10 12 1 1 10 12 11 100 12 1 1 1 10 7 12 1 1 7 1 10 1 1 1 1 1 1 1 1 1 1 100 1 1 1 1 1 1 1 1 1 1 1 1 1 1 1 7 1 1 1 1 1 1 1 1 1 1 1 1 1 1 1
staticfield java/lang/ref/ReferenceQueue NULL Ljava/lang/ref/ReferenceQueue; java/lang/ref/ReferenceQueue$Null
staticfield java/lang/ref/ReferenceQueue ENQUEUED Ljava/lang/ref/ReferenceQueue; java/lang/ref/ReferenceQueue$Null
staticfield java/lang/ref/ReferenceQueue $assertionsDisabled Z 1
ciMethod java/lang/ref/NativeReferenceQueue poll ()Ljava/lang/ref/Reference; 512 0 6456 0 544
ciInstanceKlass java/lang/reflect/Method 1 1 472 9 7 12 1 1 1 10 7 12 1 1 1 10 7 12 1 1 9 12 1 1 10 12 1 1 10 12 1 1 10 7 12 1 1 10 7 12 1 1 1 9 12 1 1 9 12 1 9 12 1 1 9 12 1 9 12 1 9 12 1 1 9 12 1 9 12 1 1 9 12 1 9 12 1 9 12 1 1 100 1 8 1 10 12 1 10 12 1 9 12 1 1 8 1 10 7 12 1 1 10 7 12 1 1 1 10 12 1 1 10 12 1 1 10 12 1 10 12 1 1 10 12 1 1 9 100 12 1 1 1 10 12 1 1 10 12 10 7 12 1 1 10 12 1 1 10 12 1 10 12 1 10 12 1 10 7 12 1 1 1 10 12 1 1 10 7 1 10 7 12 1 1 1 10 7 12 1 1 10 12 1 1 10 12 1 1 10 12 1 10 7 12 1 1 1 10 12 1 10 8 1 10 12 1 10 12 1 7 1 8 1 8 1 8 1 10 12 1 10 12 1 1 10 12 1 1 10 10 12 1 1 10 12 1 11 7 1 10 12 1 9 12 1 1 10 12 1 1 10 12 1 10 12 1 1 10 12 1 1 11 7 12 1 1 1 11 12 1 9 12 1 1 10 12 1 10 12 1 10 12 1 10 12 1 10 12 1 10 12 1 9 12 1 1 10 7 12 1 1 1 10 7 12 1 1 10 12 1 1 10 7 12 1 1 1 10 7 12 1 1 1 10 7 12 1 1 1 11 7 12 1 1 1 10 7 12 1 1 1 7 1 100 1 100 1 10 12 1 10 12 1 1 10 12 1 100 1 8 1 10 12 1 10 10 12 1 1 10 12 1 1 10 12 1 1 10 12 1 1 8 1 10 12 1 1 1 1 1 1 1 1 1 1 1 1 1 1 1 1 1 1 1 1 1 1 1 1 1 1 1 1 1 1 1 1 1 1 1 1 1 1 1 1 1 1 1 1 1 1 1 1 1 1 1 1 1 100 1 100 1 100 1 1 1 1 1 1 1 1 1 1 1 1 1 1 1 1 1 1 1 1 1 1 1 1 1 1 1 1 1 1
ciInstanceKlass java/lang/reflect/Field 1 1 457 9 7 12 1 1 1 10 12 1 1 10 100 12 1 1 1 10 100 12 1 1 9 12 1 1 10 12 1 1 10 12 1 1 10 100 12 1 1 10 7 12 1 1 1 9 12 1 1 9 12 1 9 12 1 9 12 1 1 9 12 1 1 9 12 1 9 12 1 1 9 12 1 1 100 1 8 1 10 12 1 10 12 1 9 12 1 1 9 12 1 10 12 1 10 7 12 1 1 10 12 1 1 10 12 1 1 10 12 1 10 12 1 1 9 100 12 1 1 1 10 100 12 1 1 1 7 1 10 12 1 1 10 12 1 1 10 12 1 1 10 12 1 10 12 1 10 7 1 10 7 12 1 1 7 1 10 8 1 10 12 1 1 10 12 1 1 8 1 10 12 10 12 1 8 1 8 1 10 11 7 1 9 12 1 10 12 1 1 10 12 1 1 11 7 12 1 1 1 10 12 1 11 12 1 1 11 12 1 1 11 12 1 1 11 12 1 1 11 12 1 1 11 12 1 1 11 12 1 1 11 12 1 1 11 12 1 1 11 12 1 1 11 12 1 1 11 12 1 1 11 12 1 1 11 12 1 1 11 12 1 1 11 12 1 1 11 12 1 1 10 12 1 10 7 12 1 1 10 12 1 10 12 1 10 12 1 9 12 1 1 10 7 12 1 1 1 10 12 1 1 10 12 1 10 7 12 1 1 10 12 1 1 11 7 1 10 12 1 7 1 10 100 12 1 1 1 10 7 12 1 1 1 9 12 1 10 7 12 1 1 1 11 7 12 1 1 1 10 12 1 1 10 12 1 1 9 100 12 1 1 10 100 12 1 1 1 10 12 1 1 7 1 1 1 1 1 1 1 1 1 1 1 1 1 1 1 1 1 1 1 1 1 1 1 1 1 1 1 1 1 1 1 1 1 1 1 1 1 1 1 100 1 1 1 1 1 1 1 1 1 1 1 1 1 1 1 1 1 1 1 1 1 1 1 1 1 1 1 1 1 1 1 1 7 1 1 1 1 1 1 1 1 1 100 1 1
ciInstanceKlass java/lang/reflect/Parameter 0 0 243 10 7 12 1 1 1 9 7 12 1 1 1 9 12 1 1 9 12 1 1 9 12 1 10 12 1 1 10 12 1 1 10 7 12 1 1 1 7 1 10 10 12 1 1 11 7 12 1 1 1 10 12 1 10 100 12 1 1 1 10 12 1 1 10 12 1 10 12 1 8 1 8 1 10 7 12 1 1 1 10 12 1 10 12 9 100 12 1 1 1 10 100 12 1 1 1 10 12 1 8 1 10 12 1 9 12 1 1 10 12 1 1 9 12 1 1 10 12 1 1 10 12 1 1 10 12 1 1 10 12 1 10 10 12 1 10 100 12 1 1 1 10 12 1 1 11 7 12 1 1 10 7 12 1 1 7 1 10 100 12 1 1 1 10 12 1 1 10 12 1 1 10 12 1 1 10 12 1 1 9 12 1 100 1 10 11 12 1 1 11 12 1 1 7 1 1 1 1 1 1 1 1 1 1 1 1 1 1 1 1 1 1 1 1 1 1 1 1 1 1 1 1 1 1 1 1 1 1 1 1 1 1 1 1 1 100 1 1 1 1 1 1
ciInstanceKlass java/lang/reflect/RecordComponent 0 0 196 10 7 12 1 1 1 9 7 12 1 1 1 9 12 1 1 9 12 1 10 12 1 1 10 12 1 1 10 100 12 1 1 1 10 12 1 1 9 12 1 1 10 12 1 1 10 12 1 1 10 12 1 10 100 12 1 1 10 100 12 1 1 9 12 1 1 10 100 12 1 1 1 11 100 12 1 1 1 10 9 100 12 1 1 1 10 100 12 1 1 1 9 12 1 1 10 100 12 1 1 1 10 12 1 1 11 7 12 1 1 10 7 12 1 1 7 1 9 12 1 9 12 1 1 9 12 1 10 100 12 1 1 1 10 12 1 1 10 12 1 1 7 1 10 10 12 1 10 12 1 1 8 1 10 12 1 10 12 1 9 12 1 7 1 1 1 1 1 1 1 1 1 1 1 1 1 1 1 1 1 1 1 1 1 1 7 1 1 1 1 1 1 100 1 1
ciInstanceKlass java/lang/StringBuffer 0 0 487 10 7 12 1 1 1 10 12 1 10 12 1 10 12 1 1 9 7 12 1 1 1 10 12 1 1 10 12 1 10 12 1 1 9 12 1 1 10 12 1 10 12 1 1 10 12 1 1 10 12 1 10 12 1 1 10 12 1 10 12 1 1 10 12 1 1 10 7 12 1 1 1 10 12 1 1 10 12 1 10 12 1 10 12 1 10 12 1 10 12 1 10 12 1 10 12 1 10 12 1 10 12 1 10 12 1 10 12 1 10 12 1 10 12 1 10 12 1 1 10 12 1 10 12 1 1 10 12 1 1 10 10 12 1 1 10 12 1 10 12 1 10 12 1 10 12 1 10 12 1 10 12 1 10 12 10 12 1 10 12 1 10 12 1 10 12 1 1 10 12 1 10 12 1 10 10 12 1 1 10 12 1 10 12 1 10 12 1 8 1 10 12 1 10 10 100 12 1 1 1 10 10 12 1 1 9 12 1 1 10 100 12 1 1 10 100 1 8 10 100 12 1 1 1 8 10 12 1 8 1 10 12 1 10 12 1 10 100 12 1 1 1 10 100 12 1 1 1 100 1 10 12 100 1 8 1 10 10 12 1 1 10 12 1 1 10 12 1 10 12 1 10 12 1 1 10 12 1 10 12 1 10 12 1 10 12 1 10 12 1 10 12 10 12 1 10 12 1 10 12 1 10 12 1 10 12 1 10 12 1 10 12 1 10 12 1 10 12 1 10 12 1 10 12 10 12 10 12 1 10 12 1 10 12 1 10 12 10 12 1 10 12 1 10 12 1 10 12 1 10 12 1 10 12 1 10 12 1 10 12 1 10 12 1 10 12 1 10 12 1 100 1 10 12 1 9 7 12 1 1 1 9 7 1 9 12 1 1 7 1 7 1 7 1 7 1 1 1 1 5 0 1 1 1 1 1 1 1 1 1 1 1 1 1 1 1 1 1 1 1 1 1 1 1 1 1 1 1 1 1 1 1 1 1 1 1 1 1 1 1 1 1 1 1 1 1 1 1 1 1 1 1 1 1 1 1 1 1 1 1 1 100 1 1 1 1 1 7 1 1 1 1 1 1 1 1 1 1 1 1 1 1 1 1 1 1
instanceKlass jdk/internal/loader/BuiltinClassLoader
instanceKlass java/net/URLClassLoader
ciInstanceKlass java/security/SecureClassLoader 1 1 102 10 7 12 1 1 1 7 1 10 12 1 9 7 12 1 1 1 10 12 1 10 12 1 10 12 1 1 10 12 1 1 10 12 1 7 1 10 7 1 10 12 1 7 1 10 12 1 11 7 12 1 1 1 7 1 11 12 1 10 12 1 1 1 1 1 1 1 1 1 1 1 1 1 1 1 1 1 1 1 1 1 1 1 1 1 1 1 1 1 1 1 1 1 1 1 1 100 1 1 1 1
ciInstanceKlass java/net/URLClassLoader 1 1 600 10 7 12 1 1 1 7 1 10 12 1 9 7 12 1 1 1 10 7 12 1 1 1 9 12 1 1 7 1 10 12 1 9 12 1 1 10 12 1 10 10 12 1 10 100 12 1 1 1 10 12 1 1 10 7 12 1 1 1 10 100 12 1 1 1 100 1 10 12 1 1 10 12 1 1 10 12 1 1 100 1 100 1 10 7 12 1 1 1 100 1 8 1 10 12 1 10 7 12 1 1 1 10 12 1 1 10 12 1 1 11 100 12 1 1 1 11 7 12 1 1 1 11 12 1 1 7 1 11 12 1 11 7 12 1 1 10 12 1 11 12 1 11 12 1 1 11 10 12 1 1 10 12 1 1 10 12 1 1 100 1 10 12 1 10 12 1 1 7 1 100 1 10 12 1 1 7 1 10 10 12 1 1 10 100 12 1 1 10 12 1 100 1 7 1 10 8 1 10 12 1 1 8 1 10 12 1 1 10 10 12 1 8 1 8 1 10 12 1 1 10 7 12 1 1 1 10 100 12 1 1 1 10 12 1 1 10 12 1 1 10 12 1 1 10 12 1 10 12 1 100 1 100 1 8 1 10 12 1 10 12 1 1 10 12 1 1 7 1 10 12 1 10 100 12 1 1 1 10 12 1 1 10 12 1 1 10 12 1 1 10 12 1 10 100 12 1 1 1 10 12 1 1 8 1 10 12 1 1 11 100 12 1 1 1 9 100 12 1 1 1 10 100 12 1 1 1 9 12 1 9 12 1 9 12 1 9 12 1 9 12 1 9 12 1 10 7 12 1 1 1 8 1 10 12 1 1 100 1 10 10 12 1 10 12 1 1 10 12 1 1 100 1 10 12 1 10 12 1 1 10 12 1 10 12 1 1 100 1 10 100 12 1 1 9 100 12 1 1 1 10 12 1 8 1 100 1 8 1 10 12 1 10 12 1 8 1 10 12 1 10 12 1 9 12 1 1 10 100 12 1 1 10 12 1 10 12 1 10 100 1 8 1 10 100 1 10 12 1 10 100 12 1 100 1 10 12 1 10 12 1 100 1 10 10 7 12 1 1 1 1 1 1 1 1 1 1 1 1 1 1 1 1 1 1 1 1 1 1 1 1 1 1 1 1 1 1 1 1 1 1 1 1 1 7 1 100 1 7 1 7 1 1 1 1 1 1 1 1 1 1 1 1 1 1 1 1 1 1 1 1 1 1 1 1 1 1 1 1 1 1 1 1 1 1 1 1 1 1 1 1 1 1 1 1 1 1 100 1 1 1 1 1 1 1 1 1 1 1 1 1 1 1 1 1 1 1 1 1 1 1 1 1 1 1 1 1 1 1 1 1 1 1 1 1 100 1 1 1
ciInstanceKlass java/util/jar/Manifest 1 1 320 10 7 12 1 1 1 7 1 10 9 7 12 1 1 1 7 1 10 9 12 1 1 9 12 1 1 10 12 1 10 12 1 1 10 12 1 1 10 12 1 1 10 12 1 1 11 7 1 11 12 1 1 10 12 1 1 10 100 12 1 1 1 100 1 7 1 10 8 1 10 12 1 1 10 12 1 1 10 12 1 10 12 1 11 100 1 10 12 1 10 12 1 1 11 12 1 1 10 12 1 11 12 1 1 11 100 12 1 1 1 11 7 12 1 1 11 12 1 1 100 1 10 12 1 8 1 11 12 1 7 1 10 12 1 1 11 12 1 10 12 1 10 12 1 10 9 100 12 1 1 1 10 12 1 1 10 100 12 1 10 12 1 10 12 1 9 100 12 1 1 1 8 1 10 12 1 8 1 8 1 7 1 10 12 1 10 12 1 10 12 1 1 100 1 8 1 10 12 1 1 8 1 10 10 12 1 1 8 1 10 12 1 1 10 7 12 1 1 1 10 12 1 10 11 12 1 1 10 12 1 1 10 100 12 1 1 1 10 12 1 1 10 12 1 10 12 1 1 11 10 12 1 11 10 12 1 7 1 1 1 1 1 1 1 1 1 1 1 1 1 1 1 1 1 1 1 1 1 1 1 1 1 1 1 1 1 1 1 1 1 1 1 100 1 1 1 1 1 1 1 1 1 1 1 1 1 1 7 1 1 1 1 1 1 1 1 1 1 1
ciInstanceKlass java/io/ByteArrayInputStream 1 1 135 10 7 12 1 1 1 9 7 12 1 1 1 9 12 1 1 9 12 1 9 12 1 10 100 12 1 1 1 10 7 12 1 1 1 10 7 12 1 1 1 10 100 12 1 1 1 10 12 1 1 10 100 12 1 1 1 100 1 100 1 100 1 3 10 100 1 10 100 12 1 1 1 9 12 1 1 100 1 10 10 7 12 1 1 1 1 1 1 1 1 1 1 1 1 1 1 1 1 1 1 1 1 1 1 1 1 1 1 1 1 1 1 1 1 1 1 1 100 1 100 1 1 1 1 1 1 1 1 1 1 1 1 1 1
staticfield java/io/ByteArrayInputStream $assertionsDisabled Z 1
instanceKlass java/nio/CharBuffer
instanceKlass java/nio/IntBuffer
instanceKlass java/nio/LongBuffer
instanceKlass java/nio/ByteBuffer
ciInstanceKlass java/nio/Buffer 1 1 256 100 1 10 7 12 1 1 1 9 7 12 1 1 1 9 12 1 9 12 1 1 9 12 1 9 12 1 1 10 12 1 1 10 12 1 1 10 12 100 1 7 1 10 8 1 10 12 1 1 10 12 1 8 1 8 1 10 12 1 1 10 12 1 8 1 9 12 1 1 100 1 8 1 10 12 1 8 1 8 1 9 12 10 12 1 8 1 8 1 8 1 10 12 1 8 1 8 1 8 1 100 1 10 100 1 10 100 1 10 9 12 1 1 10 7 12 1 1 1 100 1 10 12 1 1 10 12 1 10 100 12 1 1 10 7 12 1 1 1 10 7 12 1 1 1 9 12 1 1 10 7 12 1 1 1 9 12 1 1 7 1 10 10 12 1 1 7 1 10 10 7 12 1 1 1 1 1 3 1 1 1 1 1 1 1 1 1 1 1 1 1 1 100 1 1 1 1 1 1 1 7 1 1 1 1 1 1 1 1 1 1 1 1 1 1 1 1 1 1 1 1 1 1 1 1 1 1 1 1 1 1 1 1 1 1 1 1 1 1 1 100 1 100 1 100 1 100 1 100 1 100 1 100 1 1
staticfield java/nio/Buffer UNSAFE Ljdk/internal/misc/Unsafe; jdk/internal/misc/Unsafe
staticfield java/nio/Buffer SCOPED_MEMORY_ACCESS Ljdk/internal/misc/ScopedMemoryAccess; jdk/internal/misc/ScopedMemoryAccess
staticfield java/nio/Buffer IOOBE_FORMATTER Ljava/util/function/BiFunction; jdk/internal/util/Preconditions$4
staticfield java/nio/Buffer $assertionsDisabled Z 1
ciInstanceKlass java/util/List 1 1 251 10 100 12 1 1 1 11 100 12 1 1 1 11 100 12 1 1 1 11 12 1 1 11 100 12 1 1 11 12 1 1 11 12 1 1 10 100 12 1 1 1 100 1 100 1 10 12 1 1 100 1 10 100 12 1 1 1 11 12 1 1 11 12 1 11 12 1 100 1 10 12 1 11 12 1 1 11 12 1 1 11 12 1 10 7 12 1 1 1 9 7 12 1 1 1 7 1 10 12 10 12 1 7 1 10 12 1 1 10 12 1 10 12 1 1 11 12 1 1 100 1 1 1 1 1 1 1 1 1 1 1 1 1 1 1 1 1 1 1 1 1 1 1 1 1 1 1 1 1 1 1 1 1 1 1 1 1 1 1 1 1 1 1 1 100 1 100 1 1 1 1 1 1 1 1 1 1 1 1 1 1 1 1 1 1 1 1 1 1 1 1 1 1 1 1 1 1 1 1 1 1 1 1 1 1 1 1 1 1 1 1 1 1 1 1 1 1 1 1 1 1 1 1 1 1 1 1 1 1 1 1 1 1 1 1 1 1 1 1 1 1 1 1 100 1 1 100 1 1 1
instanceKlass org/jetbrains/kotlin/lexer/KotlinLexerException
instanceKlass org/jetbrains/kotlin/com/intellij/psi/text/BlockSupport$ReparsedSuccessfullyException
instanceKlass org/jetbrains/kotlin/com/intellij/psi/impl/DebugUtil$IncorrectTreeStructureException
instanceKlass org/jetbrains/kotlin/types/error/LazyWrappedTypeComputationException
instanceKlass org/jetbrains/kotlin/protobuf/UninitializedMessageException
instanceKlass org/jetbrains/kotlin/com/intellij/openapi/util/RecursionManager$CachingPreventedException
instanceKlass org/jetbrains/kotlin/com/intellij/core/CoreJavaCodeStyleManager$1CancelException
instanceKlass org/jetbrains/kotlin/com/intellij/openapi/util/StackOverflowPreventedException
instanceKlass org/jetbrains/kotlin/com/intellij/openapi/vfs/InvalidVirtualFileAccessException
instanceKlass org/jetbrains/kotlin/com/intellij/psi/PsiInvalidElementAccessException
instanceKlass org/jetbrains/kotlin/com/fasterxml/aalto/UncheckedStreamException
instanceKlass org/jetbrains/kotlin/com/intellij/diagnostic/PluginException
instanceKlass java/io/UncheckedIOException
instanceKlass java/util/MissingResourceException
instanceKlass org/jetbrains/kotlin/com/intellij/openapi/extensions/SortingException
instanceKlass org/jetbrains/kotlin/com/intellij/diagnostic/ImplementationConflictException
instanceKlass java/util/EmptyStackException
instanceKlass org/jetbrains/kotlin/com/intellij/openapi/diagnostic/RuntimeExceptionWithAttachments
instanceKlass org/jetbrains/kotlin/com/intellij/openapi/project/IndexNotReadyException
instanceKlass java/lang/SecurityException
instanceKlass org/jetbrains/kotlin/com/intellij/openapi/editor/ReadOnlyModificationException
instanceKlass org/jetbrains/kotlin/com/intellij/openapi/editor/ReadOnlyFragmentModificationException
instanceKlass org/jetbrains/kotlin/com/intellij/util/lang/CompoundRuntimeException
instanceKlass org/jetbrains/kotlin/org/picocontainer/PicoException
instanceKlass org/jetbrains/kotlin/com/intellij/openapi/extensions/ExtensionNotApplicableException
instanceKlass java/nio/file/FileSystemNotFoundException
instanceKlass org/jetbrains/kotlin/util/ServiceLoaderLite$ServiceLoadingException
instanceKlass org/jetbrains/kotlin/compiler/plugin/PluginProcessingException
instanceKlass org/jetbrains/kotlin/compiler/plugin/CliOptionProcessingException
instanceKlass org/jetbrains/kotlin/backend/common/CompilationException
instanceKlass org/jetbrains/kotlin/com/intellij/util/IncorrectOperationException
instanceKlass org/jetbrains/kotlin/utils/WrappedValues$WrappedProcessCanceledException
instanceKlass java/util/ConcurrentModificationException
instanceKlass java/lang/reflect/UndeclaredThrowableException
instanceKlass java/util/NoSuchElementException
instanceKlass kotlin/NoWhenBranchMatchedException
instanceKlass java/lang/IndexOutOfBoundsException
instanceKlass java/lang/UnsupportedOperationException
instanceKlass kotlin/UninitializedPropertyAccessException
instanceKlass java/lang/IllegalStateException
instanceKlass org/jetbrains/kotlin/cli/jvm/compiler/CompileEnvironmentException
instanceKlass org/jetbrains/kotlin/utils/KotlinExceptionWithAttachments
instanceKlass org/jetbrains/kotlin/analyzer/CompilationErrorException
instanceKlass org/jetbrains/kotlin/com/intellij/openapi/progress/ProcessCanceledException
instanceKlass java/lang/IllegalArgumentException
instanceKlass java/lang/ArithmeticException
instanceKlass java/lang/NullPointerException
instanceKlass java/lang/IllegalMonitorStateException
instanceKlass java/lang/ArrayStoreException
instanceKlass java/lang/ClassCastException
ciInstanceKlass java/lang/RuntimeException 1 1 40 10 100 12 1 1 1 10 12 1 10 12 1 10 12 1 10 12 1 100 1 1 1 1 5 0 1 1 1 1 1 1 1 1 1 1 1 1 1 1
ciInstanceKlass java/lang/AssertionStatusDirectives 0 0 24 10 100 12 1 1 1 100 1 1 1 1 1 1 1 1 1 1 1 1 1 1 1 1
instanceKlass java/util/stream/Collectors$CollectorImpl
instanceKlass jdk/internal/classfile/impl/StackCounter$Target
instanceKlass jdk/internal/classfile/impl/StackMapDecoder$StackMapFrameImpl
instanceKlass jdk/internal/classfile/impl/StackMapDecoder$ObjectVerificationTypeInfoImpl
instanceKlass jdk/internal/classfile/impl/ClassHierarchyImpl$ClassHierarchyInfoImpl
instanceKlass java/lang/classfile/ClassHierarchyResolver$1Factory
instanceKlass jdk/internal/classfile/impl/StackMapGenerator$Type
instanceKlass jdk/internal/classfile/impl/AbstractInstruction$SwitchCaseImpl
instanceKlass java/lang/runtime/SwitchBootstraps$1Element
instanceKlass jdk/internal/classfile/impl/DirectCodeBuilder$DeferredLabel
instanceKlass jdk/internal/classfile/impl/ClassFileImpl$AttributeMapperOptionImpl
instanceKlass jdk/internal/classfile/impl/ClassFileImpl$ClassHierarchyResolverOptionImpl
instanceKlass jdk/internal/classfile/impl/ClassFileImpl
instanceKlass java/lang/reflect/Proxy$ProxyBuilder$ProxyClassContext
instanceKlass java/security/SecureClassLoader$CodeSourceKey
instanceKlass jdk/internal/reflect/ReflectionFactory$Config
instanceKlass jdk/internal/foreign/abi/UpcallLinker$CallRegs
instanceKlass jdk/internal/foreign/abi/VMStorage
ciInstanceKlass java/lang/Record 1 1 22 10 7 12 1 1 1 100 1 1 1 1 1 1 1 1 1 1 1 1 1 1
ciInstanceKlass java/lang/invoke/MethodType 1 1 780 7 1 10 7 12 1 1 1 9 12 1 1 9 12 1 1 9 12 1 1 10 7 12 1 1 1 9 7 12 1 1 8 1 10 100 12 1 1 1 9 7 1 9 7 1 10 12 1 1 7 1 10 8 1 10 12 1 1 10 12 1 10 12 1 1 7 1 8 1 10 12 1 100 1 10 10 12 1 10 12 1 1 10 12 1 1 11 7 12 1 1 1 9 12 1 11 12 1 1 7 10 12 1 1 10 12 1 1 7 1 7 1 10 7 12 1 1 1 10 12 1 10 12 1 9 12 1 1 10 7 12 1 1 10 12 1 1 10 7 12 1 1 1 10 7 12 1 1 1 10 12 1 9 12 1 1 10 12 1 1 10 12 1 1 10 12 1 1 10 12 1 1 10 12 1 1 10 12 1 10 12 1 10 12 1 1 10 12 1 8 1 8 1 10 12 1 1 9 12 1 1 100 1 10 10 12 1 1 10 12 1 10 12 1 1 10 12 1 1 10 12 1 10 12 1 10 12 1 8 1 10 12 1 1 10 100 12 1 1 1 10 12 1 10 12 1 1 10 12 1 10 12 1 10 12 1 1 10 12 1 10 12 1 9 12 1 10 12 1 10 10 12 1 1 10 12 1 9 12 1 1 10 12 1 1 11 12 1 1 10 12 1 1 10 12 1 10 12 1 100 1 8 1 8 1 8 1 10 12 1 10 12 1 10 12 1 1 10 10 12 1 11 12 1 1 11 12 1 10 100 12 1 1 1 9 12 1 10 12 1 10 12 1 1 10 12 1 1 10 12 1 10 12 1 10 100 12 1 1 1 10 12 1 1 10 12 1 10 12 1 10 12 1 10 9 12 1 1 7 1 10 12 1 10 12 1 1 9 100 12 1 1 1 10 7 12 1 1 1 10 7 12 1 1 1 10 12 1 1 10 7 12 1 1 1 10 12 1 1 8 1 10 7 12 1 1 1 11 12 1 1 9 12 1 1 10 12 1 1 10 12 1 10 12 1 1 10 12 1 1 10 100 12 1 1 100 1 10 12 1 1 11 100 12 1 1 18 12 1 1 11 12 1 1 18 12 1 11 12 1 100 1 11 100 12 1 1 10 12 1 100 1 10 12 1 10 100 12 1 1 10 12 1 1 9 12 1 1 9 100 12 1 1 1 10 7 12 1 1 1 9 12 1 10 100 12 1 1 10 12 1 100 10 12 1 1 10 12 1 7 1 10 10 12 1 1 7 1 7 1 9 12 1 1 7 1 7 1 7 1 1 1 5 0 1 1 1 1 1 1 1 3 1 3 1 3 1 1 1 1 1 1 1 1 1 1 1 1 1 1 1 1 1 1 1 1 1 1 1 1 1 1 1 1 1 1 1 1 1 1 1 1 1 1 1 1 1 1 1 1 1 1 1 1 1 1 1 1 1 1 1 1 1 1 1 1 1 1 1 1 1 1 1 1 1 1 1 1 1 1 1 1 1 1 1 1 1 1 1 1 1 1 1 1 1 1 1 1 1 1 1 1 1 1 1 1 1 1 1 1 1 1 1 1 1 1 1 1 1 1 1 1 1 1 1 1 1 1 1 1 1 1 1 1 1 1 100 1 100 1 1 1 1 1 1 1 1 1 1 1 1 1 100 1 1 1 7 1 1 1 1 1 1 1 1 1 1 1 1 1 1 1 1 1 1 1 1 1 1 16 15 10 12 16 16 15 10 12 16 15 10 100 12 1 1 1 1 1 7 1 1 7 1 1 100 1 100 1 1
staticfield java/lang/invoke/MethodType internTable Ljdk/internal/util/ReferencedKeySet; jdk/internal/util/ReferencedKeySet
staticfield java/lang/invoke/MethodType NO_PTYPES [Ljava/lang/Class; 0 [Ljava/lang/Class;
staticfield java/lang/invoke/MethodType objectOnlyTypes [Ljava/lang/invoke/MethodType; 20 [Ljava/lang/invoke/MethodType;
staticfield java/lang/invoke/MethodType METHOD_HANDLE_ARRAY [Ljava/lang/Class; 1 [Ljava/lang/Class;
staticfield java/lang/invoke/MethodType serialPersistentFields [Ljava/io/ObjectStreamField; 0 [Ljava/io/ObjectStreamField;
staticfield java/lang/invoke/MethodType $assertionsDisabled Z 1
ciMethod java/lang/invoke/MethodType equals (Ljava/lang/Object;)Z 514 0 6960 0 -1
ciMethod java/lang/invoke/MethodType hashCode ()I 516 1424 5447 0 352
ciInstanceKlass java/lang/invoke/TypeDescriptor$OfMethod 1 0 43 100 1 100 1 100 1 1 1 1 1 1 1 1 1 1 1 1 1 1 1 1 1 1 1 1 1 1 1 1 1 1 1 1 1 1 1 1 1 1 100 1 1
instanceKlass java/lang/reflect/InvocationTargetException
instanceKlass java/lang/InstantiationException
instanceKlass java/lang/IllegalAccessException
instanceKlass java/lang/NoSuchFieldException
instanceKlass java/lang/NoSuchMethodException
instanceKlass java/lang/ClassNotFoundException
ciInstanceKlass java/lang/ReflectiveOperationException 1 1 34 10 7 12 1 1 1 10 12 1 10 12 1 10 12 1 100 1 1 1 1 5 0 1 1 1 1 1 1 1 1 1 1 1
instanceKlass java/lang/invoke/DelegatingMethodHandle
instanceKlass java/lang/invoke/BoundMethodHandle
instanceKlass java/lang/invoke/DirectMethodHandle
ciInstanceKlass java/lang/invoke/MethodHandle 1 1 734 100 1 9 7 12 1 1 1 10 7 12 1 1 1 10 7 12 1 1 1 7 1 7 1 10 12 1 1 9 12 1 1 10 12 1 10 12 1 1 10 12 1 1 10 100 12 1 1 1 10 12 1 1 10 12 1 1 11 7 12 1 1 1 10 12 1 1 10 12 1 10 12 1 9 12 1 1 9 12 1 1 10 7 12 1 1 1 10 12 1 10 12 1 1 10 12 1 10 12 1 100 1 7 1 10 8 1 10 12 1 1 10 12 1 8 1 10 12 1 1 10 12 1 10 7 12 1 1 1 10 12 1 1 10 12 1 1 10 12 1 1 10 7 12 1 1 1 10 12 1 1 10 12 1 1 10 12 1 10 12 1 1 10 7 12 1 1 10 7 12 1 1 10 12 1 10 12 1 10 12 1 1 10 12 1 1 10 12 1 1 10 12 1 1 10 7 12 1 1 1 10 7 12 1 1 1 10 12 1 1 10 12 1 1 10 12 1 1 8 1 10 7 12 1 1 1 8 1 10 12 1 10 12 1 1 10 12 1 1 10 12 1 8 1 10 12 1 1 8 1 10 12 1 8 1 10 7 12 1 1 1 9 12 1 1 100 1 10 9 7 12 1 1 1 9 7 1 8 1 10 12 1 1 10 12 1 10 12 1 1 10 12 1 10 12 1 1 10 12 1 10 12 1 1 10 12 1 10 12 1 1 10 12 1 1 8 1 10 12 1 1 8 1 10 12 1 10 12 1 1 10 12 1 10 12 1 10 12 1 1 9 100 12 1 1 1 10 12 1 1 11 12 1 10 12 1 10 12 1 1 10 100 12 1 1 100 1 11 12 1 10 100 1 11 12 1 7 1 10 12 1 11 12 1 9 100 12 1 1 1 11 12 1 1 11 100 12 1 1 1 10 12 1 1 9 12 1 11 12 1 9 12 1 9 12 1 9 12 1 11 12 1 1 9 12 1 9 12 1 9 12 1 9 12 1 9 12 1 9 12 1 9 12 1 8 1 10 12 1 10 12 1 8 1 10 12 1 10 12 1 10 12 1 1 10 10 10 7 12 1 1 10 12 1 1 100 1 100 1 8 1 8 1 10 10 12 1 1 10 12 1 10 12 1 7 1 10 100 12 1 1 1 10 9 7 12 1 1 1 10 12 1 1 10 12 1 1 8 1 8 1 10 7 12 1 1 9 12 1 9 12 1 1 9 12 1 1 10 12 1 7 1 10 12 1 10 12 1 1 9 12 1 1 9 12 1 1 10 7 12 1 1 1 11 7 12 1 1 9 12 1 10 12 1 1 9 12 1 10 12 1 8 10 12 1 1 8 1 1 1 1 1 1 1 1 7 1 1 1 1 1 1 1 1 1 1 1 1 1 1 1 1 1 1 1 1 1 1 1 1 1 1 1 1 1 1 1 1 100 1 1 1 1 1 1 1 1 1 1 1 1 1 1 1 1 1 1 1 1 1 1 1 1 1 1 1 1 1 1 1 1 1 1 1 1 1 1 1 1 1 1 1 1 1 1 1 1 1 1 1 1 1 1 1 1 1 1 1 1 1 1 1 1 1 1 1 1 1 1 1 1 1 1 1 1 1 1 1 1 1 1 1 1 1 1 100 1 1 100 1 7 1 100 1 1 100 1 1 100 1 1 1 1
staticfield java/lang/invoke/MethodHandle FORM_OFFSET J 20
staticfield java/lang/invoke/MethodHandle UPDATE_OFFSET J 13
staticfield java/lang/invoke/MethodHandle $assertionsDisabled Z 1
ciInstanceKlass java/util/concurrent/ConcurrentHashMap 1 1 1211 7 1 7 1 3 10 12 1 1 3 7 1 10 7 12 1 1 1 7 1 10 7 12 1 1 1 100 1 11 12 1 1 11 12 1 11 12 1 1 9 12 1 1 9 12 1 1 9 12 1 10 7 12 1 1 1 7 1 10 12 1 1 10 12 1 1 10 7 12 1 1 1 4 10 12 1 11 7 12 1 1 1 10 12 1 10 12 1 1 100 1 10 5 0 10 12 1 9 12 1 10 12 1 1 5 0 10 12 1 10 12 1 9 12 1 1 10 12 1 1 9 12 1 9 12 1 1 10 12 1 1 9 12 1 10 12 1 1 9 12 1 1 10 12 1 1 100 1 10 100 1 10 12 1 10 12 1 1 10 12 1 1 10 12 1 1 10 12 1 10 12 1 1 10 12 1 1 100 1 10 12 1 1 7 1 100 1 8 1 10 12 1 10 12 1 1 10 12 1 1 10 10 12 1 11 12 1 1 11 7 12 1 1 1 11 7 12 1 1 1 11 12 1 7 1 11 12 1 11 12 1 10 12 1 1 10 12 1 1 9 12 1 1 10 100 12 1 1 1 9 10 12 1 1 9 12 1 10 12 1 1 5 0 9 12 1 1 7 1 10 12 1 9 12 1 1 7 1 10 12 1 9 12 1 7 1 10 7 1 10 10 12 1 1 8 1 10 12 1 10 12 1 1 11 100 1 10 12 1 10 100 12 1 1 1 8 1 10 100 12 1 1 1 8 1 10 12 1 8 1 10 12 1 10 12 1 1 10 100 12 1 1 10 12 1 10 12 1 10 12 1 9 12 1 9 10 12 1 9 12 1 1 11 100 12 1 1 1 11 7 12 1 1 1 100 1 10 12 11 100 12 1 1 10 11 7 12 1 10 12 1 100 1 10 12 1 100 1 10 10 9 7 12 1 1 1 3 10 7 12 1 1 9 12 1 10 12 1 1 9 12 1 1 9 12 1 10 12 1 1 10 100 12 1 1 9 12 1 9 7 12 1 1 10 12 1 1 10 12 1 3 9 12 1 9 12 1 10 12 1 1 7 1 9 3 9 12 1 7 1 10 12 1 9 12 1 10 12 1 9 12 1 10 12 1 9 12 1 10 100 12 1 1 1 100 10 12 1 7 1 5 0 10 100 12 1 1 100 1 10 12 1 1 10 12 1 10 12 1 100 1 10 12 1 10 100 1 100 1 10 10 12 1 10 100 1 10 12 1 10 100 1 10 12 1 10 7 1 10 12 1 1 100 1 10 12 1 10 10 12 1 100 1 10 12 1 10 10 12 1 100 1 10 12 1 10 100 1 10 12 1 10 100 1 10 12 1 10 100 1 10 12 1 10 100 1 10 12 1 10 100 1 10 12 1 10 100 1 10 12 1 10 100 1 10 12 1 10 100 1 10 10 100 1 10 10 100 1 10 10 100 1 10 12 1 10 100 1 10 12 1 10 100 1 10 12 1 10 100 1 10 12 1 10 100 1 10 12 1 10 100 1 10 10 100 1 10 10 100 1 10 10 100 1 10 12 1 10 100 1 10 12 1 10 100 1 10 12 1 10 100 1 10 12 1 10 100 1 10 12 1 10 10 12 1 10 7 12 1 1 1 10 12 1 7 1 7 1 10 12 1 9 12 1 1 9 12 1 1 10 12 1 1 8 10 12 1 1 8 8 8 8 7 10 12 1 1 10 12 1 100 1 8 1 10 7 1 7 1 7 1 1 1 5 0 1 1 3 1 3 1 1 1 1 3 1 3 1 3 1 1 1 1 1 3 1 3 1 3 1 1 1 1 1 1 1 1 1 1 1 1 1 1 1 1 1 1 1 1 1 1 1 1 1 100 1 1 1 1 1 1 1 1 1 1 1 1 1 1 1 1 1 1 1 1 1 1 1 1 1 1 1 1 1 1 1 1 1 1 1 1 1 1 1 1 1 1 1 1 1 1 1 1 1 1 1 1 1 1 1 1 1 1 1 1 1 1 1 1 1 1 1 1 1 1 1 1 1 1 1 1 1 1 1 1 1 1 1 1 100 1 1 1 1 1 1 1 1 1 1 1 7 1 1 1 1 1 1 1 1 1 1 1 1 1 1 1 1 1 1 1 1 1 1 1 1 1 1 1 1 1 1 1 1 1 1 1 1 1 1 1 1 1 1 1 1 1 1 1 1 1 1 1 1 1 1 1 1 1 1 1 1 1 1 1 1 1 1 1 1 1 1 1 1 1 1 1 1 1 1 1 1 1 1 1 1 1 1 1 1 1 1 1 1 1 1 1 1 1 1 1 1 1 1 1 1 1 1 1 1 1 1 1 1 1 1 1 1 1 1 1 1 1 1 1 1 1 1 1 1 1 1 1 1 1 1 1 1 1 1 1 1 1 1 1 1 1 1 1 1 1 1 1 1 1 1 1 1 1 1 1 1 1 1 1 1 1 1 1 1 1 1 1 1 1 1 1 1 1 1 1 1 1 1 1 1 1 1 1 1 1 1 1 1 1 1 1 1 1 1 1 1 1 1 1 1 1 1 1 1 1 1 1 1 1 1 1 1 1 1 1 1 1 1 1 100 1 100 1 100 1 100 1 100 1 100 1 100 1 100 1 100 1 1 1 1 1 1 1 1 1 1 1 1 1 1 1 1 1 1 1 1 1 1 1 1 1 1 1 1 1 1 1 1 1 1 1 1 1 1 1 1 1 1 1 1 1 1 1 1 1 1 1 1 1 1 1 1 1 1
staticfield java/util/concurrent/ConcurrentHashMap NCPU I 12
staticfield java/util/concurrent/ConcurrentHashMap serialPersistentFields [Ljava/io/ObjectStreamField; 3 [Ljava/io/ObjectStreamField;
staticfield java/util/concurrent/ConcurrentHashMap U Ljdk/internal/misc/Unsafe; jdk/internal/misc/Unsafe
staticfield java/util/concurrent/ConcurrentHashMap SIZECTL J 20
staticfield java/util/concurrent/ConcurrentHashMap TRANSFERINDEX J 32
staticfield java/util/concurrent/ConcurrentHashMap BASECOUNT J 24
staticfield java/util/concurrent/ConcurrentHashMap CELLSBUSY J 36
staticfield java/util/concurrent/ConcurrentHashMap CELLVALUE J 144
staticfield java/util/concurrent/ConcurrentHashMap ABASE I 16
staticfield java/util/concurrent/ConcurrentHashMap ASHIFT I 2
instanceKlass org/jetbrains/kotlin/protobuf/SmallSortedMap
instanceKlass org/jetbrains/kotlin/com/intellij/openapi/vfs/impl/ZipEntryMap
instanceKlass org/jetbrains/kotlin/com/intellij/util/containers/hash/LinkedHashMap
instanceKlass org/jetbrains/kotlin/com/intellij/util/containers/ConcurrentRefHashMap
instanceKlass org/jetbrains/kotlin/com/intellij/util/containers/RefHashMap
instanceKlass java/util/EnumMap
instanceKlass java/util/TreeMap
instanceKlass java/util/IdentityHashMap
instanceKlass java/util/WeakHashMap
instanceKlass java/util/Collections$EmptyMap
instanceKlass sun/util/PreHashedMap
instanceKlass java/util/HashMap
instanceKlass java/util/ImmutableCollections$AbstractImmutableMap
instanceKlass java/util/concurrent/ConcurrentHashMap
ciInstanceKlass java/util/AbstractMap 1 1 198 10 7 12 1 1 1 10 7 12 1 1 1 11 7 12 1 1 1 10 11 12 1 1 11 7 12 1 1 1 11 12 1 1 7 1 11 12 1 10 12 1 1 11 12 1 100 1 10 11 12 1 11 7 1 10 12 1 1 11 12 1 9 12 1 1 7 1 10 12 1 9 12 1 1 100 1 10 11 11 12 1 1 11 12 1 7 1 100 1 11 12 1 8 1 7 1 10 10 12 1 1 8 1 10 12 1 10 12 1 1 10 12 1 1 1 1 1 1 1 1 1 1 1 1 1 1 1 1 1 1 1 1 1 1 1 1 1 1 1 1 1 1 1 1 1 1 1 1 1 1 1 1 7 1 1 1 1 1 1 1 7 1 1 1 1 1 1 1 1 1 100 1 1 1 1 1 1 1 1 1 100 1 100 1 100 1 100 1 100 1 1 1 1 1 1 1 1
ciMethod java/util/concurrent/ConcurrentHashMap remove (Ljava/lang/Object;)Ljava/lang/Object; 702 0 351 0 0
ciMethod java/util/concurrent/ConcurrentHashMap get (Ljava/lang/Object;)Ljava/lang/Object; 514 26 11626 0 672
ciMethod java/util/concurrent/ConcurrentHashMap putIfAbsent (Ljava/lang/Object;Ljava/lang/Object;)Ljava/lang/Object; 1024 0 12899 0 0
ciInstanceKlass java/util/concurrent/ConcurrentMap 1 1 201 11 7 12 1 1 1 10 100 12 1 1 11 12 1 1 11 100 12 1 1 1 11 7 12 1 1 1 11 12 1 1 100 1 11 12 1 11 12 1 100 1 11 100 12 1 1 1 18 12 1 11 12 1 1 11 100 12 1 1 11 12 1 1 11 100 12 1 11 12 1 1 11 12 1 1 7 1 7 1 1 1 1 1 1 1 1 1 1 1 1 1 1 1 1 1 1 1 1 1 1 1 1 1 1 1 1 1 1 1 1 1 1 1 1 1 1 1 1 1 1 1 1 1 1 1 1 1 1 1 1 1 1 1 1 1 1 1 1 16 15 11 12 15 10 100 12 1 1 1 1 1 100 1 100 1 1 1 100 1 8 1 1 12 10 1 8 1 1 1 8 1 8 1 1 8 1 1 1 8 1 1 1 8 1 1 8 1 8 1 1 1 8 1 1 1 8 1 1 8 1
ciInstanceKlass java/util/Collection 1 1 115 11 100 12 1 1 1 100 1 11 7 12 1 1 1 10 100 12 1 1 1 11 12 1 1 11 100 12 1 1 1 11 12 1 1 11 100 12 1 1 1 11 12 1 1 10 100 12 1 1 1 11 12 1 10 7 12 1 1 1 100 1 100 1 1 1 1 1 1 1 1 1 1 1 1 1 1 1 1 1 1 1 1 1 1 1 1 1 1 1 1 1 1 1 1 1 1 1 1 1 1 1 1 1 1 1 1 1 1 1 1 1 1 1 1
ciInstanceKlass jdk/internal/loader/ClassLoaders 1 1 185 10 7 12 1 1 1 10 7 12 1 1 1 10 12 1 1 10 100 12 1 1 1 9 7 12 1 1 1 9 12 1 1 9 12 1 1 7 1 11 100 12 1 1 1 100 1 11 12 1 1 11 12 1 1 10 100 12 1 1 1 10 100 12 1 1 1 100 1 100 1 10 7 12 1 1 1 9 12 1 1 8 1 10 7 12 1 1 1 10 12 1 1 7 1 10 12 1 10 12 1 1 7 1 10 12 1 1 10 12 1 1 10 12 1 7 1 10 12 10 12 1 8 1 10 7 12 1 1 8 1 8 1 10 12 1 7 1 10 10 12 1 10 12 1 1 1 1 1 1 1 1 1 1 1 1 1 1 1 1 1 1 1 1 7 1 1 1 1 1 1 1 1 1 1 1 1 1 1 1 1 1 1 1 1
staticfield jdk/internal/loader/ClassLoaders JLA Ljdk/internal/access/JavaLangAccess; java/lang/System$2
staticfield jdk/internal/loader/ClassLoaders BOOT_LOADER Ljdk/internal/loader/ClassLoaders$BootClassLoader; jdk/internal/loader/ClassLoaders$BootClassLoader
staticfield jdk/internal/loader/ClassLoaders PLATFORM_LOADER Ljdk/internal/loader/ClassLoaders$PlatformClassLoader; jdk/internal/loader/ClassLoaders$PlatformClassLoader
staticfield jdk/internal/loader/ClassLoaders APP_LOADER Ljdk/internal/loader/ClassLoaders$AppClassLoader; jdk/internal/loader/ClassLoaders$AppClassLoader
instanceKlass jdk/internal/loader/ClassLoaders$BootClassLoader
instanceKlass jdk/internal/loader/ClassLoaders$PlatformClassLoader
instanceKlass jdk/internal/loader/ClassLoaders$AppClassLoader
ciInstanceKlass jdk/internal/loader/BuiltinClassLoader 1 1 737 9 7 12 1 1 1 10 7 12 1 1 1 10 7 12 1 1 1 9 12 1 1 9 12 1 1 7 1 10 12 1 9 12 1 10 12 1 9 12 1 10 7 12 1 1 1 10 7 12 1 1 1 10 7 12 1 1 1 11 7 12 1 1 1 7 1 7 1 10 10 12 1 1 8 1 10 12 1 10 12 7 1 10 12 1 10 12 1 1 11 7 12 1 1 1 11 7 12 1 1 1 11 12 1 1 7 1 8 1 8 1 10 9 12 1 1 10 7 12 1 1 11 12 1 1 10 12 1 1 10 12 1 1 10 12 1 1 10 7 12 1 1 1 10 12 1 10 7 12 1 1 1 10 12 1 1 11 7 12 1 1 1 10 100 12 1 1 7 1 10 7 12 1 1 1 10 12 1 100 1 8 1 10 12 1 1 10 8 1 10 12 1 1 10 12 1 1 10 12 1 1 11 7 12 1 1 11 12 1 7 1 10 11 12 1 1 11 10 12 1 1 7 1 10 12 1 10 7 12 1 10 12 1 7 1 10 12 1 10 7 12 1 1 1 100 1 10 12 1 1 11 12 1 100 1 100 1 10 12 1 10 12 1 1 100 1 100 1 10 12 1 10 12 1 18 12 1 1 10 12 1 10 12 1 1 18 100 1 10 7 12 1 1 1 7 1 10 10 12 1 1 10 12 1 1 10 12 1 1 10 12 1 9 12 1 1 100 1 10 10 12 1 1 10 12 1 1 10 12 1 10 12 10 12 1 1 10 12 1 1 10 12 1 1 10 12 1 10 12 1 1 18 12 1 7 1 10 12 1 1 10 12 1 10 12 1 1 10 12 1 100 1 10 12 1 100 1 10 12 1 10 7 12 1 1 1 10 12 1 11 12 1 100 1 10 12 1 7 1 100 1 10 12 1 10 12 1 11 12 1 1 10 12 1 1 10 12 1 1 10 12 1 1 10 12 1 1 10 12 1 10 12 1 10 12 1 10 12 1 8 1 10 12 1 1 10 7 12 1 1 10 12 1 100 1 8 1 8 1 10 10 12 1 8 1 8 1 10 7 12 1 1 1 11 7 12 1 1 1 9 7 12 1 1 1 10 7 12 1 1 1 9 12 1 9 12 1 9 12 1 9 12 1 9 12 1 9 12 1 10 7 12 1 1 1 8 1 10 12 1 7 1 10 12 1 1 10 12 1 7 1 10 11 12 1 1 10 12 10 12 1 10 12 1 100 1 10 12 1 10 12 1 10 10 12 1 10 7 12 1 1 8 1 10 7 12 1 1 10 12 1 1 1 1 1 1 1 1 1 1 1 1 1 1 1 1 1 1 1 1 1 1 1 1 1 1 1 1 1 1 1 1 1 1 1 1 1 1 1 1 1 1 1 1 1 1 1 1 1 1 1 1 1 1 1 1 7 1 1 1 1 1 1 1 1 1 1 1 1 1 1 1 1 1 1 7 1 7 1 1 1 1 1 1 1 1 1 1 1 1 1 1 1 1 1 1 1 1 1 1 1 1 1 1 1 1 1 1 1 1 1 1 1 1 1 1 1 1 1 1 1 1 1 1 1 1 1 1 1 100 1 1 16 15 10 12 16 15 10 12 16 15 10 12 16 1 15 10 100 12 1 1 1 1 1 100 1 1 1 1 1 100 1 100 1 1
staticfield jdk/internal/loader/BuiltinClassLoader packageToModule Ljava/util/Map; java/util/concurrent/ConcurrentHashMap
staticfield jdk/internal/loader/BuiltinClassLoader $assertionsDisabled Z 1
ciInstanceKlass jdk/internal/loader/ClassLoaders$AppClassLoader 1 1 119 8 1 10 7 12 1 1 1 10 7 12 1 1 1 10 7 12 1 1 1 10 12 1 1 10 7 12 1 1 1 10 12 1 1 10 12 1 1 7 1 8 1 10 12 10 7 12 1 1 1 10 7 12 1 1 10 12 1 1 10 12 1 1 10 7 12 1 1 1 7 1 10 12 1 1 1 1 1 1 1 1 1 1 1 1 1 1 1 1 1 1 1 1 1 7 1 1 1 1 1 1 1 1 1 1 1 1 1 1 1 1 1 1 1 7 1 1 1
ciInstanceKlass jdk/internal/loader/ClassLoaders$PlatformClassLoader 1 1 42 8 1 10 7 12 1 1 1 10 7 12 1 1 1 7 1 10 12 1 7 1 1 1 1 1 1 1 1 1 1 1 1 1 1 7 1 1 1 100 1 1
ciInstanceKlass java/lang/ArithmeticException 1 1 26 10 100 12 1 1 1 10 12 1 100 1 1 1 1 5 0 1 1 1 1 1 1 1 1 1
ciInstanceKlass java/lang/ArrayStoreException 1 1 26 10 100 12 1 1 1 10 12 1 100 1 1 1 1 5 0 1 1 1 1 1 1 1 1 1
ciInstanceKlass java/lang/ClassCastException 1 1 26 10 100 12 1 1 1 10 12 1 100 1 1 1 1 5 0 1 1 1 1 1 1 1 1 1
ciInstanceKlass java/lang/ClassNotFoundException 1 1 96 7 1 10 7 12 1 1 1 10 12 1 10 12 1 1 10 100 12 1 1 1 8 1 10 100 12 1 1 1 10 7 12 1 1 10 100 12 1 1 1 10 100 12 1 1 1 10 12 1 1 7 1 10 12 1 9 12 1 1 1 1 1 5 0 1 1 1 1 1 1 1 1 1 1 1 1 1 1 1 1 1 1 100 1 1 1 1 1 1 1 1 1 1 1 1
staticfield java/lang/ClassNotFoundException serialPersistentFields [Ljava/io/ObjectStreamField; 1 [Ljava/io/ObjectStreamField;
instanceKlass org/jetbrains/kotlin/container/UnresolvedServiceException
instanceKlass java/nio/charset/UnsupportedCharsetException
instanceKlass java/nio/charset/IllegalCharsetNameException
instanceKlass java/nio/file/InvalidPathException
instanceKlass java/lang/NumberFormatException
ciInstanceKlass java/lang/IllegalArgumentException 1 1 35 10 100 12 1 1 1 10 12 1 10 12 1 10 12 1 100 1 1 1 1 5 0 1 1 1 1 1 1 1 1 1 1 1 1
ciMethod java/lang/IllegalArgumentException <init> (Ljava/lang/String;)V 0 0 1 0 -1
ciInstanceKlass java/lang/IllegalMonitorStateException 1 1 26 10 100 12 1 1 1 10 12 1 100 1 1 1 1 5 0 1 1 1 1 1 1 1 1 1
ciInstanceKlass java/lang/BootstrapMethodError 0 0 45 10 100 12 1 1 1 10 12 1 10 12 1 10 100 12 1 1 1 10 100 12 1 1 1 1 1 1 5 0 1 1 1 1 1 1 1 1 1 1 1 100 1 1 1
instanceKlass java/lang/IncompatibleClassChangeError
instanceKlass java/lang/UnsatisfiedLinkError
instanceKlass java/lang/BootstrapMethodError
instanceKlass java/lang/NoClassDefFoundError
ciInstanceKlass java/lang/LinkageError 1 1 31 10 7 12 1 1 1 10 12 1 10 12 1 100 1 1 1 1 5 0 1 1 1 1 1 1 1 1 1 1 1
instanceKlass kotlin/KotlinNullPointerException
ciInstanceKlass java/lang/NullPointerException 1 1 52 10 100 12 1 1 1 10 12 1 9 100 12 1 1 1 10 12 1 1 9 12 1 1 10 12 1 1 10 12 1 1 1 1 5 0 1 1 1 1 1 1 1 1 100 1 100 1 100 1 1 1
ciInstanceKlass java/lang/NoClassDefFoundError 0 0 26 10 100 12 1 1 1 10 12 1 100 1 1 1 1 5 0 1 1 1 1 1 1 1 1 1
ciInstanceKlass java/lang/StackOverflowError 1 1 26 10 100 12 1 1 1 10 12 1 100 1 1 1 1 5 0 1 1 1 1 1 1 1 1 1
ciInstanceKlass java/lang/StackTraceElement 0 0 235 10 7 12 1 1 1 10 7 12 1 1 9 12 1 1 9 12 1 1 9 12 1 9 12 1 8 1 10 100 12 1 1 1 7 1 9 12 1 8 1 9 12 1 9 12 1 9 12 1 1 10 12 1 1 10 12 1 8 1 10 100 12 1 1 1 7 1 10 12 1 10 12 1 1 10 12 1 10 12 1 1 10 12 1 10 12 1 10 10 12 1 8 1 10 12 1 10 12 1 1 10 12 1 1 10 12 1 10 12 1 10 12 1 9 12 1 1 10 7 12 1 1 1 10 12 1 1 7 1 10 12 1 1 10 100 12 1 1 10 100 12 1 1 1 10 7 12 1 1 10 100 12 1 1 10 10 12 1 1 10 12 1 1 10 12 1 1 10 12 1 7 1 1 1 1 1 1 1 3 1 3 1 1 5 0 1 1 1 1 1 1 1 1 1 1 1 1 1 1 1 1 1 1 1 1 1 1 1 1 1 1 1 1 1 7 1 7 1 1 1 1 1 1 1 100 1 1 1 1 1 1 1 1 1
instanceKlass java/util/concurrent/locks/AbstractQueuedSynchronizer
ciInstanceKlass java/util/concurrent/locks/AbstractOwnableSynchronizer 1 1 32 10 7 12 1 1 1 9 7 12 1 1 1 100 1 1 1 1 5 0 1 1 1 1 1 1 1 1 1 1 1 1
ciInstanceKlass jdk/internal/vm/Continuation 1 1 549 9 7 12 1 1 1 9 12 1 9 12 1 100 1 7 1 10 12 1 1 8 1 10 12 1 1 10 12 1 10 12 1 1 10 12 1 9 7 12 1 1 1 11 100 12 1 1 1 10 7 1 9 12 1 1 9 12 1 1 10 8 1 10 12 1 9 12 1 1 10 11 12 1 1 100 1 10 100 12 1 1 1 10 12 1 1 10 12 1 10 12 1 1 11 12 1 1 9 12 1 1 10 12 1 1 18 12 1 1 10 7 12 1 1 1 100 1 10 12 1 11 100 12 1 1 1 10 12 1 9 12 1 10 12 1 1 100 1 8 1 10 12 1 10 12 1 1 9 12 1 1 11 12 1 1 9 12 1 1 8 1 10 11 12 1 1 11 12 1 1 10 12 1 1 10 12 1 1 9 12 1 10 12 1 10 10 12 1 8 1 10 12 1 8 1 8 1 10 7 12 1 1 1 10 7 12 1 1 1 10 12 1 9 12 1 11 12 1 7 1 10 12 1 10 12 1 1 9 12 1 1 7 1 10 12 1 1 9 12 1 1 10 12 1 10 12 1 11 7 12 1 1 10 7 1 10 12 1 8 1 9 12 1 10 12 1 1 9 12 1 1 10 7 12 1 1 8 1 8 1 8 1 8 1 10 12 1 1 10 12 1 10 12 1 10 12 1 10 12 1 1 10 12 1 1 8 1 10 12 1 1 9 12 1 1 10 12 1 1 9 12 1 8 1 10 7 12 1 1 1 10 12 1 8 1 100 1 8 1 10 9 12 1 1 8 1 10 7 12 1 1 10 100 12 1 1 8 1 8 1 10 12 10 7 12 1 1 1 10 7 1 10 7 12 1 1 1 18 11 100 12 1 1 1 18 12 1 11 12 1 1 7 1 10 7 12 1 1 10 12 1 1 8 10 12 1 1 10 7 12 1 1 1 10 7 12 1 1 10 12 1 8 1 10 12 1 7 1 7 1 10 12 1 1 1 1 1 1 1 1 1 1 1 1 1 1 1 1 1 1 1 1 1 1 1 1 1 1 1 1 1 1 1 1 1 1 1 1 1 1 1 1 1 1 1 1 1 1 1 1 1 1 1 1 1 1 1 1 1 1 1 1 1 1 1 1 1 1 1 1 1 1 1 1 1 1 1 100 1 1 16 1 15 10 12 16 15 11 7 12 1 1 1 16 1 16 1 15 10 12 16 15 10 100 12 1 1 1 1 1 1 1 1 100 1 100 1 1
staticfield jdk/internal/vm/Continuation U Ljdk/internal/misc/Unsafe; jdk/internal/misc/Unsafe
staticfield jdk/internal/vm/Continuation MOUNTED_OFFSET J 13
staticfield jdk/internal/vm/Continuation PRESERVE_SCOPED_VALUE_CACHE Z 1
staticfield jdk/internal/vm/Continuation JLA Ljdk/internal/access/JavaLangAccess; java/lang/System$2
staticfield jdk/internal/vm/Continuation $assertionsDisabled Z 1
ciInstanceKlass jdk/internal/misc/UnsafeConstants 1 1 34 10 100 12 1 1 1 9 7 12 1 1 1 9 12 1 9 12 1 1 9 12 1 9 12 1 1 1 1 1 1 1 1 1
staticfield jdk/internal/misc/UnsafeConstants ADDRESS_SIZE0 I 8
staticfield jdk/internal/misc/UnsafeConstants PAGE_SIZE I 4096
staticfield jdk/internal/misc/UnsafeConstants BIG_ENDIAN Z 0
staticfield jdk/internal/misc/UnsafeConstants UNALIGNED_ACCESS Z 1
staticfield jdk/internal/misc/UnsafeConstants DATA_CACHE_LINE_FLUSH_SIZE I 0
ciInstanceKlass java/lang/invoke/MethodHandleStatics 1 1 330 10 7 12 1 1 1 9 7 12 1 1 1 9 12 1 1 10 7 12 1 1 1 9 12 1 9 12 1 9 12 1 9 12 1 9 7 12 1 1 1 7 1 10 8 1 10 12 1 1 10 7 12 1 1 1 8 1 10 7 12 1 1 1 10 12 1 1 8 1 8 1 10 12 1 10 100 12 1 1 1 10 7 12 1 1 8 1 10 12 1 1 8 1 8 1 8 1 8 1 10 12 1 1 7 1 10 12 10 12 1 10 12 1 100 1 10 10 12 1 1 100 1 10 10 12 1 7 1 7 1 8 1 8 1 10 12 1 8 1 10 7 12 1 1 1 9 12 1 1 10 7 12 1 1 1 10 12 1 1 9 12 1 1 10 7 12 1 1 1 8 1 10 7 12 1 1 10 7 12 1 1 1 8 1 8 1 8 1 8 1 8 1 10 12 1 10 7 12 1 1 1 9 12 1 8 1 8 1 8 1 8 1 9 12 1 8 1 9 12 1 8 1 8 1 9 12 1 8 1 8 1 9 12 1 8 1 9 12 1 8 1 9 12 1 8 1 9 12 1 8 1 8 1 9 12 1 8 1 8 1 10 12 1 1 8 1 10 12 1 1 1 1 1 1 1 1 1 1 1 1 1 1 1 1 1 1 1 1 1 1 1 7 1 7 1 7 1 1 1 1 1 1 1 1 1 1 1 1 1 1 1 1 1 1 1 1 1 1 1 1 1 1 1 1 1 1 1 1 1
staticfield java/lang/invoke/MethodHandleStatics UNSAFE Ljdk/internal/misc/Unsafe; jdk/internal/misc/Unsafe
staticfield java/lang/invoke/MethodHandleStatics CLASSFILE_VERSION I 67
staticfield java/lang/invoke/MethodHandleStatics DEBUG_METHOD_HANDLE_NAMES Z 0
staticfield java/lang/invoke/MethodHandleStatics TRACE_INTERPRETER Z 0
staticfield java/lang/invoke/MethodHandleStatics TRACE_METHOD_LINKAGE Z 0
staticfield java/lang/invoke/MethodHandleStatics TRACE_RESOLVE Z 0
staticfield java/lang/invoke/MethodHandleStatics COMPILE_THRESHOLD I 0
staticfield java/lang/invoke/MethodHandleStatics LOG_LF_COMPILATION_FAILURE Z 0
staticfield java/lang/invoke/MethodHandleStatics DONT_INLINE_THRESHOLD I 30
staticfield java/lang/invoke/MethodHandleStatics PROFILE_LEVEL I 0
staticfield java/lang/invoke/MethodHandleStatics PROFILE_GWT Z 1
staticfield java/lang/invoke/MethodHandleStatics CUSTOMIZE_THRESHOLD I 127
staticfield java/lang/invoke/MethodHandleStatics VAR_HANDLE_GUARDS Z 1
staticfield java/lang/invoke/MethodHandleStatics MAX_ARITY I 255
staticfield java/lang/invoke/MethodHandleStatics VAR_HANDLE_IDENTITY_ADAPT Z 0
staticfield java/lang/invoke/MethodHandleStatics VAR_HANDLE_SEGMENT_FORCE_EXACT Z 0
staticfield java/lang/invoke/MethodHandleStatics DUMP_CLASS_FILES Ljdk/internal/util/ClassFileDumper; jdk/internal/util/ClassFileDumper
ciInstanceKlass java/lang/Void 1 1 31 10 7 12 1 1 1 8 1 10 7 12 1 1 1 9 7 12 1 1 1 1 1 1 1 1 1 1 1 1 1
staticfield java/lang/Void TYPE Ljava/lang/Class; java/lang/Class
ciInstanceKlass java/lang/invoke/LambdaForm 1 1 1060 7 1 100 1 10 7 12 1 1 1 9 12 1 1 9 12 1 9 12 1 9 12 1 1 9 12 1 1 9 12 1 1 9 12 1 1 9 12 1 1 9 12 1 10 7 12 1 1 9 12 1 10 12 1 1 100 1 10 10 12 1 1 10 12 1 10 12 1 10 12 1 1 10 12 1 9 12 1 9 12 1 10 12 1 1 10 7 12 1 1 1 10 12 1 1 9 100 12 1 1 1 10 12 1 1 9 7 12 1 1 10 12 1 10 12 1 1 10 12 1 1 10 12 1 1 7 1 10 7 12 1 1 1 10 12 1 1 10 12 1 10 12 1 1 9 12 1 1 9 12 1 9 12 1 1 10 12 1 9 12 1 10 100 12 1 1 1 10 12 1 1 7 1 10 12 1 9 12 1 1 10 7 12 1 1 1 10 12 1 10 12 1 7 1 10 12 1 10 12 1 10 12 1 1 10 12 1 1 10 12 1 10 12 1 10 12 1 10 12 1 1 8 1 10 12 1 10 12 1 10 10 12 1 8 1 8 1 9 12 1 9 12 1 1 10 12 1 1 10 12 1 9 12 1 10 12 1 1 10 7 12 1 1 1 10 12 1 1 10 12 1 10 12 1 10 100 12 1 1 1 9 12 1 10 12 1 8 1 8 1 8 1 8 1 8 1 8 1 8 1 8 1 10 12 1 9 12 1 7 1 10 12 1 1 9 12 1 10 12 1 10 12 1 1 10 12 10 12 1 10 12 1 1 10 12 1 1 10 10 12 1 1 10 12 1 1 7 1 8 1 10 12 1 1 10 12 1 10 12 1 1 10 8 1 10 12 1 1 8 1 8 1 8 1 10 12 1 10 12 1 10 12 1 1 100 1 10 12 1 1 10 12 1 1 10 7 12 1 1 1 10 12 1 1 9 12 1 1 8 1 10 100 12 1 1 1 10 7 12 1 1 10 12 10 12 1 1 10 12 1 1 9 12 1 8 10 12 1 1 100 1 10 12 1 1 10 12 1 9 7 12 1 1 9 7 12 1 1 1 8 1 10 100 12 1 1 10 12 1 1 7 1 7 1 10 10 12 1 1 10 12 1 1 8 1 8 1 7 1 8 1 10 12 10 12 1 10 12 1 10 12 1 1 8 1 8 1 10 12 1 10 12 1 1 8 1 8 1 8 1 7 1 8 1 7 1 8 1 7 1 8 1 10 12 1 8 1 9 10 7 12 1 1 1 10 12 1 9 12 1 1 10 12 1 10 10 12 1 10 12 1 10 12 1 10 12 1 1 10 12 1 10 12 1 1 10 12 1 1 10 12 1 1 10 12 1 1 8 1 100 10 12 1 10 12 1 9 12 1 1 10 7 12 1 1 8 1 8 1 7 1 8 1 8 1 8 1 8 1 8 1 8 1 8 1 8 1 10 12 1 1 10 12 1 1 10 12 1 10 12 1 10 12 1 10 12 1 8 1 8 1 8 1 10 12 1 8 1 10 12 1 8 1 8 1 8 1 8 1 8 1 10 12 1 10 12 1 10 12 1 1 10 7 12 1 1 1 10 12 1 10 12 1 10 12 1 10 12 1 10 12 1 10 12 1 10 12 1 9 12 1 1 8 1 10 12 1 1 9 12 1 1 10 12 1 1 9 12 1 9 12 1 1 9 12 1 9 12 1 1 7 1 10 7 12 1 1 1 9 12 1 10 12 1 10 12 1 8 1 10 12 1 9 12 1 1 7 1 10 7 12 1 1 1 8 1 100 1 10 12 1 9 12 1 9 12 1 10 12 1 10 12 1 10 7 12 1 1 1 10 12 1 9 7 12 1 1 10 12 1 1 10 12 1 10 12 1 10 12 1 9 12 10 12 1 10 10 12 1 9 12 1 9 9 12 1 7 9 12 1 1 10 12 1 1 9 12 1 10 12 1 10 7 1 9 1 1 1 1 3 1 3 1 1 3 1 3 1 1 1 1 1 1 1 1 1 1 1 1 1 1 1 1 1 1 1 1 1 1 1 1 1 1 1 1 1 1 1 1 1 1 1 1 1 1 1 1 1 1 1 1 1 1 1 1 1 1 1 100 1 1 1 1 1 1 1 1 1 1 1 1 1 1 1 1 1 1 1 1 1 1 1 1 1 1 1 1 1 1 1 1 1 1 1 1 1 1 1 1 1 1 1 1 1 1 1 1 1 1 1 1 1 1 1 1 1 1 1 1 1 1 1 100 1 1 1 1 1 1 1 1 1 1 1 1 1 1 1 1 1 1 1 1 1 1 1 1 1 1 1 1 1 1 1 1 1 1 7 1 1 1 1 1 1 1 1 1 1 1 1 1 1 1 1 1 1 1 1 1 1 100 1 1 1 100 1 1 7 1 1 1 1 1 1 1 1 1 1 1
staticfield java/lang/invoke/LambdaForm DEFAULT_CUSTOMIZED Ljava/lang/invoke/MethodHandle; null
staticfield java/lang/invoke/LambdaForm DEFAULT_KIND Ljava/lang/invoke/LambdaForm$Kind; java/lang/invoke/LambdaForm$Kind
staticfield java/lang/invoke/LambdaForm COMPILE_THRESHOLD I 0
staticfield java/lang/invoke/LambdaForm INTERNED_ARGUMENTS [[Ljava/lang/invoke/LambdaForm$Name; 5 [[Ljava/lang/invoke/LambdaForm$Name;
staticfield java/lang/invoke/LambdaForm IMPL_NAMES Ljava/lang/invoke/MemberName$Factory; java/lang/invoke/MemberName$Factory
staticfield java/lang/invoke/LambdaForm LF_identity [Ljava/lang/invoke/LambdaForm; 6 [Ljava/lang/invoke/LambdaForm;
staticfield java/lang/invoke/LambdaForm LF_zero [Ljava/lang/invoke/LambdaForm; 6 [Ljava/lang/invoke/LambdaForm;
staticfield java/lang/invoke/LambdaForm NF_identity [Ljava/lang/invoke/LambdaForm$NamedFunction; 6 [Ljava/lang/invoke/LambdaForm$NamedFunction;
staticfield java/lang/invoke/LambdaForm NF_zero [Ljava/lang/invoke/LambdaForm$NamedFunction; 6 [Ljava/lang/invoke/LambdaForm$NamedFunction;
staticfield java/lang/invoke/LambdaForm createFormsLock Ljava/lang/Object; java/lang/Object
staticfield java/lang/invoke/LambdaForm DEBUG_NAME_COUNTERS Ljava/util/HashMap; null
staticfield java/lang/invoke/LambdaForm DEBUG_NAMES Ljava/util/HashMap; null
staticfield java/lang/invoke/LambdaForm TRACE_INTERPRETER Z 0
staticfield java/lang/invoke/LambdaForm $assertionsDisabled Z 1
ciInstanceKlass java/lang/invoke/MethodTypeForm 1 1 275 9 7 12 1 1 1 9 12 1 9 12 1 1 10 7 12 1 1 1 7 1 10 12 1 1 9 12 1 7 1 10 7 12 1 1 10 7 12 1 1 1 10 7 12 1 1 1 10 12 1 1 10 12 1 9 7 12 1 1 1 10 7 12 1 1 10 12 1 1 8 1 10 100 12 1 1 1 9 12 1 1 9 12 1 10 12 1 1 10 12 1 1 9 12 1 1 100 1 10 10 12 1 1 10 12 1 1 10 12 1 10 12 1 1 10 12 1 10 7 12 1 1 10 12 1 1 10 12 1 9 7 1 7 1 10 8 1 10 12 1 1 10 12 1 10 12 1 1 10 12 1 1 1 1 1 1 3 1 3 1 3 1 3 1 1 1 1 1 1 3 1 3 1 3 1 3 1 3 1 3 1 3 1 3 1 3 1 3 1 3 1 3 1 3 1 3 1 3 1 3 1 3 1 3 1 3 1 3 1 3 1 3 1 3 1 1 1 1 1 1 1 1 1 1 1 1 1 1 1 1 1 1 1 1 1 1 1 1 1 1 1 1 1 1 1 1 1 1 1 1 1 1 1 1 1 1 1 1 1 1 1 1 1 1 1 1 1 1 1 1 1 1 1 1
staticfield java/lang/invoke/MethodTypeForm $assertionsDisabled Z 1
ciInstanceKlass java/lang/invoke/MemberName 1 1 728 7 1 7 1 100 1 9 12 1 1 10 7 12 1 1 1 9 12 1 1 10 12 1 1 10 12 1 1 10 12 1 1 10 12 1 10 12 1 1 10 7 12 1 1 1 10 12 1 9 7 12 1 1 10 12 1 7 1 7 1 10 12 1 8 1 10 12 1 1 10 12 1 10 12 1 1 10 12 1 9 12 1 1 8 1 10 100 12 1 1 1 7 1 10 10 12 1 1 100 1 100 1 10 12 1 9 12 1 1 100 1 8 1 10 12 1 10 12 1 10 12 1 10 12 1 10 12 1 1 10 12 1 10 12 1 10 12 1 1 8 1 8 1 10 12 1 8 1 9 12 1 1 3 10 12 1 10 12 1 10 12 1 10 10 7 12 1 1 1 10 12 1 10 12 1 10 12 1 10 12 1 7 1 8 10 12 1 1 10 12 1 1 8 1 9 7 1 8 9 7 1 10 12 1 1 10 12 1 10 12 1 8 1 10 12 1 1 10 12 1 10 12 1 10 12 1 10 12 1 1 7 1 10 12 1 1 10 12 1 8 1 10 12 1 10 12 1 8 1 10 12 1 1 10 12 1 1 7 1 10 12 1 1 10 12 8 1 8 1 7 1 10 12 1 10 100 12 1 1 1 100 1 10 12 10 12 1 10 12 1 10 12 1 10 12 1 10 10 12 1 10 12 1 10 12 1 3 10 12 1 3 10 12 1 3 3 3 3 3 3 10 12 1 3 9 12 1 10 12 1 1 3 10 12 1 10 10 7 12 1 1 1 10 12 1 1 10 7 12 1 1 10 10 12 1 10 12 1 1 10 12 1 10 10 12 1 1 10 12 1 10 12 1 10 12 1 7 1 10 10 10 12 100 1 10 10 10 12 1 1 10 12 1 1 10 10 12 1 8 10 7 1 10 12 1 10 7 1 10 12 1 10 12 1 10 12 1 10 10 12 1 10 12 1 1 10 12 1 1 10 12 1 10 12 1 10 12 1 100 1 10 12 1 1 100 1 8 1 10 7 1 10 12 1 10 12 10 12 1 1 10 12 1 10 12 1 8 1 8 1 8 1 8 1 10 12 1 10 12 1 10 7 12 1 1 1 8 1 8 1 10 12 1 8 1 10 10 10 12 1 10 12 1 8 1 8 1 10 10 12 1 8 1 10 100 12 1 1 1 8 1 100 1 10 12 1 10 12 1 1 10 12 1 8 1 8 1 8 1 8 1 100 1 10 8 1 8 1 8 1 8 1 10 12 1 100 1 100 1 100 1 10 100 1 10 7 1 10 7 12 1 1 1 9 7 12 1 1 1 7 1 7 1 1 1 1 1 1 1 3 1 3 1 3 1 3 1 3 1 3 1 1 1 1 1 1 1 1 3 1 3 1 1 1 1 1 1 1 1 1 1 1 1 1 1 1 1 1 1 1 1 1 1 1 1 1 1 1 1 1 1 1 1 1 1 1 1 1 1 1 1 1 1 1 1 1 1 1 1 1 1 1 1 1 1 1 1 1 1 1 1 1 1 1 1 1 1 1 1 1 1 1 1 1 1 1 1 1 1 1 1 1 1 1 1 1 1 1 1 1 1 1 1 1 1 1 1 1 1 1 7 1 1 1 1 1 1 1 1 1 1 1 1 1 1 1 1
staticfield java/lang/invoke/MemberName $assertionsDisabled Z 1
instanceKlass java/lang/invoke/VarHandleByteArrayAsDoubles$ByteArrayViewVarHandle
instanceKlass java/lang/invoke/VarHandleByteArrayAsLongs$ByteArrayViewVarHandle
instanceKlass java/lang/invoke/VarHandleByteArrayAsFloats$ByteArrayViewVarHandle
instanceKlass java/lang/invoke/VarHandleByteArrayAsInts$ByteArrayViewVarHandle
instanceKlass java/lang/invoke/VarHandleByteArrayAsChars$ByteArrayViewVarHandle
instanceKlass java/lang/invoke/VarHandleByteArrayAsShorts$ByteArrayViewVarHandle
instanceKlass java/lang/invoke/VarHandleReferences$Array
instanceKlass java/lang/invoke/VarHandleInts$FieldInstanceReadOnly
instanceKlass java/lang/invoke/VarHandleReferences$FieldInstanceReadOnly
ciInstanceKlass java/lang/invoke/VarHandle 1 1 474 10 7 12 1 1 1 10 7 12 1 1 9 12 1 1 9 12 1 1 10 12 1 1 8 1 10 12 1 1 10 7 12 1 1 1 10 12 1 1 10 7 12 1 1 1 9 100 12 1 1 1 10 12 1 1 10 7 12 1 1 1 10 12 1 1 9 12 1 10 12 1 9 12 1 1 10 100 12 1 1 10 12 1 9 100 12 1 1 1 9 12 1 1 10 12 1 1 100 1 7 1 10 8 1 10 12 1 1 10 12 1 8 1 10 12 1 10 12 1 9 12 1 1 9 12 1 10 12 1 10 12 1 1 10 12 1 10 10 100 12 1 1 1 10 12 1 1 10 12 1 1 10 7 12 1 1 1 10 100 12 1 1 1 10 100 12 1 1 1 9 12 1 1 9 10 12 1 10 12 1 1 10 12 1 1 10 12 1 10 7 12 1 1 1 9 12 1 1 10 12 1 1 9 12 1 10 12 1 10 12 1 10 7 12 1 1 100 1 10 9 7 12 1 1 1 9 12 1 1 10 7 12 1 1 1 10 12 1 10 12 1 10 12 1 10 12 1 10 12 1 10 12 1 1 8 10 12 1 1 7 1 10 12 1 1 7 1 1 1 1 1 1 1 1 1 1 1 1 1 1 1 1 1 1 1 1 1 1 1 1 1 1 1 1 1 1 1 1 1 1 1 1 1 1 1 1 1 1 1 1 1 1 1 1 1 1 1 1 1 1 1 1 1 1 1 1 1 1 1 1 1 100 1 1 1 1 1 1 1 1 100 1 1 1 1 1 1 1 1 1 1 1 1 100 1 100 1 1 100 1 100 1 100 1 100 1 100 1 100 1 100 1 100 1 100 1 100 1 100 1 100 1 100 1 100 1 100 1 100 1 100 1 100 1 100 1 100 1 100 1 100 1 100 1 100 1 100 1 100 1 100 1 100 1 100 1 100 1 100 1 100 1 100 1 100 1 100 1 100 1 1 1 1 1 1 100 1 1 1 100 1 1 100 1 100 1 100 1 100 1 100 1 100 1 1 1 1 100 1 100 1 100 1 100 1 100 1 100 1 100 1 100 1
staticfield java/lang/invoke/VarHandle VFORM_OFFSET J 16
staticfield java/lang/invoke/VarHandle $assertionsDisabled Z 1
ciInstanceKlass java/lang/Iterable 1 1 62 10 7 12 1 1 1 11 7 12 1 1 1 11 7 12 1 1 1 11 12 1 1 11 7 12 1 1 1 10 100 12 1 1 1 100 1 1 1 1 1 1 1 1 1 1 1 1 1 1 1 1 1 1 1 1 1 1 1 1 1 1
instanceKlass jdk/internal/reflect/DirectMethodHandleAccessor
ciInstanceKlass jdk/internal/reflect/MethodAccessorImpl 1 1 38 10 7 12 1 1 1 10 100 12 1 1 1 100 1 1 1 1 1 1 1 100 1 100 1 1 1 1 1 1 1 1 1 1 1 1 1 1
ciInstanceKlass jdk/internal/reflect/MethodAccessor 1 0 17 100 1 100 1 1 1 1 100 1 100 1 1 1 1 1 1
instanceKlass jdk/internal/reflect/FieldAccessorImpl
instanceKlass jdk/internal/reflect/ConstructorAccessorImpl
instanceKlass jdk/internal/reflect/MethodAccessorImpl
ciInstanceKlass jdk/internal/reflect/MagicAccessorImpl 1 1 16 10 7 12 1 1 1 100 1 1 1 1 1 1 1 1
ciInstanceKlass jdk/internal/reflect/DelegatingClassLoader 0 0 18 10 100 12 1 1 1 100 1 1 1 1 1 1 1 1 1 1
ciInstanceKlass java/util/Objects 1 1 184 10 7 12 1 1 1 100 1 8 1 10 12 1 10 12 1 1 10 7 12 1 1 1 10 12 1 1 10 12 1 10 7 12 1 1 1 10 12 1 1 10 7 12 1 1 1 7 1 10 10 12 1 1 10 7 12 1 1 10 12 1 1 8 1 10 7 12 1 1 1 10 7 12 1 1 1 10 11 100 12 1 1 1 100 1 10 10 12 1 8 1 10 12 1 8 1 100 1 11 12 1 1 8 1 10 7 12 1 1 1 10 12 1 1 10 12 1 10 12 1 10 12 1 10 12 1 1 1 1 1 1 1 1 1 1 1 1 1 1 1 1 1 1 1 1 1 1 1 1 1 1 1 1 1 1 1 1 1 1 1 1 1 1 1 1 1 1 1 1 1 1 1 1 1 1 1 1 1 1 1 1 1 1
ciInstanceKlass jdk/internal/reflect/CallerSensitive 0 0 17 100 1 100 1 100 1 1 1 1 1 1 1 1 1 1 1
ciInstanceKlass jdk/internal/reflect/DirectConstructorHandleAccessor$NativeAccessor 1 1 44 10 7 12 1 1 1 9 7 12 1 1 1 10 12 1 1 1 1 1 1 1 1 1 1 1 1 1 1 1 1 1 100 1 100 1 1 1 1 1 100 1 1 1
ciInstanceKlass jdk/internal/reflect/ConstructorAccessor 1 0 16 100 1 100 1 1 1 1 100 1 100 1 100 1 1 1
instanceKlass jdk/internal/reflect/DirectConstructorHandleAccessor
instanceKlass jdk/internal/reflect/SerializationConstructorAccessorImpl
instanceKlass jdk/internal/reflect/DirectConstructorHandleAccessor$NativeAccessor
ciInstanceKlass jdk/internal/reflect/ConstructorAccessorImpl 1 1 27 10 7 12 1 1 1 100 1 100 1 1 1 1 1 1 1 1 1 100 1 100 1 100 1 1 1
ciInstanceKlass jdk/internal/reflect/SerializationConstructorAccessorImpl 0 0 16 10 100 12 1 1 1 100 1 1 1 1 1 1 1 1
ciInstanceKlass jdk/internal/reflect/ConstantPool 1 1 142 10 7 12 1 1 1 9 7 12 1 1 1 10 12 1 1 10 12 1 1 10 12 1 10 12 1 1 10 12 1 1 10 12 1 10 12 1 1 10 12 1 10 12 1 1 10 12 1 10 12 1 10 12 1 10 12 1 1 10 12 1 1 10 12 1 1 10 12 1 1 10 12 1 10 12 1 1 10 100 12 1 1 1 8 11 7 12 1 1 1 10 7 12 1 1 1 1 1 1 1 1 1 1 1 1 1 1 1 1 1 1 1 1 1 1 1 1 1 1 1 1 1 1 1 1 1 1 1 1 1 1 1 1 1 1 1 1 1 1 1 1
instanceKlass java/lang/invoke/VolatileCallSite
instanceKlass java/lang/invoke/MutableCallSite
instanceKlass java/lang/invoke/ConstantCallSite
ciInstanceKlass java/lang/invoke/CallSite 1 1 308 10 7 12 1 1 1 10 7 12 1 1 1 9 7 12 1 1 1 10 12 1 1 9 12 1 1 10 7 12 1 1 1 10 12 1 7 1 10 12 1 1 10 12 1 1 9 100 12 1 1 1 10 7 12 1 1 10 12 1 1 100 1 7 1 10 10 7 12 1 1 1 10 12 1 1 8 1 10 12 1 10 12 1 1 10 12 1 10 12 1 1 10 12 1 1 10 10 100 12 1 1 10 12 1 1 9 12 1 9 100 12 1 1 1 8 1 10 7 12 1 1 1 10 12 1 1 7 1 10 12 1 1 9 12 1 8 1 100 1 10 12 1 10 12 1 100 1 8 1 10 10 12 1 10 12 1 1 100 1 10 12 1 1 10 12 1 10 12 1 10 12 1 1 10 12 1 1 9 12 1 1 8 10 12 1 1 9 12 1 1 100 1 10 10 12 1 10 7 12 1 1 1 10 12 1 1 10 12 1 1 10 12 1 10 7 12 1 1 1 7 1 8 1 10 10 12 10 12 1 1 7 1 7 1 7 1 8 1 10 12 1 10 7 12 1 1 1 1 1 1 1 1 1 1 1 1 1 1 1 1 1 1 1 1 1 1 1 1 1 1 1 1 1 1 1 1 1 1 1 1 1 1 1 1 1 1 1 1 1 1 1 1 1 1 1 1 1 1 1 1 7 1 7 1 1 1 1
staticfield java/lang/invoke/CallSite $assertionsDisabled Z 1
ciInstanceKlass java/lang/invoke/ConstantCallSite 1 1 65 10 7 12 1 1 1 9 7 12 1 1 1 9 12 1 1 10 7 12 1 1 1 10 12 1 100 1 10 12 9 12 1 1 100 1 10 10 12 1 1 10 12 1 1 1 1 1 1 1 1 1 1 1 1 1 100 1 1 1 1 1 1 1 1
staticfield java/lang/invoke/ConstantCallSite UNSAFE Ljdk/internal/misc/Unsafe; jdk/internal/misc/Unsafe
instanceKlass java/lang/invoke/DirectMethodHandle$StaticAccessor
instanceKlass java/lang/invoke/DirectMethodHandle$Interface
instanceKlass java/lang/invoke/DirectMethodHandle$Special
instanceKlass java/lang/invoke/DirectMethodHandle$Accessor
instanceKlass java/lang/invoke/DirectMethodHandle$Constructor
ciInstanceKlass java/lang/invoke/DirectMethodHandle 1 1 923 7 1 7 1 100 1 7 1 7 1 10 7 12 1 1 1 10 7 12 1 1 1 7 1 10 12 1 10 12 1 1 10 7 12 1 1 10 12 1 1 10 12 1 10 12 1 7 1 10 12 1 1 10 12 1 1 10 12 1 10 12 1 1 10 7 12 1 1 1 10 12 1 9 12 1 1 100 1 10 9 12 1 1 9 12 1 10 12 1 10 12 1 10 12 1 1 10 12 1 10 12 1 10 12 1 10 7 12 1 1 1 10 12 1 10 12 1 1 8 1 10 12 1 1 7 1 10 12 1 7 1 10 10 12 1 10 12 1 10 12 1 10 7 12 1 1 1 10 12 1 1 7 1 10 12 1 10 12 1 7 1 10 12 1 10 12 1 1 10 12 1 1 10 12 8 10 7 12 1 1 1 10 12 1 10 12 1 10 12 1 1 10 12 1 9 7 12 1 1 1 7 1 10 12 1 10 7 12 1 1 1 10 12 1 10 12 1 1 9 12 1 1 7 1 10 8 1 10 12 1 1 10 12 1 1 8 1 10 12 1 10 12 1 10 10 12 1 10 12 1 10 12 1 10 12 1 10 12 1 1 10 12 1 10 12 1 1 10 12 1 10 12 1 1 10 10 7 12 1 1 1 10 12 1 10 12 1 1 10 12 1 10 12 1 1 8 1 9 7 12 1 1 1 8 1 9 12 1 9 12 1 8 1 9 12 1 9 12 1 8 1 9 12 1 9 12 1 8 1 10 12 1 10 12 1 1 9 12 1 1 7 1 10 12 1 1 7 1 10 7 12 1 1 1 10 12 1 1 10 12 1 10 12 1 1 7 1 10 12 1 1 10 12 1 10 12 1 1 7 1 10 12 1 1 10 12 1 10 7 12 1 1 1 10 12 1 10 12 1 1 10 12 1 9 12 1 1 10 7 1 9 12 9 12 1 10 7 12 1 1 1 10 12 1 7 1 7 1 7 1 9 12 1 1 10 7 12 1 1 1 10 12 10 12 1 7 1 10 12 1 10 12 1 1 8 1 9 12 1 9 12 1 10 12 1 1 9 12 1 1 10 100 12 1 1 1 9 12 1 1 9 12 1 1 10 12 1 10 12 1 10 12 1 10 12 1 1 10 12 1 9 12 1 10 12 1 10 12 1 10 12 1 10 12 1 1 10 12 1 1 9 12 1 1 10 12 1 1 9 7 12 1 1 1 9 12 1 9 12 1 9 12 1 9 12 1 9 12 1 9 12 1 9 12 1 9 12 1 9 12 1 9 12 1 9 12 1 9 12 1 9 12 1 9 12 1 9 12 1 9 12 1 9 12 1 9 12 1 9 12 1 9 12 1 9 12 1 9 12 1 9 12 1 9 12 1 9 12 1 9 12 1 9 12 1 9 12 1 9 12 1 9 12 1 9 12 1 9 12 1 9 12 1 9 12 1 9 12 1 9 12 1 8 1 9 12 1 1 9 12 1 1 10 12 1 10 12 1 1 9 7 1 10 12 1 9 12 1 1 10 12 10 12 1 10 12 1 10 12 1 10 12 1 10 8 1 8 1 8 1 8 1 10 12 1 1 9 12 1 1 10 12 1 10 100 12 1 1 1 8 9 12 1 1 10 12 1 1 8 1 8 8 9 12 1 8 1 8 8 8 8 8 1 8 10 12 1 7 1 10 12 1 8 1 8 1 10 12 1 10 12 1 10 12 1 10 12 1 1 7 1 1 1 1 3 1 3 1 3 1 3 1 3 1 3 1 3 1 3 1 3 1 3 1 1 1 1 1 1 1 1 1 1 3 1 3 1 1 1 1 3 1 1 1 1 1 1 1 1 1 1 1 1 1 1 1 1 1 1 1 1 1 1 1 1 1 1 1 1 1 1 1 1 1 1 1 1 1 1 1 1 1 1 1 1 1 1 1 1 1 1 1 1 1 1 1 1 1 1 100 1 1 1 1 1 1 1 1 1 100 1 1 1 1 1 1 1 1 1 1 1 1 1 1 1 1 1 1 1 1 1 1 1 1 1 1 1 1 1 1 1 1 1 1 1 1 1 1 1 1 1 1 1 1 1 1 1 1 1 1 1 1
staticfield java/lang/invoke/DirectMethodHandle IMPL_NAMES Ljava/lang/invoke/MemberName$Factory; java/lang/invoke/MemberName$Factory
staticfield java/lang/invoke/DirectMethodHandle FT_UNCHECKED_REF I 8
staticfield java/lang/invoke/DirectMethodHandle ACCESSOR_FORMS [Ljava/lang/invoke/LambdaForm; 132 [Ljava/lang/invoke/LambdaForm;
staticfield java/lang/invoke/DirectMethodHandle ALL_WRAPPERS [Lsun/invoke/util/Wrapper; 10 [Lsun/invoke/util/Wrapper;
staticfield java/lang/invoke/DirectMethodHandle NFS [Ljava/lang/invoke/LambdaForm$NamedFunction; 12 [Ljava/lang/invoke/LambdaForm$NamedFunction;
staticfield java/lang/invoke/DirectMethodHandle OBJ_OBJ_TYPE Ljava/lang/invoke/MethodType; java/lang/invoke/MethodType
staticfield java/lang/invoke/DirectMethodHandle LONG_OBJ_TYPE Ljava/lang/invoke/MethodType; java/lang/invoke/MethodType
staticfield java/lang/invoke/DirectMethodHandle $assertionsDisabled Z 1
ciInstanceKlass java/lang/invoke/MutableCallSite 0 0 63 10 100 12 1 1 1 10 12 1 9 100 12 1 1 1 10 12 1 10 12 1 1 9 12 1 1 10 100 12 1 1 1 10 100 12 1 1 1 10 12 1 1 1 1 1 1 1 1 1 1 1 1 1 1 1 1 1 1 100 1 1 1
ciInstanceKlass java/lang/invoke/VolatileCallSite 0 0 37 10 100 12 1 1 1 10 12 1 10 100 12 1 1 1 10 12 1 10 12 1 1 1 1 1 1 1 1 1 1 1 1 1 1 1 1
ciInstanceKlass java/lang/invoke/ResolvedMethodName 1 1 25 10 100 12 1 1 1 9 100 12 1 1 1 1 1 1 1 1 1 1 1 1 1 1 1
ciInstanceKlass java/lang/invoke/MethodHandleNatives 1 1 694 100 1 10 7 12 1 1 1 9 7 12 1 1 1 10 12 1 1 100 1 10 10 12 1 1 10 12 1 10 12 1 8 1 8 1 8 1 8 1 8 1 8 1 8 1 8 1 8 1 8 1 10 12 1 1 7 1 10 7 12 1 1 1 10 7 12 1 1 1 7 1 10 10 12 1 1 8 1 10 12 1 8 1 10 12 1 1 8 1 10 12 1 1 9 7 12 1 1 1 8 1 10 100 12 1 1 1 7 1 10 12 100 1 100 1 8 1 7 1 10 10 12 1 7 1 9 7 12 1 1 10 12 1 1 10 12 1 10 7 12 1 1 1 10 12 1 1 9 12 1 8 1 10 12 1 1 10 12 1 8 1 10 12 1 1 7 1 10 12 1 10 7 12 1 1 1 10 12 1 10 12 1 1 10 12 1 1 8 1 10 12 1 1 8 1 10 12 1 8 1 8 1 8 1 7 1 10 12 1 8 1 10 7 12 1 1 1 10 12 1 1 10 7 12 1 1 10 10 12 1 1 10 12 1 10 100 12 1 1 1 100 1 8 1 10 100 12 1 1 1 7 1 8 1 10 12 1 8 1 8 1 8 1 8 1 8 1 10 12 1 1 10 12 1 1 10 12 1 10 12 1 1 10 12 1 1 7 1 10 12 1 7 1 7 1 10 12 1 10 12 1 8 1 8 1 10 10 12 1 1 10 12 1 1 8 1 10 7 12 1 1 8 1 8 1 10 12 1 1 10 7 12 1 1 1 100 1 10 12 1 1 7 1 9 12 1 1 10 7 12 1 1 1 10 10 12 1 9 12 1 10 12 1 9 12 1 9 12 1 10 12 1 1 10 12 1 10 12 1 1 7 1 7 1 10 12 1 1 10 12 1 10 12 1 1 10 7 12 1 1 1 10 12 1 8 1 10 12 1 10 12 1 10 12 1 1 10 12 1 10 7 12 1 1 1 10 12 1 1 100 1 8 1 10 9 7 12 1 1 1 10 12 1 1 10 12 1 1 7 1 10 12 1 1 10 12 1 1 100 1 100 1 10 10 100 1 100 1 10 100 1 10 10 12 1 1 10 7 1 10 12 1 10 12 1 1 10 12 1 1 10 12 1 1 10 12 1 10 12 1 1 10 8 1 10 12 1 10 12 1 10 12 1 10 12 1 10 12 1 1 10 12 1 10 12 1 10 12 1 10 10 7 12 1 1 10 12 1 1 1 1 1 1 1 1 1 1 1 1 1 7 1 1 1 1 1 1 1 1 1 1 1 1 1 1 1 1 1 1 1 1 1 1 1 1 1 1 1 1 1 1 1 1 1 1 1 1 1 1 1 1 1 1 1 1 1 1 1 1 1 1 1 1 1 1 1 1 1 1 1 1 1 1 1 1 1 100 1 1 1 1 1 1 1 1 1 1 1 1 1 1 1 1 1 1 1 1 1 1 1 1 1 1 1 1 1 1 1 1 1 1 1 100 1 1 1 1 1 1 1 1 1 1 1 1 1 1 1 1 1 1 1 1 1 1 1 1 1 1 1 1 7 1 1 1 1 1 1 1 100 1 1 1
staticfield java/lang/invoke/MethodHandleNatives $assertionsDisabled Z 1
ciInstanceKlass java/lang/invoke/MethodHandleNatives$CallSiteContext 1 1 49 10 7 12 1 1 1 7 1 10 10 7 12 1 1 1 10 7 12 1 1 1 10 7 12 1 1 1 100 1 1 1 1 1 1 1 1 1 1 1 1 1 1 1 1 1 100 1 1
ciInstanceKlass jdk/internal/foreign/abi/NativeEntryPoint 0 0 199 10 7 12 1 1 1 9 7 12 1 1 1 9 12 1 1 100 1 8 1 10 12 1 10 12 1 1 100 1 10 100 12 1 1 1 10 12 1 9 12 1 1 18 12 1 1 10 100 12 1 1 1 10 7 12 1 1 1 9 7 12 1 1 1 7 1 10 8 1 10 12 1 1 10 12 1 10 12 1 1 8 1 10 12 1 1 7 1 8 1 10 12 1 10 12 1 1 7 1 8 1 10 10 12 1 9 12 1 1 18 12 1 1 10 100 12 1 1 1 10 12 1 1 10 12 1 10 100 12 1 1 1 10 1 1 1 1 1 1 1 1 1 1 1 1 1 1 1 1 1 1 1 1 1 1 1 1 1 1 1 1 1 1 1 1 1 1 1 1 1 16 1 15 10 12 16 1 16 15 10 12 15 10 100 12 1 1 1 1 1 100 1 1 100 1 100 1 1
ciInstanceKlass jdk/internal/foreign/abi/ABIDescriptor 0 0 55 10 100 12 1 1 1 9 100 12 1 1 1 9 12 1 1 9 12 1 9 12 1 9 12 1 1 9 12 1 9 12 1 1 9 12 1 9 12 1 9 12 1 9 12 1 1 1 1 1 1 1 1 1 1
ciInstanceKlass jdk/internal/foreign/abi/VMStorage 0 0 91 10 7 12 1 1 1 9 7 12 1 1 1 9 12 1 1 9 12 1 1 9 12 1 1 7 1 10 8 1 10 12 1 1 10 12 1 10 12 1 1 10 12 1 18 12 1 18 12 1 1 18 12 1 1 1 1 1 1 1 1 1 1 1 1 1 1 1 1 1 1 1 8 1 15 15 15 15 15 10 100 12 1 1 1 1 100 1 100 1 1
ciInstanceKlass jdk/internal/foreign/abi/UpcallLinker$CallRegs 0 0 66 10 7 12 1 1 1 9 7 12 1 1 1 9 12 1 18 12 1 1 18 12 1 1 18 12 1 1 1 1 1 1 1 1 1 1 1 1 1 1 1 1 1 1 100 1 1 1 8 1 15 15 15 10 100 12 1 1 1 1 1 100 1 100 1 1
instanceKlass java/lang/StackFrameInfo
ciInstanceKlass java/lang/ClassFrameInfo 0 0 126 10 7 12 1 1 1 9 7 12 1 1 1 7 1 3 9 12 1 1 9 12 1 1 7 1 9 12 1 1 3 11 100 12 1 1 1 11 12 1 10 12 1 1 10 12 1 1 10 12 1 100 1 10 10 12 1 1 8 1 8 1 10 12 7 1 10 10 12 1 1 8 1 10 12 1 8 1 10 12 8 1 10 12 1 10 100 12 1 1 1 7 1 1 1 1 1 1 1 1 1 1 1 1 1 1 1 1 1 1 1 1 1 1 1 1 1 1 1 7 1 1 1 1 1 1
ciInstanceKlass java/lang/StackWalker$StackFrame 0 0 41 100 1 10 12 1 1 100 1 100 1 1 1 1 1 1 1 1 1 1 1 1 1 1 1 1 1 1 1 1 1 1 1 1 1 1 1 100 1 1 1
ciInstanceKlass java/lang/StackWalker 0 0 259 9 7 12 1 1 1 10 100 12 1 1 1 100 1 10 100 12 1 1 1 10 12 1 1 11 100 12 1 1 1 10 12 1 1 10 12 1 1 10 12 1 1 100 1 8 1 10 12 1 10 12 1 10 12 1 10 7 12 1 1 9 12 1 1 9 12 1 1 9 12 1 1 9 12 1 1 10 12 1 1 9 12 1 1 9 12 1 1 9 12 1 1 10 7 12 1 1 1 11 12 1 1 100 1 8 1 10 10 7 12 1 1 9 12 1 1 10 12 1 1 10 100 12 1 1 1 10 100 12 1 1 1 18 12 1 1 100 1 8 1 10 8 1 10 12 1 1 10 100 12 1 1 1 10 12 1 1 10 12 1 9 100 12 1 1 11 100 12 1 1 1 10 12 1 1 1 1 1 1 1 1 1 1 1 1 1 1 1 1 1 1 1 1 1 1 1 1 1 1 1 1 1 1 1 1 1 1 1 1 1 1 1 1 1 1 1 1 1 1 1 1 1 1 1 1 1 1 1 1 1 1 7 1 1 16 15 10 12 16 1 15 10 100 12 1 1 1 1 1 1 1 1 1 100 1 100 1 1
instanceKlass java/lang/LiveStackFrameInfo
ciInstanceKlass java/lang/StackFrameInfo 0 0 150 10 100 12 1 1 1 9 100 12 1 1 1 9 12 1 1 11 100 12 1 1 1 10 12 1 1 10 100 12 1 1 1 9 12 1 1 10 12 1 1 9 12 1 1 100 1 10 12 10 12 1 9 12 1 100 1 100 1 10 12 1 1 11 12 1 1 10 12 1 10 12 1 10 12 1 1 9 12 1 1 10 12 1 1 10 100 12 1 1 10 12 1 1 9 12 1 10 100 12 1 1 1 9 12 1 1 10 100 1 10 12 1 9 12 1 1 10 12 1 1 10 12 1 1 1 1 1 1 1 1 1 1 1 1 1 1 1 1 100 1 100 1 1 1 1 1 1 1 1
ciInstanceKlass java/lang/LiveStackFrameInfo 0 0 97 10 7 12 1 1 1 9 7 12 1 1 1 9 12 1 9 12 1 9 12 1 9 12 1 1 7 1 10 12 1 1 10 12 1 8 1 10 12 1 1 8 1 8 1 8 1 10 100 1 10 12 1 100 1 10 12 1 7 1 7 1 1 1 3 1 3 1 1 1 1 1 1 1 1 1 1 1 1 1 1 1 1 1 1 1 1 1 1 1 1 1 1 1 100 1 1
ciInstanceKlass java/lang/LiveStackFrame 0 0 132 100 1 10 100 12 1 1 1 11 7 12 1 1 1 11 12 1 10 7 12 1 1 1 100 1 8 1 10 12 1 1 10 7 12 1 1 1 9 100 12 1 1 1 10 7 12 1 1 1 10 7 12 1 1 1 11 12 1 10 12 1 7 1 7 1 1 1 1 1 1 1 1 1 1 1 1 1 1 1 1 1 1 1 1 1 1 1 1 1 1 1 1 100 1 1 1 1 1 1 1 100 1 8 10 1 1 1 8 1 1 1 8 1 1 1 8 1 1 1 8 1 1 8 1 1 1 8 1 1 8 1
ciInstanceKlass java/lang/StackStreamFactory$AbstractStackWalker 1 0 364 100 1 7 1 3 10 7 12 1 1 1 10 7 12 1 1 10 7 12 1 1 1 9 12 1 1 9 12 1 1 9 12 1 1 9 12 1 9 12 1 10 7 12 1 1 1 10 12 1 1 10 7 12 1 1 9 12 1 1 9 12 1 1 10 12 1 1 9 12 1 1 10 100 12 1 1 1 10 12 1 1 9 12 1 1 9 7 12 1 1 1 7 1 10 8 1 10 12 1 1 10 12 1 8 1 10 12 1 1 10 100 12 1 1 1 100 1 8 1 10 12 1 8 1 10 12 10 100 12 1 1 9 12 1 1 8 1 5 0 8 1 8 1 9 12 1 1 10 12 1 1 18 12 1 1 10 7 12 1 1 1 10 12 1 1 10 12 1 10 12 1 9 100 12 1 1 1 10 12 1 1 9 12 1 10 12 1 10 12 1 10 12 1 10 12 1 10 12 1 10 12 1 1 8 1 10 12 1 10 12 1 10 12 1 10 12 1 1 8 1 10 12 1 1 10 12 1 1 10 12 1 1 10 12 1 10 12 1 10 12 1 9 12 1 8 1 10 12 1 8 1 10 12 1 10 12 1 1 10 12 1 10 12 1 10 12 1 1 10 12 1 10 12 1 10 12 1 10 12 1 10 12 1 10 12 1 1 10 12 1 10 12 1 10 12 1 10 12 1 8 1 1 1 1 1 1 1 1 1 1 1 1 1 7 1 1 1 1 1 1 7 1 1 1 1 7 1 1 1 1 1 1 1 1 1 1 1 1 1 1 1 1 1 1 16 15 15 10 100 12 1 1 1 1 1 1 1 1 100 1 100 1 1
ciInstanceKlass jdk/internal/module/Modules 1 1 507 10 7 12 1 1 1 9 7 12 1 1 1 11 7 12 1 1 1 11 12 1 1 11 12 1 1 11 12 1 1 11 12 1 11 12 1 11 12 1 11 12 1 11 12 1 11 12 1 1 10 7 12 1 1 1 10 100 12 1 1 1 18 12 1 1 10 7 12 1 1 1 7 1 10 7 12 1 1 1 10 100 12 1 1 1 10 100 12 1 1 10 12 1 1 11 12 1 9 12 1 1 11 100 12 1 1 1 10 12 1 1 10 10 12 1 10 9 12 1 1 10 100 12 1 1 10 12 1 1 10 100 12 1 1 100 1 11 100 12 1 1 1 10 100 12 1 1 1 11 100 12 1 1 10 12 1 1 10 100 12 1 1 10 100 12 1 1 1 10 12 1 1 10 12 1 1 11 12 1 1 18 12 1 1 11 100 12 1 1 10 100 12 1 1 1 11 100 12 1 1 1 7 1 11 12 1 1 11 7 12 1 1 1 11 12 1 1 10 12 1 1 10 100 12 1 1 18 12 1 1 11 12 1 1 18 12 1 1 11 12 1 1 10 12 1 18 18 10 12 1 1 9 12 1 1 11 7 12 1 1 1 100 1 10 11 12 1 11 12 1 1 11 12 1 1 10 100 1 10 12 1 1 10 100 12 1 1 10 12 1 1 11 12 10 12 1 1 7 1 10 18 12 1 10 12 1 1 7 1 8 1 10 12 1 10 100 12 1 1 18 12 1 11 11 12 10 12 1 10 10 100 1 18 12 1 10 10 10 7 12 1 1 10 7 12 1 1 1 10 12 1 1 1 1 1 1 1 1 1 1 1 1 1 1 1 1 1 1 1 1 1 1 1 1 1 1 1 1 1 1 1 1 1 100 1 1 1 1 1 1 1 1 1 1 1 1 1 1 1 1 1 1 1 1 1 1 1 1 1 1 1 1 1 1 1 1 1 1 1 7 1 1 1 1 1 1 1 1 1 1 1 1 1 1 1 1 1 1 1 1 1 1 1 16 15 10 12 1 16 16 15 10 12 1 16 1 16 1 15 10 12 1 16 1 16 1 15 10 12 16 1 15 10 16 1 15 10 12 16 1 15 10 12 16 15 10 12 16 15 10 12 15 10 100 12 1 1 1 1 1 1 100 1 100 1 1
staticfield jdk/internal/module/Modules JLA Ljdk/internal/access/JavaLangAccess; java/lang/System$2
staticfield jdk/internal/module/Modules JLMA Ljdk/internal/access/JavaLangModuleAccess; java/lang/module/ModuleDescriptor$1
staticfield jdk/internal/module/Modules $assertionsDisabled Z 1
instanceKlass org/jetbrains/kotlin/com/intellij/util/containers/Stack
instanceKlass org/jetbrains/kotlin/config/MavenComparableVersion$ListItem
ciInstanceKlass java/util/ArrayList 1 1 509 10 7 12 1 1 1 7 1 9 7 12 1 1 1 9 12 1 100 1 7 1 10 8 1 10 12 1 1 10 12 1 10 12 1 1 10 12 1 9 12 1 11 7 12 1 1 1 9 12 1 1 11 12 1 1 7 10 7 12 1 1 1 9 12 1 10 12 1 10 12 1 1 10 7 12 1 1 1 10 7 12 1 1 1 10 12 1 1 10 12 1 1 10 12 1 1 10 12 1 10 12 1 1 100 1 7 1 10 12 1 10 10 7 12 1 1 1 10 7 12 1 1 10 12 1 100 1 10 10 12 10 12 1 1 10 12 1 1 10 12 1 10 12 10 12 1 1 7 1 10 12 1 1 10 12 1 1 10 12 1 100 1 10 11 12 1 1 11 7 12 1 1 1 11 12 1 10 12 1 10 12 1 10 12 1 1 100 1 10 12 1 1 10 10 12 1 1 10 12 1 8 1 8 1 8 1 8 1 10 12 1 1 10 12 1 1 11 12 1 7 1 10 100 12 1 1 10 12 1 10 12 1 1 10 100 12 1 1 10 12 1 10 100 12 1 1 1 11 100 12 1 1 1 10 12 1 100 1 8 1 10 100 1 10 12 1 7 1 10 12 1 10 12 1 1 7 1 10 12 1 10 12 1 1 11 100 12 1 1 7 1 10 12 1 10 12 1 1 11 100 12 1 1 10 12 1 1 10 12 1 1 10 12 1 1 10 12 1 1 11 100 12 1 1 10 12 1 1 7 1 7 1 7 1 1 1 1 5 0 1 3 1 1 1 1 1 1 1 1 1 1 1 1 1 1 1 1 1 1 1 1 1 1 1 1 1 1 1 1 1 1 1 1 1 1 1 1 1 1 1 1 1 1 1 1 1 1 1 1 1 1 1 1 1 1 1 1 1 1 1 1 1 1 1 1 1 1 1 1 1 1 1 1 1 1 1 1 1 1 1 1 1 1 1 1 1 1 1 1 1 1 1 1 1 1 1 1 1 1 1 1 1 1 1 1 100 1 1 1 1 7 1 1 1 1 1 1 1 1 1 1 1 1 1 1 1 1 1 1 1 1 1 1 1 1 1 1 1 1 1 100 1 1 1 1 1 1 1 1 1 1 1 1 1 1 1 1 1 1 100 1 100 1 1 1 1 1 1
staticfield java/util/ArrayList EMPTY_ELEMENTDATA [Ljava/lang/Object; 0 [Ljava/lang/Object;
staticfield java/util/ArrayList DEFAULTCAPACITY_EMPTY_ELEMENTDATA [Ljava/lang/Object; 0 [Ljava/lang/Object;
ciInstanceKlass java/util/SequencedCollection 1 1 104 100 1 10 12 1 1 11 7 12 1 1 1 11 7 12 1 1 1 11 12 1 1 11 12 1 7 1 7 1 1 1 1 1 1 1 1 1 1 1 1 1 1 1 1 1 1 1 1 1 1 1 1 1 1 1 1 1 100 1 8 1 12 10 1 1 8 1 1 1 8 1 1 8 1 1 1 8 1 1 8 1 1 1 8 1 1 8 1 8 1 1 8 1 1 1 8 1 1 8 1 1 8 1
ciInstanceKlass java/util/RandomAccess 1 0 7 100 1 100 1 1 1
instanceKlass org/jetbrains/kotlin/com/google/common/collect/ImmutableCollection
instanceKlass org/jetbrains/kotlin/it/unimi/dsi/fastutil/objects/AbstractObjectCollection
instanceKlass org/jetbrains/kotlin/com/intellij/util/containers/UnsafeWeakList
instanceKlass java/util/AbstractQueue
instanceKlass org/jetbrains/kotlin/it/unimi/dsi/fastutil/objects/AbstractReferenceCollection
instanceKlass org/jetbrains/kotlin/com/google/common/collect/Multimaps$Entries
instanceKlass java/util/IdentityHashMap$Values
instanceKlass org/jetbrains/kotlin/com/google/common/collect/AbstractMapBasedMultimap$WrappedCollection
instanceKlass org/jetbrains/kotlin/com/intellij/util/containers/ImmutableList
instanceKlass java/util/HashMap$Values
instanceKlass java/util/LinkedHashMap$LinkedValues
instanceKlass java/util/ArrayDeque
instanceKlass java/util/AbstractSet
instanceKlass java/util/ImmutableCollections$AbstractImmutableCollection
instanceKlass java/util/AbstractList
ciInstanceKlass java/util/AbstractCollection 1 1 160 10 7 12 1 1 1 10 7 12 1 1 1 10 12 1 1 11 7 12 1 1 1 11 12 1 1 10 12 1 1 10 100 12 1 1 1 10 12 1 1 10 12 1 1 10 7 12 1 1 10 7 12 1 1 1 7 1 10 7 12 1 1 1 10 100 12 1 1 1 100 1 10 11 12 1 11 7 1 10 12 1 10 12 1 10 100 12 1 1 1 11 8 1 7 1 10 10 12 1 1 8 1 10 12 1 10 12 1 1 1 1 1 1 1 1 1 1 1 1 1 1 1 1 1 1 1 1 1 1 1 1 1 1 1 1 1 1 1 1 1 1 1 1 1 1 1 1 1 1 1 1 1 1 1 1 1 1 1 1
instanceKlass java/util/AbstractSequentialList
instanceKlass org/jetbrains/kotlin/protobuf/UnmodifiableLazyStringList
instanceKlass org/jetbrains/kotlin/protobuf/LazyStringArrayList
instanceKlass org/jetbrains/kotlin/com/intellij/util/containers/ContainerUtilRt$EmptyList
instanceKlass org/jetbrains/kotlin/com/intellij/util/containers/DisposableWrapperList
instanceKlass org/jetbrains/kotlin/com/intellij/util/SmartList
instanceKlass java/util/AbstractList$SubList
instanceKlass java/util/Vector
instanceKlass java/util/ArrayList$SubList
instanceKlass java/util/Collections$SingletonList
instanceKlass org/jetbrains/kotlin/utils/SmartList
instanceKlass java/util/Arrays$ArrayList
instanceKlass java/util/Collections$EmptyList
instanceKlass java/util/ArrayList
ciInstanceKlass java/util/AbstractList 1 1 218 10 7 12 1 1 1 9 7 12 1 1 1 10 12 1 1 10 12 1 1 100 1 10 10 12 1 1 11 100 12 1 1 1 11 12 1 1 11 12 1 10 7 12 1 1 1 10 12 1 11 12 1 11 12 1 11 12 1 10 12 1 1 10 12 1 1 11 7 12 1 1 1 11 7 1 11 7 1 10 12 1 100 1 10 12 1 10 12 1 1 7 1 7 1 10 12 1 100 1 10 100 1 7 1 10 8 1 10 12 1 1 10 12 1 10 12 1 1 10 12 1 8 1 100 1 8 1 8 1 8 1 10 7 1 11 10 10 12 1 11 12 1 10 12 1 1 8 1 8 1 1 1 1 1 1 1 1 1 1 1 1 1 1 1 1 1 1 1 1 1 1 1 1 1 1 1 1 1 1 1 1 1 1 1 1 1 1 1 1 1 1 1 1 1 1 1 1 1 1 1 1 1 1 1 1 1 1 100 1 100 1 1 1 1 1 1 1
instanceKlass org/jetbrains/kotlin/protobuf/SmallSortedMap$EntrySet
instanceKlass org/jetbrains/kotlin/com/intellij/openapi/vfs/CompactVirtualFileSet
instanceKlass java/util/LinkedHashMap$LinkedKeySet
instanceKlass java/util/Collections$SingletonSet
instanceKlass java/util/LinkedHashMap$LinkedEntrySet
instanceKlass java/util/TreeMap$EntrySet
instanceKlass kotlin/collections/AbstractMutableSet
instanceKlass java/lang/ProcessEnvironment$CheckedEntrySet
instanceKlass java/util/EnumSet
instanceKlass java/util/TreeMap$KeySet
instanceKlass java/util/TreeSet
instanceKlass jdk/internal/util/ReferencedKeySet
instanceKlass java/util/IdentityHashMap$KeySet
instanceKlass java/util/HashMap$KeySet
instanceKlass java/util/AbstractMap$1
instanceKlass java/util/WeakHashMap$KeySet
instanceKlass java/util/Collections$SetFromMap
instanceKlass java/util/HashSet
instanceKlass java/util/ImmutableCollections$MapN$1
instanceKlass java/util/Collections$EmptySet
instanceKlass java/util/HashMap$EntrySet
ciInstanceKlass java/util/AbstractSet 1 1 96 10 7 12 1 1 1 100 1 100 1 11 12 1 1 10 100 1 10 12 1 1 100 1 100 1 10 12 1 1 11 100 12 1 1 1 11 12 1 1 10 100 12 1 1 10 100 12 1 1 1 11 10 12 1 1 11 12 1 11 12 1 1 1 1 1 1 1 1 1 1 1 1 1 1 1 1 100 1 1 1 1 1 1 1 1 1 1 1 1 1 1 1 1 1 1
ciInstanceKlass java/lang/module/ModuleDescriptor 1 1 516 10 7 12 1 1 1 9 7 12 1 1 1 100 1 10 9 12 1 1 9 12 1 1 9 12 1 11 7 12 1 1 1 9 12 1 1 9 7 12 1 1 1 11 12 1 1 9 12 1 9 12 1 9 12 1 11 12 1 1 18 12 1 1 11 100 12 1 1 1 11 12 1 11 12 1 1 11 12 1 1 9 12 1 9 12 1 9 12 1 9 12 1 9 12 1 9 12 1 9 12 1 9 12 1 1 11 12 1 1 11 7 12 1 1 1 11 12 1 1 10 12 1 9 100 12 1 1 1 10 100 12 1 1 1 10 7 12 1 1 1 10 100 12 1 1 1 10 12 1 7 1 10 10 12 10 12 1 1 8 1 10 12 1 10 10 7 12 1 1 1 10 12 1 1 10 12 1 10 12 1 1 10 7 12 1 1 10 12 1 10 12 1 11 10 100 12 1 1 10 12 1 10 12 1 1 11 10 12 1 10 12 1 8 1 8 1 10 12 1 11 12 1 8 1 8 1 8 1 8 1 8 1 8 1 7 1 10 12 1 100 1 8 1 10 12 1 7 1 10 12 1 11 12 11 12 1 10 12 1 1 100 1 10 100 12 1 1 1 10 100 12 1 1 1 10 12 1 10 12 1 1 8 1 10 12 1 1 18 11 12 1 11 12 1 1 8 1 10 100 12 1 1 1 11 12 1 1 11 7 1 7 1 10 7 1 11 12 11 12 1 1 10 100 12 1 1 1 10 12 1 10 12 1 10 12 1 10 9 100 12 1 1 1 10 12 1 1 10 7 12 1 1 7 1 10 10 7 12 1 1 1 1 1 1 1 1 1 1 1 1 1 1 1 1 1 1 1 1 1 1 1 1 1 1 1 1 1 1 1 1 1 1 1 1 1 1 1 1 1 1 1 1 1 1 1 1 1 1 1 1 1 1 1 1 1 1 1 1 1 100 1 1 1 1 1 1 1 1 1 1 1 1 1 1 1 1 1 1 1 1 1 1 1 1 1 1 1 1 1 1 1 1 1 1 1 1 1 1 1 1 1 1 1 1 1 1 1 1 1 100 1 100 1 100 1 100 1 100 1 100 1 100 1 1 16 15 10 16 1 15 10 12 16 15 10 100 12 1 1 1 1 1 1 1 1 1 1 1 1 1 100 1 100 1 1
staticfield java/lang/module/ModuleDescriptor $assertionsDisabled Z 1
ciInstanceKlass java/lang/annotation/Annotation 1 0 17 100 1 100 1 1 1 1 1 1 1 1 1 1 1 1 1
ciMethod java/util/Map putIfAbsent (Ljava/lang/Object;Ljava/lang/Object;)Ljava/lang/Object; 60 0 30 0 -1
ciInstanceKlass sun/invoke/util/Wrapper 1 1 591 100 1 7 1 9 12 1 1 9 12 1 9 12 1 9 12 1 9 12 1 9 12 1 9 12 1 9 12 1 9 12 1 9 12 1 9 12 1 1 10 7 12 1 1 10 7 12 1 1 1 10 12 1 1 9 12 1 1 9 12 1 9 12 1 1 10 7 12 1 1 9 12 1 1 9 12 1 1 9 12 1 1 9 12 1 9 12 1 9 12 1 9 12 1 9 12 1 1 7 1 10 12 1 10 12 1 1 7 1 10 7 12 1 1 10 12 1 8 1 10 7 12 1 1 1 10 12 1 1 10 100 12 1 1 1 10 12 1 7 1 10 12 1 1 10 12 1 10 12 1 10 12 1 1 10 12 1 9 12 1 1 10 12 1 10 12 1 100 1 10 10 12 1 1 10 12 1 1 10 12 1 1 9 7 12 1 1 1 10 12 1 10 7 12 1 1 10 7 12 1 1 10 7 12 1 1 9 12 1 9 12 1 10 12 1 1 9 12 1 9 9 9 9 9 9 7 1 9 7 1 9 7 1 8 1 10 12 1 1 9 12 1 10 12 1 1 10 12 1 10 12 1 1 10 12 1 1 7 1 10 8 1 8 1 10 7 12 1 1 10 12 1 1 10 12 1 1 7 1 8 1 10 12 1 10 12 1 10 12 1 10 12 1 10 12 1 10 12 1 1 10 12 1 10 12 1 10 12 1 1 10 12 1 1 10 12 1 10 12 1 10 12 1 1 10 7 12 1 1 10 12 1 1 10 12 1 1 10 12 1 10 12 1 1 10 12 1 10 12 1 1 10 12 1 1 10 12 1 8 1 10 10 12 1 10 12 1 100 1 10 10 100 12 1 1 1 10 12 1 10 12 1 1 10 12 1 1 10 12 1 8 8 1 8 1 10 12 1 1 9 7 12 1 1 10 12 1 8 8 1 8 1 10 12 1 9 12 1 8 8 1 8 1 9 12 1 8 8 1 8 1 9 12 1 8 8 1 8 1 9 12 1 8 8 1 8 1 9 12 1 8 8 1 8 1 10 12 1 9 12 1 8 8 1 8 1 9 12 1 8 8 1 10 12 1 9 12 1 8 8 1 8 1 9 12 1 10 12 1 10 12 1 1 1 3 1 1 1 1 1 1 1 1 1 1 1 1 1 1 1 1 1 1 1 1 1 1 1 1 1 1 1 1 1 1 1 1 1 1 1 1 1 1 1 1 1 1 1 1 1 1 1 1 1 1 1 1 1 1 1 1 1 1 1 1 1 1 1 1 1 1 1 1 1 1 1 1 1 1 1 1 1 1 1 1 1 1 1 1 1 1 1 1 1 1 1 1 1 1 1
staticfield sun/invoke/util/Wrapper BOOLEAN Lsun/invoke/util/Wrapper; sun/invoke/util/Wrapper
staticfield sun/invoke/util/Wrapper BYTE Lsun/invoke/util/Wrapper; sun/invoke/util/Wrapper
staticfield sun/invoke/util/Wrapper SHORT Lsun/invoke/util/Wrapper; sun/invoke/util/Wrapper
staticfield sun/invoke/util/Wrapper CHAR Lsun/invoke/util/Wrapper; sun/invoke/util/Wrapper
staticfield sun/invoke/util/Wrapper INT Lsun/invoke/util/Wrapper; sun/invoke/util/Wrapper
staticfield sun/invoke/util/Wrapper LONG Lsun/invoke/util/Wrapper; sun/invoke/util/Wrapper
staticfield sun/invoke/util/Wrapper FLOAT Lsun/invoke/util/Wrapper; sun/invoke/util/Wrapper
staticfield sun/invoke/util/Wrapper DOUBLE Lsun/invoke/util/Wrapper; sun/invoke/util/Wrapper
staticfield sun/invoke/util/Wrapper OBJECT Lsun/invoke/util/Wrapper; sun/invoke/util/Wrapper
staticfield sun/invoke/util/Wrapper VOID Lsun/invoke/util/Wrapper; sun/invoke/util/Wrapper
staticfield sun/invoke/util/Wrapper DOUBLE_ZERO Ljava/lang/Object; java/lang/Double
staticfield sun/invoke/util/Wrapper FLOAT_ZERO Ljava/lang/Object; java/lang/Float
staticfield sun/invoke/util/Wrapper FROM_CHAR [Lsun/invoke/util/Wrapper; 16 [Lsun/invoke/util/Wrapper;
staticfield sun/invoke/util/Wrapper $VALUES [Lsun/invoke/util/Wrapper; 10 [Lsun/invoke/util/Wrapper;
staticfield sun/invoke/util/Wrapper $assertionsDisabled Z 1
ciMethod sun/invoke/util/Wrapper forPrimitiveType (Ljava/lang/Class;)Lsun/invoke/util/Wrapper; 38 0 1170 0 0
ciMethod sun/invoke/util/Wrapper newIllegalArgumentException (Ljava/lang/String;)Ljava/lang/RuntimeException; 0 0 1 0 -1
ciMethod sun/invoke/util/Wrapper isSubwordOrInt ()Z 290 0 522 0 0
ciMethod sun/invoke/util/Wrapper asPrimitiveType (Ljava/lang/Class;)Ljava/lang/Class; 0 0 1 0 -1
ciMethod sun/invoke/util/Wrapper asWrapperType (Ljava/lang/Class;)Ljava/lang/Class; 0 0 1 0 -1
ciMethod sun/invoke/util/Wrapper isDoubleWord ()Z 562 0 354 0 0
ciMethod sun/invoke/util/Wrapper isNumeric ()Z 290 0 524 0 -1
ciMethod sun/invoke/util/Wrapper isIntegral ()Z 290 0 522 0 -1
ciMethod sun/invoke/util/Wrapper isSingleWord ()Z 236 0 404 0 -1
ciInstanceKlass jdk/internal/util/ReferencedKeySet 1 1 123 10 7 12 1 1 1 10 7 12 1 1 1 9 7 12 1 1 1 10 12 1 1 10 12 1 10 12 1 10 12 1 10 12 1 1 11 100 12 1 1 1 10 12 1 1 10 12 1 1 10 12 1 1 10 12 1 1 10 12 1 1 10 12 1 10 12 1 7 1 11 12 1 10 12 1 1 10 12 1 1 1 1 1 1 1 1 1 1 1 1 1 1 1 1 1 1 1 1 1 1 1 1 1 1 1 1 1 1 1 1 1 100 1 1 1 1 1 1 1 1 1 1
ciMethod jdk/internal/util/ReferencedKeySet get (Ljava/lang/Object;)Ljava/lang/Object; 548 0 6805 0 0
ciMethod jdk/internal/util/ReferencedKeySet intern (Ljava/lang/Object;)Ljava/lang/Object; 312 0 1302 0 0
ciInstanceKlass jdk/internal/ref/CleanerImpl$PhantomCleanableRef 1 1 51 10 7 12 1 1 1 9 7 12 1 1 1 10 12 1 11 7 12 1 1 100 1 8 1 10 12 1 8 1 1 1 1 1 1 1 1 1 1 1 1 1 1 1 1 1 1 100 1 1 1
instanceKlass java/util/concurrent/ConcurrentHashMap$ForwardingNode
instanceKlass java/util/concurrent/ConcurrentHashMap$ReservationNode
ciInstanceKlass java/util/concurrent/ConcurrentHashMap$Node 1 1 97 10 7 12 1 1 1 9 7 12 1 1 1 9 12 1 1 9 12 1 10 12 1 9 12 1 1 10 12 1 1 10 100 12 1 1 1 100 1 10 100 1 11 12 1 1 11 12 1 10 12 1 1 1 1 1 1 1 1 1 1 1 1 1 1 1 1 1 1 1 1 1 1 1 1 1 1 1 1 1 1 1 1 1 1 1 1 1 1 1 100 1 1 1 100 1 1
ciMethod java/util/concurrent/ConcurrentHashMap$Node find (ILjava/lang/Object;)Ljava/util/concurrent/ConcurrentHashMap$Node; 0 0 1 0 -1
ciMethod java/util/concurrent/ConcurrentHashMap$Node <init> (ILjava/lang/Object;Ljava/lang/Object;)V 990 0 6175 0 -1
ciInstanceKlass java/util/concurrent/ConcurrentHashMap$ReservationNode 1 1 34 100 1 10 7 12 1 1 1 100 1 1 1 1 1 1 1 1 1 1 1 1 1 1 1 1 1 1 1 1 1 1 1 1
instanceKlass jdk/internal/loader/NativeLibraries$CountedLock
instanceKlass java/util/concurrent/ConcurrentHashMap$Segment
ciInstanceKlass java/util/concurrent/locks/ReentrantLock 1 1 177 10 7 12 1 1 1 7 1 10 9 7 12 1 1 1 100 1 10 10 7 12 1 1 10 12 1 10 12 1 1 10 7 12 1 1 1 10 12 1 1 10 12 1 1 10 12 1 1 10 12 1 1 10 12 1 10 12 1 10 12 1 1 10 12 1 10 12 1 1 10 12 1 10 12 1 1 100 1 10 100 1 100 1 8 1 10 12 1 10 12 1 1 10 12 1 1 10 12 1 1 7 1 10 10 12 1 1 10 12 1 1 8 1 8 1 10 7 12 1 1 8 1 10 7 1 7 1 1 1 1 5 0 1 1 1 1 1 1 1 1 1 1 100 1 1 1 1 1 1 1 1 1 1 1 1 1 1 1 1 1 1 1 1 1 7 1 1 1 1 1 1 1 1 100 1 1
ciMethod java/util/concurrent/locks/ReentrantLock lock ()V 12 0 10795 0 -1
ciMethod java/util/concurrent/locks/ReentrantLock unlock ()V 10 0 10799 0 -1
ciInstanceKlass java/util/concurrent/ConcurrentHashMap$ForwardingNode 1 1 71 100 1 10 7 12 1 1 1 9 7 12 1 1 1 10 12 1 1 9 12 1 1 9 12 1 1 10 100 12 1 1 1 10 12 1 1 9 12 1 1 1 1 1 1 1 1 1 1 1 1 1 1 1 1 1 1 1 1 1 1 1 100 1 1 1 1 1 1 1 1
ciInstanceKlass java/lang/ref/NativeReferenceQueue$Lock 1 1 21 10 7 12 1 1 1 100 1 1 1 1 1 1 1 1 1 7 1 1 1
ciInstanceKlass java/lang/ref/ReferenceQueue$Null 1 1 29 10 7 12 1 1 1 100 1 1 1 1 1 1 1 1 1 1 1 1 1 1 1 1 1 1 1 1 1
ciMethod java/lang/ref/ReferenceQueue poll ()Ljava/lang/ref/Reference; 512 0 5380 0 112
ciInstanceKlass jdk/internal/loader/ClassLoaderValue 1 1 44 10 7 12 1 1 1 10 100 12 1 1 1 10 100 12 1 1 1 10 100 12 1 1 1 1 1 1 1 1 1 1 1 1 1 1 1 1 1 1 1 1 1 1
ciInstanceKlass jdk/internal/util/ReferencedKeyMap 1 1 364 7 1 10 12 1 1 10 7 1 9 7 12 1 1 1 9 12 1 1 9 12 1 1 10 12 1 1 11 7 12 1 1 1 7 1 10 7 12 1 1 1 11 7 12 1 1 1 7 1 10 10 12 1 7 1 10 12 1 7 1 10 7 1 10 12 1 10 12 1 11 12 1 1 11 12 1 1 8 1 10 7 12 1 1 1 10 12 1 1 11 12 1 1 8 1 11 12 1 10 12 1 1 11 12 10 12 1 11 12 1 1 11 7 12 1 1 11 12 1 11 12 1 1 11 100 12 1 1 1 11 7 12 1 1 11 12 1 100 1 11 12 1 11 12 1 10 11 12 1 11 12 1 11 12 1 1 18 12 1 1 11 100 12 1 1 18 12 1 1 11 12 1 1 10 12 1 10 100 12 1 1 1 11 12 1 1 11 12 1 1 18 12 1 11 12 1 11 12 1 11 12 1 1 11 12 18 8 1 8 1 8 1 10 12 1 1 7 1 10 12 1 1 10 12 1 1 10 12 1 11 7 12 1 10 11 7 1 10 10 12 1 1 8 1 10 12 1 10 12 1 1 100 1 10 12 1 1 1 1 1 1 1 1 1 1 1 1 1 1 1 1 1 1 1 1 1 1 1 1 1 1 1 1 1 1 1 1 1 1 1 1 1 1 1 1 1 1 1 1 1 1 1 1 1 1 1 1 1 1 1 1 1 1 1 1 1 1 1 1 1 1 1 1 1 1 1 1 1 1 16 15 16 1 16 15 10 12 1 15 10 12 16 15 10 12 16 15 10 100 12 1 1 1 1 1 7 1 1 100 1 100 1 1
ciMethod jdk/internal/util/ReferencedKeyMap get (Ljava/lang/Object;)Ljava/lang/Object; 530 0 8111 0 0
ciMethod jdk/internal/util/ReferencedKeyMap intern (Ljdk/internal/util/ReferencedKeyMap;Ljava/lang/Object;)Ljava/lang/Object; 312 0 1309 0 0
ciMethod jdk/internal/util/ReferencedKeyMap removeStaleReferences ()V 518 0 9150 0 1424
ciMethod jdk/internal/util/ReferencedKeyMap lookupKey (Ljava/lang/Object;)Ljdk/internal/util/ReferenceKey; 524 0 9415 0 0
ciMethod jdk/internal/util/ReferencedKeyMap getNoCheckStale (Ljava/lang/Object;)Ljava/lang/Object; 530 0 8111 0 0
ciMethod jdk/internal/util/ReferencedKeyMap entryKey (Ljava/lang/Object;)Ljdk/internal/util/ReferenceKey; 540 0 1316 0 0
ciMethod jdk/internal/util/ReferencedKeyMap existingKey (Ljdk/internal/util/ReferencedKeyMap;Ljava/lang/Object;)Ljava/lang/Object; 314 0 1311 0 0
ciMethod jdk/internal/util/ReferencedKeyMap internKey (Ljdk/internal/util/ReferencedKeyMap;Ljava/lang/Object;)Ljava/lang/Object; 314 0 1310 0 0
ciInstanceKlass jdk/internal/util/ReferenceKey 1 0 21 100 1 100 1 1 1 1 1 1 1 1 1 1 1 100 1 100 1 100 1
ciMethod jdk/internal/util/ReferenceKey get ()Ljava/lang/Object; 0 0 1 0 -1
ciMethod jdk/internal/util/ReferenceKey unused ()V 0 0 1 0 -1
ciInstanceKlass jdk/internal/util/StrongReferenceKey 1 1 82 10 7 12 1 1 1 9 7 12 1 1 1 7 1 11 12 1 1 10 10 7 12 1 1 1 10 12 1 1 7 1 10 10 12 1 1 10 7 12 1 1 1 10 12 1 1 8 1 10 7 12 1 1 1 10 12 1 10 12 1 1 1 1 1 1 1 1 1 1 1 1 1 1 1 1 1 1 1 1 1 1
ciMethod jdk/internal/util/StrongReferenceKey equals (Ljava/lang/Object;)Z 522 0 5103 0 0
ciMethod jdk/internal/util/StrongReferenceKey hashCode ()I 776 0 5536 0 200
ciMethod jdk/internal/util/StrongReferenceKey <init> (Ljava/lang/Object;)V 524 0 9415 0 0
ciMethod jdk/internal/util/StrongReferenceKey get ()Ljava/lang/Object; 256 0 128 0 0
ciInstanceKlass jdk/internal/util/WeakReferenceKey 1 1 92 10 7 12 1 1 1 10 7 12 1 1 1 9 7 12 1 1 1 10 12 1 1 7 1 11 12 1 1 10 10 12 1 1 7 1 10 12 10 7 12 1 1 1 10 7 12 1 1 1 10 12 1 1 8 1 10 7 12 1 1 10 12 1 10 12 1 1 1 1 1 1 1 1 1 1 1 1 1 1 1 1 1 1 1 1 1 1 1 1 1 1
ciMethod jdk/internal/util/WeakReferenceKey <init> (Ljava/lang/Object;Ljava/lang/ref/ReferenceQueue;)V 536 0 1314 0 0
ciInstanceKlass jdk/internal/util/SoftReferenceKey 1 1 92 10 7 12 1 1 1 10 7 12 1 1 1 9 7 12 1 1 1 10 12 1 1 7 1 11 12 1 1 10 10 12 1 1 7 1 10 12 10 7 12 1 1 1 10 7 12 1 1 1 10 12 1 1 8 1 10 7 12 1 1 10 12 1 10 12 1 1 1 1 1 1 1 1 1 1 1 1 1 1 1 1 1 1 1 1 1 1 1 1 1 1
ciMethod jdk/internal/util/SoftReferenceKey <init> (Ljava/lang/Object;Ljava/lang/ref/ReferenceQueue;)V 4 0 2 0 -1
ciMethod java/util/Objects requireNonNull (Ljava/lang/Object;)Ljava/lang/Object; 990 0 33726 0 -1
ciMethod java/util/Objects requireNonNull (Ljava/lang/Object;Ljava/lang/String;)Ljava/lang/Object; 514 0 56771 0 -1
ciMethod java/util/Objects hashCode (Ljava/lang/Object;)I 404 0 12149 0 192
ciMethod java/util/Objects equals (Ljava/lang/Object;Ljava/lang/Object;)Z 632 0 21246 0 152
ciMethod java/lang/invoke/MethodTypeForm canonicalizeAll ([Ljava/lang/Class;I)[Ljava/lang/Class; 540 1672 1313 0 0
ciMethod java/lang/invoke/MethodTypeForm canonicalize (Ljava/lang/invoke/MethodType;I)Ljava/lang/invoke/MethodType; 312 0 1302 0 0
ciMethod java/lang/invoke/MethodTypeForm canonicalize (Ljava/lang/Class;I)Ljava/lang/Class; 520 0 7122 0 168
ciMethod java/lang/invoke/MethodTypeForm findForm (Ljava/lang/invoke/MethodType;)Ljava/lang/invoke/MethodTypeForm; 312 0 1302 0 0
ciMethod java/lang/invoke/MethodTypeForm <init> (Ljava/lang/invoke/MethodType;)V 82 392 286 0 0
ciMethod java/lang/invoke/MethodHandleStatics newIllegalArgumentException (Ljava/lang/String;)Ljava/lang/RuntimeException; 0 0 1 0 0
ciMethod java/util/concurrent/ConcurrentHashMap setTabAt ([Ljava/util/concurrent/ConcurrentHashMap$Node;ILjava/util/concurrent/ConcurrentHashMap$Node;)V 580 0 5613 0 -1
ciMethod java/util/concurrent/ConcurrentHashMap replaceNode (Ljava/lang/Object;Ljava/lang/Object;Ljava/lang/Object;)Ljava/lang/Object; 1074 332 394 0 0
ciMethod java/util/concurrent/ConcurrentHashMap addCount (JI)V 1024 0 5005 0 -1
ciMethod java/util/concurrent/ConcurrentHashMap treeifyBin ([Ljava/util/concurrent/ConcurrentHashMap$Node;I)V 0 0 1 0 -1
ciMethod java/util/concurrent/ConcurrentHashMap helpTransfer ([Ljava/util/concurrent/ConcurrentHashMap$Node;Ljava/util/concurrent/ConcurrentHashMap$Node;)[Ljava/util/concurrent/ConcurrentHashMap$Node; 0 0 1 0 -1
ciMethod java/util/concurrent/ConcurrentHashMap casTabAt ([Ljava/util/concurrent/ConcurrentHashMap$Node;ILjava/util/concurrent/ConcurrentHashMap$Node;Ljava/util/concurrent/ConcurrentHashMap$Node;)Z 934 0 1553 0 -1
ciMethod java/util/concurrent/ConcurrentHashMap initTable ()[Ljava/util/concurrent/ConcurrentHashMap$Node; 18 0 75 0 -1
ciMethod java/util/concurrent/ConcurrentHashMap putVal (Ljava/lang/Object;Ljava/lang/Object;Z)Ljava/lang/Object; 774 20 5637 0 -1
ciMethod java/util/concurrent/ConcurrentHashMap tabAt ([Ljava/util/concurrent/ConcurrentHashMap$Node;I)Ljava/util/concurrent/ConcurrentHashMap$Node; 514 0 5778 0 88
ciMethod java/util/concurrent/ConcurrentHashMap spread (I)I 682 0 21002 0 96
ciMethod java/lang/invoke/MethodType checkPtypes ([Ljava/lang/Class;)I 516 1362 4637 0 0
ciMethod java/lang/invoke/MethodType makeImpl (Ljava/lang/Class;[Ljava/lang/Class;Z)Ljava/lang/invoke/MethodType; 548 0 6805 0 0
ciMethod java/lang/invoke/MethodType isAllObject ([Ljava/lang/Class;I)Z 232 440 1370 0 0
ciMethod java/lang/invoke/MethodType checkSlotCount (I)V 514 0 12365 0 0
ciMethod java/lang/invoke/MethodType ptypes ()[Ljava/lang/Class; 268 0 134 0 0
ciMethod java/lang/invoke/MethodType genericMethodType (IZ)Ljava/lang/invoke/MethodType; 272 0 4232 0 0
ciMethod java/lang/invoke/MethodType methodType (Ljava/lang/Class;[Ljava/lang/Class;Z)Ljava/lang/invoke/MethodType; 518 0 3450 0 0
ciMethod java/lang/invoke/MethodType form ()Ljava/lang/invoke/MethodTypeForm; 262 0 131 0 0
ciMethod java/lang/invoke/MethodType <init> (Ljava/lang/Class;[Ljava/lang/Class;)V 548 0 6873 0 0
ciMethod java/lang/invoke/MethodType returnType ()Ljava/lang/Class; 262 0 131 0 0
ciMethod java/lang/RuntimeException <init> (Ljava/lang/String;)V 0 0 1 0 -1
ciMethod java/lang/ref/ReferenceQueue headIsNull ()Z 520 0 11836 0 0
ciMethod java/lang/ref/ReferenceQueue poll0 ()Ljava/lang/ref/Reference; 370 0 456 0 0
ciMethod java/util/Arrays fill ([Ljava/lang/Object;Ljava/lang/Object;)V 30 216 321 0 0
ciMethod java/util/Arrays copyOf ([Ljava/lang/Object;I)[Ljava/lang/Object; 116 0 3398 0 0
ciMethod java/util/Arrays copyOf ([Ljava/lang/Object;ILjava/lang/Class;)[Ljava/lang/Object; 258 0 6766 0 -1
ciMethod jdk/internal/misc/Unsafe getReferenceAcquire (Ljava/lang/Object;J)Ljava/lang/Object; 572 0 5778 0 -1
ciMethod jdk/internal/misc/VM addFinalRefCount (I)V 0 0 1 0 -1
ciMethod java/lang/Exception <init> (Ljava/lang/String;)V 0 0 1 0 -1
ciMethod java/lang/Throwable <init> (Ljava/lang/String;)V 156 0 64 0 -1
ciMethod java/lang/StringBuilder append (I)Ljava/lang/StringBuilder; 6 0 1280 0 -1
ciMethod java/lang/StringBuilder append (Ljava/lang/String;)Ljava/lang/StringBuilder; 10 0 48931 0 -1
ciMethod java/lang/StringBuilder append (Ljava/lang/Object;)Ljava/lang/StringBuilder; 14 0 178 0 -1
ciMethod java/lang/StringBuilder <init> ()V 8 0 16276 0 -1
ciMethod java/util/Map get (Ljava/lang/Object;)Ljava/lang/Object; 0 0 1 0 -1
ciMethod java/util/Map remove (Ljava/lang/Object;)Ljava/lang/Object; 0 0 1 0 -1
ciMethod java/lang/Object getClass ()Ljava/lang/Class; 256 0 128 0 -1
ciMethod java/lang/Object <init> ()V 1024 0 350930 0 80
instanceKlass org/jetbrains/kotlin/descriptors/InvalidModuleException
ciInstanceKlass java/lang/IllegalStateException 0 0 35 10 100 12 1 1 1 10 12 1 10 12 1 10 12 1 100 1 1 1 1 5 0 1 1 1 1 1 1 1 1 1 1 1 1
ciInstanceKlass java/lang/AssertionError 0 0 79 10 100 12 1 1 1 10 12 1 10 100 12 1 1 1 10 100 1 100 1 10 12 1 1 10 12 1 10 12 1 10 12 1 10 12 1 10 12 1 10 12 1 10 12 1 1 1 1 5 0 1 1 1 1 1 1 1 1 1 1 100 1 1 1 1 1 1 1 1 1 1 1 1 1 1 1 1 1
ciMethodData java/lang/Object <init> ()V 2 350418 orig 80 0 0 0 0 0 0 0 0 0 0 0 0 0 0 0 0 0 0 0 0 0 0 0 0 0 0 0 0 0 0 0 0 0 0 0 0 0 0 0 0 0 0 0 0 0 0 0 0 0 0 0 0 0 0 0 0 0 0 0 0 0 0 0 0 0 0 0 0 0 0 0 0 0 0 0 0 0 0 0 0 data 4 0x0 0x9 0x1 0x0 oops 0 methods 0
ciMethodData java/lang/IllegalArgumentException <init> (Ljava/lang/String;)V 1 0 orig 80 0 0 0 0 0 0 0 0 0 0 0 0 147 1 0 0 0 0 0 0 0 0 0 0 0 0 0 0 0 0 0 0 0 0 0 0 0 0 0 0 0 0 0 0 0 0 0 0 0 0 0 0 0 0 0 0 0 0 0 0 0 0 0 0 0 0 0 0 0 0 0 0 0 0 0 0 0 0 0 0 data 8 0x20002 0x0 0x0 0x0 0x9 0x2 0x1c 0x0 oops 0 methods 0
ciMethodData java/util/Objects equals (Ljava/lang/Object;Ljava/lang/Object;)Z 2 20930 orig 80 0 0 0 0 0 0 0 0 0 0 0 0 0 0 0 0 0 0 0 0 0 0 0 0 0 0 0 0 0 0 0 0 0 0 0 0 0 0 0 0 0 0 0 0 0 0 0 0 0 0 0 0 0 0 0 0 0 0 0 0 0 0 0 0 0 0 0 0 0 0 0 0 0 0 0 0 0 0 0 0 data 31 0x20007 0x2d65 0x90 0x245d 0x60007 0x0 0x88 0x245d 0xb0005 0x2262 0x193c5011ce8 0x14f 0x193c71495b8 0xac 0xe0007 0x143 0x38 0x231a 0x120003 0x507f 0x18 0x0 0x0 0x0 0x0 0x0 0x0 0x9 0x2 0x0 0x0 oops 2 10 java/lang/String 12 java/lang/module/ModuleDescriptor methods 0
ciMethodData java/util/Objects requireNonNull (Ljava/lang/Object;)Ljava/lang/Object; 2 33232 orig 80 0 0 0 0 0 0 0 0 0 0 0 0 0 0 0 0 0 0 0 0 0 0 0 0 0 0 0 0 0 0 0 0 0 0 0 0 0 0 0 0 0 0 0 0 0 0 0 0 0 0 0 0 0 0 0 0 0 0 0 0 0 0 0 0 0 0 0 0 0 0 0 0 0 0 0 0 0 0 0 0 data 15 0x10007 0x81d0 0x30 0x0 0x80002 0x0 0x0 0x0 0x0 0x0 0x0 0x0 0x9 0x1 0x0 oops 0 methods 0
ciMethodData java/util/concurrent/ConcurrentHashMap tabAt ([Ljava/util/concurrent/ConcurrentHashMap$Node;I)Ljava/util/concurrent/ConcurrentHashMap$Node; 2 5521 orig 80 0 0 0 0 0 0 0 0 0 0 0 0 0 0 0 0 0 0 0 0 0 0 0 0 0 0 0 0 0 0 0 0 0 0 0 0 0 0 0 0 0 0 0 0 0 0 0 0 0 0 0 0 0 0 0 0 0 0 0 0 0 0 0 0 0 0 0 0 0 0 0 0 0 0 0 0 0 0 0 0 data 25 0xf000b 0x1591 0x0 0x0 0x0 0x0 0x2 0x1 0x193c50a7aa0 0x120104 0x0 0x193c50a79f0 0xa51 0x193c72f7850 0x370 0x0 0x0 0x0 0x0 0x0 0x0 0x9 0x2 0xffffffffffffffff 0x0 oops 3 8 [Ljava/util/concurrent/ConcurrentHashMap$Node; 11 java/util/concurrent/ConcurrentHashMap$Node 13 java/util/concurrent/ConcurrentHashMap$ForwardingNode methods 0
ciMethodData java/util/concurrent/ConcurrentHashMap spread (I)I 2 20661 orig 80 0 0 0 0 0 0 0 0 0 0 0 0 0 0 0 0 0 0 0 0 0 0 0 0 0 0 0 0 0 0 0 0 0 0 0 0 0 0 0 0 0 0 0 0 0 0 0 0 0 0 0 0 0 0 0 0 0 0 0 0 0 0 0 0 0 0 0 0 0 0 0 0 0 0 0 0 0 0 0 0 data 5 0x0 0x0 0x9 0x1 0x0 oops 0 methods 0
ciMethodData java/util/concurrent/ConcurrentHashMap putVal (Ljava/lang/Object;Ljava/lang/Object;Z)Ljava/lang/Object; 2 5250 orig 80 0 0 0 0 0 0 0 0 0 0 0 0 0 0 0 0 0 0 0 0 0 0 0 0 0 0 0 0 0 0 0 0 0 0 0 0 0 0 0 0 0 0 0 0 0 0 0 0 0 0 0 0 0 0 0 0 0 0 0 0 0 0 0 0 0 0 0 0 0 0 0 0 0 0 0 0 0 0 0 0 data 241 0x10007 0x0 0x40 0x1482 0x50007 0x1482 0x30 0x0 0xc0002 0x0 0x110005 0x274 0x193c5011ce8 0x120b 0x193c650ab50 0x3 0x140002 0x1482 0x240007 0x2a 0x40 0x1482 0x2d0007 0x1482 0x68 0x0 0x310005 0x2a 0x0 0x0 0x0 0x0 0x360003 0x2a 0x5b8 0x450002 0x1482 0x4b0007 0x9b0 0x78 0xad2 0x5b0002 0xad2 0x5e0002 0xad2 0x610007 0x0 0x550 0xad2 0x640003 0xad2 0x548 0x700007 0x9b0 0x68 0x0 0x780005 0x0 0x0 0x0 0x0 0x0 0x7d0003 0x0 0x4c8 0x810007 0x31 0xf0 0x97f 0x880007 0x640 0xd0 0x33f 0x940007 0x0 0x90 0x33f 0x990007 0x0 0x90 0x33f 0x9f0005 0x0 0x193c5011ce8 0x33f 0x0 0x0 0xa20007 0x0 0x40 0x33f 0xad0007 0x0 0x20 0x33f 0xc00002 0x671 0xc50007 0x0 0x308 0x671 0xca0007 0x0 0x180 0x671 0xdb0007 0x7ff 0xe8 0xd8 0xe70007 0xb 0x90 0xcd 0xec0007 0x0 0xa8 0xcd 0xf20005 0x0 0x193c5011ce8 0xcd 0x0 0x0 0xf50007 0x0 0x58 0xcd 0x1000007 0xcd 0x98 0xb 0x1090003 0xb 0x78 0x1180007 0x266 0x48 0x599 0x1250002 0x599 0x12b0003 0x599 0x30 0x1310003 0x266 0xfffffffffffffed0 0x1340003 0x671 0x180 0x1390004 0x0 0x0 0x0 0x0 0x0 0x13c0007 0x0 0xd8 0x0 0x1440004 0x0 0x0 0x0 0x0 0x0 0x14b0005 0x0 0x0 0x0 0x0 0x0 0x1510007 0x0 0x40 0x0 0x15c0007 0x0 0x20 0x0 0x1650003 0x0 0x78 0x16a0004 0x0 0x0 0x0 0x0 0x0 0x16d0007 0x0 0x30 0x0 0x1760002 0x0 0x17d0003 0x671 0x18 0x18a0007 0x0 0x90 0x671 0x1910007 0x671 0x50 0x0 0x1990005 0x0 0x0 0x0 0x0 0x0 0x19e0007 0x599 0x38 0xd8 0x1a40003 0x2a 0xfffffffffffff9d8 0x1ab0005 0x106b 0x0 0x0 0x0 0x0 0x0 0x0 0x0 0x0 0x0 0x0 0x0 0x0 0x0 0x9 0x4 0x0 0x0 0x0 0x0 0x1800001 0x1800001 oops 4 12 java/lang/String 14 jdk/internal/loader/ClassLoaderValue 83 java/lang/String 119 java/lang/String methods 0
ciMethodData java/util/concurrent/ConcurrentHashMap putIfAbsent (Ljava/lang/Object;Ljava/lang/Object;)Ljava/lang/Object; 2 12387 orig 80 0 0 0 0 0 0 0 0 0 0 0 0 0 0 0 0 0 0 0 0 0 0 0 0 0 0 0 0 0 0 0 0 0 0 0 0 0 0 0 0 0 0 0 0 0 0 0 0 0 0 0 0 0 0 0 0 0 0 0 0 0 0 0 0 0 0 0 0 0 0 0 0 0 0 0 0 0 0 0 0 data 17 0x40005 0x3064 0x0 0x0 0x0 0x0 0x0 0x0 0x0 0x0 0x0 0x0 0x9 0x3 0xffffffffffffffff 0xffffffffffffffff 0xffffffffffffffff oops 0 methods 0
ciMethodData java/util/concurrent/ConcurrentHashMap get (Ljava/lang/Object;)Ljava/lang/Object; 2 11369 orig 80 1 0 0 0 0 0 0 0 0 0 0 0 0 0 0 0 0 0 0 0 0 0 0 0 0 0 0 0 0 0 0 0 0 0 0 0 0 0 0 1 0 0 0 0 0 0 0 0 0 0 0 0 0 0 0 0 0 0 0 0 0 0 0 0 0 0 0 0 0 0 0 0 0 0 0 0 0 0 0 0 data 97 0x10005 0x17b3 0x193c5011ce8 0x14ad 0x193c5011d78 0x9 0x40002 0x2c69 0xf0007 0x25 0x278 0x2c44 0x170007 0x0 0x258 0x2c44 0x220002 0x2c44 0x270007 0x918 0x228 0x232c 0x330007 0xaf8 0xb0 0x1834 0x3e0007 0x439 0x90 0x13fb 0x430007 0x0 0xf8 0x13fb 0x490005 0x35f 0x193c5011ce8 0x72d 0x193c50ee178 0x96f 0x80000006004c0007 0x2 0xa8 0x13fa 0x560007 0xaf8 0x88 0x0 0x5d0005 0x0 0x0 0x0 0x0 0x0 0x630007 0x0 0x38 0x0 0x6b0003 0x0 0x18 0x760007 0x437 0xd0 0x96c 0x7f0007 0x2a9 0xffffffffffffffe0 0x6c3 0x8a0007 0x180 0x90 0x543 0x8f0007 0x0 0xffffffffffffffa0 0x543 0x950005 0x70 0x193c5011ce8 0x257 0x193c50ee178 0x27c 0x980007 0x0 0xffffffffffffff50 0x543 0x0 0x0 0x0 0x0 0x0 0x0 0x9 0x2 0x0 0x0 oops 6 2 java/lang/String 4 java/lang/Class 36 java/lang/String 38 jdk/internal/util/StrongReferenceKey 79 java/lang/String 81 jdk/internal/util/StrongReferenceKey methods 0
ciMethodData java/util/Objects requireNonNull (Ljava/lang/Object;Ljava/lang/String;)Ljava/lang/Object; 2 56514 orig 80 0 0 0 0 0 0 0 0 0 0 0 0 0 0 0 0 0 0 0 0 0 0 0 0 0 0 0 0 0 0 0 0 0 0 0 0 0 0 0 0 0 0 0 0 0 0 0 0 0 0 0 0 0 0 0 0 0 0 0 0 0 0 0 0 0 0 0 0 0 0 0 0 0 0 0 0 0 0 0 0 data 16 0x10007 0xdcc2 0x30 0x0 0x90002 0x0 0x0 0x0 0x0 0x0 0x0 0x0 0x9 0x2 0x0 0xffffffffffffffff oops 0 methods 0
ciMethodData java/util/Objects hashCode (Ljava/lang/Object;)I 2 11956 orig 80 0 0 0 0 0 0 0 0 0 0 0 0 147 1 0 0 0 0 0 0 0 0 0 0 0 0 0 0 0 0 0 0 0 0 0 0 0 0 0 0 0 0 0 0 0 0 0 0 0 0 0 0 0 0 0 0 0 0 0 0 0 0 0 0 0 0 0 0 0 0 0 0 0 0 0 0 0 0 0 0 data 22 0x10007 0x7a 0x68 0x2e3a 0x50005 0x251d 0x193c5011ce8 0x2ed 0x193c5014478 0x630 0x80003 0x2e3a 0x18 0x0 0x0 0x0 0x0 0x0 0x0 0x9 0x1 0x0 oops 2 6 java/lang/String 8 java/lang/invoke/MethodType methods 0
ciMethodData java/lang/ref/ReferenceQueue headIsNull ()Z 2 11576 orig 80 0 0 0 0 0 0 0 0 0 0 0 0 0 0 0 0 0 0 0 0 0 0 0 0 0 0 0 0 0 0 0 0 0 0 0 0 0 0 0 0 0 0 0 0 0 0 0 0 0 0 0 0 0 0 0 0 0 0 0 0 0 0 0 0 0 0 0 0 0 0 0 0 0 0 0 0 0 0 0 0 data 16 0x40007 0x122 0x38 0x2c16 0x80003 0x2c16 0x18 0x0 0x0 0x0 0x0 0x0 0x0 0x9 0x1 0x0 oops 0 methods 0
ciMethodData jdk/internal/util/ReferencedKeyMap removeStaleReferences ()V 2 8891 orig 80 0 0 0 0 0 0 0 0 0 0 0 0 0 0 0 0 0 0 0 0 0 0 0 0 0 0 0 0 0 0 0 0 0 0 0 0 0 0 0 0 0 0 0 0 0 0 0 0 0 0 0 0 0 0 0 0 0 0 0 0 0 0 0 0 0 0 0 0 0 0 0 0 0 0 0 0 0 0 0 0 data 31 0x40005 0x0 0x193c65b3160 0x23da 0x193c65b2168 0x3 0x90007 0x122 0x38 0x22bb 0xc0003 0x22bb 0x60 0x140005 0x0 0x193c5015508 0x122 0x0 0x0 0x1a0003 0x122 0xffffffffffffff68 0x0 0x0 0x0 0x0 0x0 0x0 0x9 0x1 0x0 oops 3 2 java/lang/ref/NativeReferenceQueue 4 java/lang/ref/ReferenceQueue 15 java/util/concurrent/ConcurrentHashMap methods 0
ciMethodData java/lang/ref/NativeReferenceQueue poll ()Ljava/lang/ref/Reference; 2 6200 orig 80 0 0 0 0 0 0 0 0 0 0 0 0 0 0 0 0 0 0 0 0 0 0 0 0 0 0 0 0 0 0 0 0 0 0 0 0 0 0 0 0 0 0 0 0 0 0 0 0 0 0 0 0 0 0 0 0 0 0 0 0 0 0 0 0 0 0 0 0 0 0 0 0 0 0 0 0 0 0 0 0 data 27 0x10005 0x1838 0x0 0x0 0x0 0x0 0x40007 0x122 0x20 0x1716 0x110005 0x122 0x0 0x0 0x0 0x0 0x0 0x0 0x0 0x0 0x0 0x0 0x9 0x1 0xe 0x170001 0x170001 oops 0 methods 0
ciMethodData java/lang/ref/ReferenceQueue poll0 ()Ljava/lang/ref/Reference; 1 412 orig 80 0 0 0 0 0 0 0 0 0 0 0 0 147 1 0 0 0 0 0 0 0 0 0 0 0 0 0 0 0 0 0 0 0 0 0 0 0 0 0 0 0 0 0 0 0 0 0 0 0 0 0 0 0 0 0 0 0 0 0 0 0 0 0 0 0 0 0 0 0 0 0 0 0 0 0 0 0 0 0 0 data 32 0x60007 0x2 0xb8 0x19a 0x180007 0x196 0x38 0x4 0x1c0003 0x4 0x18 0x330004 0x0 0x193c65095d0 0x96 0x193c65b0430 0x104 0x360007 0x19a 0x30 0x0 0x3a0002 0x0 0x0 0x0 0x0 0x0 0x0 0x0 0x9 0x1 0xe oops 2 13 jdk/internal/ref/CleanerImpl$PhantomCleanableRef 15 jdk/internal/util/WeakReferenceKey methods 0
ciMethodData java/lang/ref/Reference <init> (Ljava/lang/Object;Ljava/lang/ref/ReferenceQueue;)V 2 11717 orig 80 0 0 0 0 0 0 0 0 0 0 0 0 0 0 0 0 0 0 0 0 0 0 0 0 0 0 0 0 0 0 0 0 0 0 0 0 0 0 0 0 0 0 0 0 0 0 0 0 0 0 0 0 0 0 0 0 0 0 0 0 0 0 0 0 0 0 0 0 0 0 0 0 0 0 0 0 0 0 0 0 data 20 0x10002 0x2dc5 0xb0007 0x24d2 0x38 0x8f3 0x110003 0x8f3 0x18 0x0 0x0 0x0 0x0 0x0 0x0 0x9 0x3 0x6 0x0 0x0 oops 0 methods 0
ciMethodData java/lang/ref/ReferenceQueue poll ()Ljava/lang/ref/Reference; 2 5124 orig 80 0 0 0 0 0 0 0 0 0 0 0 0 0 0 0 0 0 0 0 0 0 0 0 0 0 0 0 0 0 0 0 0 0 0 0 0 0 0 0 0 0 0 0 0 0 0 0 0 0 0 0 0 0 0 0 0 0 0 0 0 0 0 0 0 0 0 0 0 0 0 0 0 0 0 0 0 0 0 0 0 data 44 0x10005 0x1404 0x0 0x0 0x0 0x0 0x40007 0x0 0x20 0x1404 0xd0005 0x0 0x0 0x0 0x0 0x0 0x110005 0x0 0x0 0x0 0x0 0x0 0x190005 0x0 0x0 0x0 0x0 0x0 0x230005 0x0 0x0 0x0 0x0 0x0 0x0 0x0 0x0 0x0 0x0 0x0 0x9 0x1 0x0 0x1e0001 oops 0 methods 0
ciMethodData java/lang/invoke/MethodTypeForm canonicalize (Ljava/lang/Class;I)Ljava/lang/Class; 2 6862 orig 80 0 0 0 0 0 0 0 0 0 0 0 0 0 0 0 0 0 0 0 0 0 0 0 0 0 0 0 0 0 0 0 0 0 0 0 0 0 0 0 0 0 0 0 0 0 0 0 0 0 0 0 0 0 0 0 0 0 0 0 0 0 0 0 0 0 0 0 0 0 0 0 0 0 0 0 0 0 0 0 0 data 50 0x30007 0xb26 0x38 0xfa8 0x60003 0xfa8 0x120 0xa0005 0xb26 0x0 0x0 0x0 0x0 0xd0007 0x412 0xa8 0x714 0x110008 0x6 0x0 0x70 0x714 0x70 0x0 0x40 0x2d0002 0x0 0x330007 0x0 0x20 0x0 0x3b0003 0x0 0x48 0x400007 0x412 0x30 0x0 0x440002 0x0 0x0 0x0 0x0 0x0 0x0 0x0 0x9 0x2 0x0 0x0 oops 0 methods 0
ciMethodData sun/invoke/util/Wrapper forPrimitiveType (Ljava/lang/Class;)Lsun/invoke/util/Wrapper; 2 1233 orig 80 0 0 0 0 0 0 0 0 0 0 0 0 147 1 0 0 0 0 0 0 0 0 0 0 0 0 0 0 0 0 0 0 0 0 0 0 0 0 0 0 0 0 0 0 0 0 0 0 0 0 0 0 0 0 0 0 0 0 0 0 0 0 0 0 0 0 0 0 0 0 0 0 0 0 0 0 0 0 0 0 data 73 0x40007 0x1fd 0x20 0x2d4 0xf0007 0x150 0x20 0xad 0x1a0007 0x109 0x20 0x47 0x250007 0x100 0x20 0x9 0x300007 0x100 0x20 0x0 0x3b0007 0xf7 0x20 0x9 0x460007 0xcc 0x20 0x2b 0x510007 0xa1 0x20 0x2b 0x5c0007 0x0 0x20 0xa1 0x670002 0x0 0x6c0005 0x0 0x0 0x0 0x0 0x0 0x700005 0x0 0x0 0x0 0x0 0x0 0x730005 0x0 0x0 0x0 0x0 0x0 0x760002 0x0 0x0 0x0 0x0 0x0 0x0 0x0 0x0 0x0 0x0 0x0 0x0 0x0 0x9 0x1 0xffffffffffffffff oops 0 methods 0
ciMethodData java/lang/invoke/MethodType checkSlotCount (I)V 2 12129 orig 80 0 0 0 0 0 0 0 0 0 0 0 0 0 0 0 0 0 0 0 0 0 0 0 0 0 0 0 0 0 0 0 0 0 0 0 0 0 0 0 0 0 0 0 0 0 0 0 0 0 0 0 0 0 0 0 0 0 0 0 0 0 0 0 0 0 0 0 0 0 0 0 0 0 0 0 0 0 0 0 0 data 35 0x60007 0x2f61 0xd0 0x0 0xd0002 0x0 0x120005 0x0 0x0 0x0 0x0 0x0 0x160005 0x0 0x0 0x0 0x0 0x0 0x190005 0x0 0x0 0x0 0x0 0x0 0x1c0002 0x0 0x0 0x0 0x0 0x0 0x0 0x0 0x9 0x1 0x0 oops 0 methods 0
ciMethodData java/lang/invoke/MethodHandleStatics newIllegalArgumentException (Ljava/lang/String;)Ljava/lang/RuntimeException; 1 0 orig 80 0 0 0 0 0 0 0 0 0 0 0 0 147 1 0 0 0 0 0 0 0 0 0 0 0 0 0 0 0 0 0 0 0 0 0 0 0 0 0 0 0 0 0 0 0 0 0 0 0 0 0 0 0 0 0 0 0 0 0 0 0 0 0 0 0 0 0 0 0 0 0 0 0 0 0 0 0 0 0 0 data 8 0x50002 0x0 0x0 0x0 0x0 0x9 0x1 0x0 oops 0 methods 0
ciMethodData java/lang/invoke/MethodType hashCode ()I 2 5189 orig 80 0 0 0 0 0 0 0 0 0 0 0 0 0 0 0 0 0 0 0 0 0 0 0 0 0 0 0 0 0 0 0 0 0 0 0 0 0 0 0 0 0 0 0 0 0 0 0 0 0 0 0 0 0 0 0 0 0 0 0 0 0 0 0 0 0 0 0 0 0 0 0 0 0 0 0 0 0 0 0 0 data 28 0x60005 0x0 0x193c5011d78 0x1445 0x0 0x0 0x190007 0x1445 0x68 0x2458 0x280005 0x0 0x193c5011d78 0x2458 0x0 0x0 0x300003 0x2458 0xffffffffffffffb0 0x0 0x0 0x0 0x0 0x0 0x0 0x9 0x1 0x0 oops 2 2 java/lang/Class 12 java/lang/Class methods 0
ciMethodData jdk/internal/util/ReferencedKeyMap lookupKey (Ljava/lang/Object;)Ljdk/internal/util/ReferenceKey; 2 9153 orig 80 0 0 0 0 0 0 0 0 0 0 0 0 0 0 0 0 0 0 0 0 0 0 0 0 0 0 0 0 0 0 0 0 0 0 0 0 0 0 0 0 0 0 0 0 0 0 0 0 0 0 0 0 0 0 0 0 0 0 0 0 0 0 0 0 0 0 0 0 0 0 0 0 0 0 0 0 0 0 0 0 data 8 0x50002 0x23c1 0x0 0x0 0x9 0x2 0x0 0x0 oops 0 methods 0
ciMethodData jdk/internal/util/StrongReferenceKey <init> (Ljava/lang/Object;)V 2 9153 orig 80 0 0 0 0 0 0 0 0 0 0 0 0 147 1 0 0 0 0 0 0 0 0 0 0 0 0 0 0 0 0 0 0 0 0 0 0 0 0 0 0 0 0 0 0 0 0 0 0 0 0 0 0 0 0 0 0 0 0 0 0 0 0 0 0 0 0 0 0 0 0 0 0 0 0 0 0 0 0 0 0 data 10 0x10002 0x23c1 0x0 0x0 0x0 0x0 0x9 0x2 0x6 0x0 oops 0 methods 0
ciMethodData java/lang/ref/WeakReference <init> (Ljava/lang/Object;Ljava/lang/ref/ReferenceQueue;)V 2 5421 orig 80 0 0 0 0 0 0 0 0 0 0 0 0 0 0 0 0 0 0 0 0 0 0 0 0 0 0 0 0 0 0 0 0 0 0 0 0 0 0 0 0 0 0 0 0 0 0 0 0 0 0 0 0 0 0 0 0 0 0 0 0 0 0 0 0 0 0 0 0 0 0 0 0 0 0 0 0 0 0 0 0 data 9 0x30002 0x152d 0x0 0x0 0x9 0x3 0x6 0x0 0x0 oops 0 methods 0
ciMethodData jdk/internal/util/ReferencedKeyMap get (Ljava/lang/Object;)Ljava/lang/Object; 2 7846 orig 80 0 0 0 0 0 0 0 0 0 0 0 0 0 0 0 0 0 0 0 0 0 0 0 0 0 0 0 0 0 0 0 0 0 0 0 0 0 0 0 0 0 0 0 0 0 0 0 0 0 0 0 0 0 0 0 0 0 0 0 0 0 0 0 0 0 0 0 0 0 0 0 0 0 0 0 0 0 0 0 0 data 22 0x10005 0x1ea6 0x0 0x0 0x0 0x0 0x60005 0x1ea6 0x0 0x0 0x0 0x0 0x0 0x0 0x0 0x0 0x0 0x0 0x9 0x2 0x0 0x0 oops 0 methods 0
ciMethodData jdk/internal/util/ReferencedKeyMap getNoCheckStale (Ljava/lang/Object;)Ljava/lang/Object; 2 7846 orig 80 0 0 0 0 0 0 0 0 0 0 0 0 147 1 0 0 0 0 0 0 0 0 0 0 0 0 0 0 0 0 0 0 0 0 0 0 0 0 0 0 0 0 0 0 0 0 0 0 0 0 0 0 0 0 0 0 0 0 0 0 0 0 0 0 0 0 0 0 0 0 0 0 0 0 0 0 0 0 0 0 data 24 0x30002 0x1ea6 0xd0005 0x1ea6 0x0 0x0 0x0 0x0 0x100005 0x0 0x193c5015508 0x1ea6 0x0 0x0 0x0 0x0 0x0 0x0 0x0 0x0 0x9 0x2 0x0 0x0 oops 1 10 java/util/concurrent/ConcurrentHashMap methods 0
ciMethodData jdk/internal/util/StrongReferenceKey hashCode ()I 2 5148 orig 80 0 0 0 0 0 0 0 0 0 0 0 0 0 0 0 0 0 0 0 0 0 0 0 0 0 0 0 0 0 0 0 0 0 0 0 0 0 0 0 0 0 0 0 0 0 0 0 0 0 0 0 0 0 0 0 0 0 0 0 0 0 0 0 0 0 0 0 0 0 0 0 0 0 0 0 0 0 0 0 0 data 21 0x10005 0x141c 0x0 0x0 0x0 0x0 0x40005 0x2 0x193c5014478 0x10a3 0x193c50ee178 0x377 0x0 0x0 0x0 0x0 0x0 0x0 0x9 0x1 0x0 oops 2 8 java/lang/invoke/MethodType 10 jdk/internal/util/StrongReferenceKey methods 0
ciMethodData java/lang/invoke/MethodType makeImpl (Ljava/lang/Class;[Ljava/lang/Class;Z)Ljava/lang/invoke/MethodType; 2 6531 orig 80 0 0 0 0 0 0 0 0 0 0 0 0 0 0 0 0 0 0 0 0 0 0 0 0 0 0 0 0 0 0 0 0 0 0 0 0 0 0 0 0 0 0 0 0 0 0 0 0 0 0 0 0 0 0 0 0 0 0 0 0 0 0 0 0 0 0 0 0 0 0 0 0 0 0 0 0 0 0 0 0 data 70 0x20007 0x1378 0x20 0x60b 0x110002 0x1983 0x190005 0x1983 0x0 0x0 0x0 0x0 0x1c0104 0x0 0x193c5014478 0x1509 0x0 0x0 0x230007 0x47a 0x20 0x1509 0x2a0002 0x47a 0x2f0007 0x44 0x48 0x436 0x330002 0x436 0x3a0003 0x436 0x78 0x400002 0x44 0x430004 0x0 0x193c50b0788 0x44 0x0 0x0 0x480002 0x44 0x520002 0x44 0x5b0002 0x47a 0x660005 0x47a 0x0 0x0 0x0 0x0 0x690004 0x0 0x193c5014478 0x47a 0x0 0x0 0x0 0x0 0x0 0x0 0x0 0x0 0x9 0x3 0x0 0x0 0x0 oops 3 14 java/lang/invoke/MethodType 37 [Ljava/lang/Class; 55 java/lang/invoke/MethodType methods 0
ciMethodData java/lang/invoke/MethodType <init> (Ljava/lang/Class;[Ljava/lang/Class;)V 2 6599 orig 80 0 0 0 0 0 0 0 0 0 0 0 0 147 1 0 0 0 0 0 0 0 0 0 0 0 0 0 0 0 0 0 0 0 0 0 0 0 0 0 0 0 0 0 0 0 0 0 0 0 0 0 0 0 0 0 0 0 0 0 0 0 0 0 0 0 0 0 0 0 0 0 0 0 0 0 0 0 0 0 0 data 11 0x10002 0x19c7 0x0 0x0 0x0 0x0 0x9 0x3 0x6 0x0 0x0 oops 0 methods 0
ciMethodData jdk/internal/util/ReferencedKeySet get (Ljava/lang/Object;)Ljava/lang/Object; 2 6531 orig 80 0 0 0 0 0 0 0 0 0 0 0 0 147 1 0 0 0 0 0 0 0 0 0 0 0 0 0 0 0 0 0 0 0 0 0 0 0 0 0 0 0 0 0 0 0 0 0 0 0 0 0 0 0 0 0 0 0 0 0 0 0 0 0 0 0 0 0 0 0 0 0 0 0 0 0 0 0 0 0 0 data 35 0x50005 0x1983 0x0 0x0 0x0 0x0 0x80104 0x0 0x193c65b0430 0x1509 0x0 0x0 0xd0007 0x1509 0x38 0x47a 0x110003 0x47a 0x48 0x150005 0x0 0x193c65b0430 0x1509 0x0 0x0 0x0 0x0 0x0 0x0 0x0 0x0 0x9 0x2 0x0 0x0 oops 2 8 jdk/internal/util/WeakReferenceKey 21 jdk/internal/util/WeakReferenceKey methods 0
ciMethodData java/lang/invoke/MethodType checkPtypes ([Ljava/lang/Class;)I 2 4379 orig 80 0 0 0 0 0 0 0 0 0 0 0 0 147 1 0 0 0 0 0 0 0 0 0 0 0 0 0 0 0 0 0 0 0 0 0 0 0 0 0 0 0 0 0 0 0 0 0 0 0 0 0 0 0 0 0 0 0 0 0 0 0 0 0 0 0 0 0 0 0 0 0 0 0 0 0 0 0 0 0 0 data 34 0xd0007 0x111b 0xb8 0x22d4 0x180002 0x22d4 0x210007 0x22d4 0x30 0x0 0x260002 0x0 0x2f0007 0x19 0x40 0x22bb 0x370007 0x223c 0x20 0x7f 0x400003 0x22d4 0xffffffffffffff60 0x470002 0x111b 0x0 0x0 0x0 0x0 0x0 0x0 0x9 0x1 0x0 oops 0 methods 0
ciMethodData java/util/Arrays copyOf ([Ljava/lang/Object;I)[Ljava/lang/Object; 2 3340 orig 80 0 0 0 0 0 0 0 0 0 0 0 0 147 1 0 0 0 0 0 0 0 0 0 0 0 0 0 0 0 0 0 0 0 0 0 0 0 0 0 0 0 0 0 0 0 0 0 0 0 0 0 0 0 0 0 0 0 0 0 0 0 0 0 0 0 0 0 0 0 0 0 0 0 0 0 0 0 0 0 0 data 18 0x30005 0xd0c 0x0 0x0 0x0 0x0 0x60002 0xd0c 0x0 0x0 0x0 0x0 0x0 0x0 0x9 0x2 0x0 0x0 oops 0 methods 0
ciMethodData java/lang/invoke/MethodTypeForm findForm (Ljava/lang/invoke/MethodType;)Ljava/lang/invoke/MethodTypeForm; 2 1146 orig 80 0 0 0 0 0 0 0 0 0 0 0 0 147 1 0 0 0 0 0 0 0 0 0 0 0 0 0 0 0 0 0 0 0 0 0 0 0 0 0 0 0 0 0 0 0 0 0 0 0 0 0 0 0 0 0 0 0 0 0 0 0 0 0 0 0 0 0 0 0 0 0 0 0 0 0 0 0 0 0 0 data 23 0x20002 0x47a 0x70007 0x385 0x30 0xf5 0xf0002 0xf5 0x140005 0x385 0x0 0x0 0x0 0x0 0x0 0x0 0x0 0x0 0x0 0x0 0x9 0x1 0x0 oops 0 methods 0
ciMethodData java/lang/invoke/MethodTypeForm canonicalize (Ljava/lang/invoke/MethodType;I)Ljava/lang/invoke/MethodType; 2 1146 orig 80 0 0 0 0 0 0 0 0 0 0 0 0 147 1 0 0 0 0 0 0 0 0 0 0 0 0 0 0 0 0 0 0 0 0 0 0 0 0 0 0 0 0 0 0 0 0 0 0 0 0 0 0 0 0 0 0 0 0 0 0 0 0 0 0 0 0 0 0 0 0 0 0 0 0 0 0 0 0 0 0 data 44 0x10005 0x47a 0x0 0x0 0x0 0x0 0x70002 0x47a 0xc0005 0x47a 0x0 0x0 0x0 0x0 0x140002 0x47a 0x1a0007 0x294 0x40 0x1e6 0x1f0007 0xf1 0x20 0xf5 0x260007 0x218 0x20 0x16d 0x2e0007 0x294 0x20 0xf1 0x370002 0x385 0x0 0x0 0x0 0x0 0x0 0x0 0x9 0x2 0x0 0x0 oops 0 methods 0
ciMethodData java/lang/invoke/MethodTypeForm <init> (Ljava/lang/invoke/MethodType;)V 1 245 orig 80 0 0 0 0 0 0 0 0 0 0 0 0 147 1 0 0 0 0 0 0 0 0 0 0 0 0 0 0 0 0 0 0 0 0 0 0 0 0 0 0 0 0 0 0 0 0 0 0 0 0 0 0 0 0 0 0 0 0 0 0 0 0 0 0 0 0 0 0 0 0 0 0 0 0 0 0 0 0 0 0 data 145 0x10002 0xf5 0xa0005 0xf5 0x0 0x0 0x0 0x0 0x260007 0xf5 0x1d8 0x8de 0x340007 0x7ad 0x1a0 0x131 0x400002 0x131 0x470005 0x131 0x0 0x0 0x0 0x0 0x4a0007 0xc7 0x20 0x6a 0x560005 0x131 0x0 0x0 0x0 0x0 0x590007 0x81 0xf0 0xb0 0x610007 0xa1 0xd0 0xf 0x680007 0x4 0x80 0xb 0x6d0005 0x0 0x193c50b0788 0xb 0x0 0x0 0x700004 0x0 0x193c50b0788 0xb 0x0 0x0 0x7c0004 0x0 0x193c5011d78 0xf 0x0 0x0 0x800003 0x8de 0xfffffffffffffe40 0x890005 0xf5 0x0 0x0 0x0 0x0 0x960007 0x63 0xa0 0x92 0xa20002 0x92 0xa90005 0x92 0x0 0x0 0x0 0x0 0xac0007 0x42 0x40 0x50 0xb40007 0x2f 0x20 0x21 0xc00007 0xb 0x88 0xea 0xc70007 0x1a 0x68 0xd0 0xd30007 0xd0 0x30 0x0 0xd80002 0x0 0xf90003 0xd0 0xa8 0x1020002 0x25 0x10c0005 0x25 0x0 0x0 0x0 0x0 0x1140007 0x25 0x50 0x0 0x11a0007 0x0 0x30 0x0 0x1210002 0x0 0x0 0x0 0x0 0x0 0x0 0x0 0x0 0x0 0x0 0x0 0x0 0x0 0x0 0x9 0x2 0x0 0x0 oops 3 48 [Ljava/lang/Class; 54 [Ljava/lang/Class; 60 java/lang/Class methods 0
ciMethodData jdk/internal/util/ReferencedKeySet intern (Ljava/lang/Object;)Ljava/lang/Object; 2 1153 orig 80 0 0 0 0 0 0 0 0 0 0 0 0 147 1 0 0 0 0 0 0 0 0 0 0 0 0 0 0 0 0 0 0 0 0 0 0 0 0 0 0 0 0 0 0 0 0 0 0 0 0 0 0 0 0 0 0 0 0 0 0 0 0 0 0 0 0 0 0 0 0 0 0 0 0 0 0 0 0 0 0 data 12 0x50002 0x481 0x0 0x0 0x0 0x0 0x0 0x0 0x9 0x2 0x0 0x0 oops 0 methods 0
ciMethodData jdk/internal/util/ReferencedKeyMap intern (Ljdk/internal/util/ReferencedKeyMap;Ljava/lang/Object;)Ljava/lang/Object; 2 1153 orig 80 0 0 0 0 0 0 0 0 0 0 0 0 147 1 0 0 0 0 0 0 0 0 0 0 0 0 0 0 0 0 0 0 0 0 0 0 0 0 0 0 0 0 0 0 0 0 0 0 0 0 0 0 0 0 0 0 0 0 0 0 0 0 0 0 0 0 0 0 0 0 0 0 0 0 0 0 0 0 0 0 data 18 0x20002 0x481 0x70007 0x481 0x20 0x0 0xe0002 0x481 0x0 0x0 0x0 0x0 0x0 0x0 0x9 0x2 0x0 0x0 oops 0 methods 0
ciMethodData jdk/internal/util/ReferencedKeyMap existingKey (Ljdk/internal/util/ReferencedKeyMap;Ljava/lang/Object;)Ljava/lang/Object; 2 1154 orig 80 0 0 0 0 0 0 0 0 0 0 0 0 147 1 0 0 0 0 0 0 0 0 0 0 0 0 0 0 0 0 0 0 0 0 0 0 0 0 0 0 0 0 0 0 0 0 0 0 0 0 0 0 0 0 0 0 0 0 0 0 0 0 0 0 0 0 0 0 0 0 0 0 0 0 0 0 0 0 0 0 data 47 0x10005 0x482 0x0 0x0 0x0 0x0 0x70005 0x482 0x0 0x0 0x0 0x0 0xa0005 0x482 0x0 0x0 0x0 0x0 0xd0104 0x0 0x193c709bc78 0x1 0x0 0x0 0x120007 0x481 0x68 0x1 0x160005 0x0 0x193c709bc78 0x1 0x0 0x0 0x1b0003 0x1 0x18 0x0 0x0 0x0 0x0 0x0 0x0 0x9 0x2 0x0 0x0 oops 2 20 jdk/internal/util/SoftReferenceKey 30 jdk/internal/util/SoftReferenceKey methods 0
ciMethodData jdk/internal/util/ReferencedKeyMap internKey (Ljdk/internal/util/ReferencedKeyMap;Ljava/lang/Object;)Ljava/lang/Object; 2 1158 orig 80 0 0 0 0 0 0 0 0 0 0 0 0 147 1 0 0 0 0 0 0 0 0 0 0 0 0 0 0 0 0 0 0 0 0 0 0 0 0 0 0 0 0 0 0 0 0 0 0 0 0 0 0 0 0 0 0 0 0 0 0 0 0 0 0 0 0 0 0 0 0 0 0 0 0 0 0 0 0 0 0 data 58 0x20005 0x486 0x0 0x0 0x0 0x0 0x70005 0x486 0x0 0x0 0x0 0x0 0x100005 0x0 0x193c5015508 0x486 0x0 0x0 0x150104 0x0 0x0 0x0 0x0 0x0 0x1c0007 0x0 0x20 0x486 0x230005 0x0 0x0 0x0 0x0 0x0 0x2a0007 0x0 0x50 0x0 0x2e0005 0x0 0x0 0x0 0x0 0x0 0x340007 0x0 0xfffffffffffffed0 0x0 0x0 0x0 0x0 0x0 0x0 0x0 0x9 0x2 0x0 0x0 oops 1 14 java/util/concurrent/ConcurrentHashMap methods 0
ciMethodData java/lang/invoke/MethodType methodType (Ljava/lang/Class;[Ljava/lang/Class;Z)Ljava/lang/invoke/MethodType; 2 3200 orig 80 0 0 0 0 0 0 0 0 0 0 0 0 0 0 0 0 0 0 0 0 0 0 0 0 0 0 0 0 0 0 0 0 0 0 0 0 0 0 0 0 0 0 0 0 0 0 0 0 0 0 0 0 0 0 0 0 0 0 0 0 0 0 0 0 0 0 0 0 0 0 0 0 0 0 0 0 0 0 0 0 data 41 0x30007 0x6dd 0xe0 0x5a3 0xc0007 0x4e2 0x30 0xc1 0x110002 0xc1 0x170002 0x4e2 0x1a0007 0x1e 0x80 0x4c4 0x260007 0x66 0x30 0x45e 0x2d0002 0x45e 0x350007 0x65 0x30 0x1 0x3a0002 0x1 0x410002 0x760 0x0 0x0 0x0 0x0 0x0 0x0 0x9 0x3 0x0 0x0 0x0 oops 0 methods 0
ciMethodData java/lang/invoke/MethodType genericMethodType (IZ)Ljava/lang/invoke/MethodType; 2 4099 orig 80 0 0 0 0 0 0 0 0 0 0 0 0 147 1 0 0 0 0 0 0 0 0 0 0 0 0 0 0 0 0 0 0 0 0 0 0 0 0 0 0 0 0 0 0 0 0 0 0 0 0 0 0 0 0 0 0 0 0 0 0 0 0 0 0 0 0 0 0 0 0 0 0 0 0 0 0 0 0 0 0 data 51 0x10002 0x1003 0x50007 0x14 0x38 0xfef 0x90003 0xfef 0x18 0x1b0007 0x130 0x40 0xed3 0x260007 0x2 0x20 0xed1 0x370002 0x132 0x3b0007 0x131 0x50 0x1 0x430004 0x0 0x193c5011d78 0x1 0x0 0x0 0x490002 0x132 0x530007 0x130 0x50 0x2 0x5c0004 0x0 0x193c5014478 0x2 0x0 0x0 0x0 0x0 0x0 0x0 0x0 0x0 0x9 0x2 0x0 0x0 oops 2 25 java/lang/Class 37 java/lang/invoke/MethodType methods 0
ciMethodData java/lang/invoke/MethodType isAllObject ([Ljava/lang/Class;I)Z 2 1255 orig 80 0 0 0 0 0 0 0 0 0 0 0 0 147 1 0 0 0 0 0 0 0 0 0 0 0 0 0 0 0 0 0 0 0 0 0 0 0 0 0 0 0 0 0 0 0 0 0 0 0 0 0 0 0 0 0 0 0 0 0 0 0 0 0 0 0 0 0 0 0 0 0 0 0 0 0 0 0 0 0 0 data 21 0x40007 0x4c9 0x58 0x1ac9 0xc0007 0x1aab 0x20 0x1e 0x140003 0x1aab 0xffffffffffffffc0 0x0 0x0 0x0 0x0 0x0 0x0 0x9 0x2 0x0 0x0 oops 0 methods 0
ciMethodData java/lang/ref/SoftReference get ()Ljava/lang/Object; 2 6174 orig 80 0 0 0 0 0 0 0 0 0 0 0 0 0 0 0 0 0 0 0 0 0 0 0 0 0 0 0 0 0 0 0 0 0 0 0 0 0 0 0 0 0 0 0 0 0 0 0 0 0 0 0 0 0 0 0 0 0 0 0 0 0 0 0 0 0 0 0 0 0 0 0 0 0 0 0 0 0 0 0 0 data 19 0x10002 0x181e 0x60007 0x7a 0x40 0x17a4 0x110007 0x1744 0x20 0x60 0x0 0x0 0x0 0x0 0x0 0x0 0x9 0x1 0x30 oops 0 methods 0
ciMethodData jdk/internal/util/StrongReferenceKey equals (Ljava/lang/Object;)Z 2 4842 orig 80 0 0 0 0 0 0 0 0 0 0 0 0 0 0 0 0 0 0 0 0 0 0 0 0 0 0 0 0 0 0 0 0 0 0 0 0 0 0 0 0 0 0 0 0 0 0 0 0 0 0 0 0 0 0 0 0 0 0 0 0 0 0 0 0 0 0 0 0 0 0 0 0 0 0 0 0 0 0 0 0 data 40 0x10004 0x1 0x193c65b0430 0x12e7 0x193c709bc78 0x2 0x40007 0x1 0x80 0x12e9 0x80004 0x0 0x193c65b0430 0x12e7 0x193c709bc78 0x2 0xd0005 0x0 0x193c65b0430 0x12e7 0x193c709bc78 0x2 0x140005 0x12ea 0x0 0x0 0x0 0x0 0x180002 0x12ea 0x0 0x0 0x0 0x0 0x0 0x0 0x9 0x2 0x0 0x0 oops 6 2 jdk/internal/util/WeakReferenceKey 4 jdk/internal/util/SoftReferenceKey 12 jdk/internal/util/WeakReferenceKey 14 jdk/internal/util/SoftReferenceKey 18 jdk/internal/util/WeakReferenceKey 20 jdk/internal/util/SoftReferenceKey methods 0
ciMethodData java/lang/invoke/MethodTypeForm canonicalizeAll ([Ljava/lang/Class;I)[Ljava/lang/Class; 2 1043 orig 80 0 0 0 0 0 0 0 0 0 0 0 0 0 0 0 0 0 0 0 0 0 0 0 0 0 0 0 0 0 0 0 0 0 0 0 0 0 0 0 0 0 0 0 0 0 0 0 0 0 0 0 0 0 0 0 0 0 0 0 0 0 0 0 0 0 0 0 0 0 0 0 0 0 0 0 0 0 0 0 0 data 49 0xb0007 0x413 0x138 0x136d 0x130002 0x136d 0x1a0007 0xf3b 0xf0 0x432 0x220007 0x0 0xd0 0x432 0x260007 0x1d6 0x80 0x25c 0x2a0005 0x0 0x193c50b0788 0x25c 0x0 0x0 0x2d0004 0x0 0x193c50b0788 0x25c 0x0 0x0 0x360004 0x0 0x193c5011d78 0x432 0x0 0x0 0x3a0003 0x136d 0xfffffffffffffee0 0x0 0x0 0x0 0x0 0x0 0x0 0x9 0x2 0x0 0x0 oops 3 20 [Ljava/lang/Class; 26 [Ljava/lang/Class; 32 java/lang/Class methods 0
ciMethodData jdk/internal/util/ReferencedKeyMap entryKey (Ljava/lang/Object;)Ljdk/internal/util/ReferenceKey; 2 1046 orig 80 0 0 0 0 0 0 0 0 0 0 0 0 0 0 0 0 0 0 0 0 0 0 0 0 0 0 0 0 0 0 0 0 0 0 0 0 0 0 0 0 0 0 0 0 0 0 0 0 0 0 0 0 0 0 0 0 0 0 0 0 0 0 0 0 0 0 0 0 0 0 0 0 0 0 0 0 0 0 0 0 data 16 0x40007 0x416 0x30 0x0 0x100002 0x0 0x1d0002 0x416 0x0 0x0 0x0 0x0 0x9 0x2 0x0 0x0 oops 0 methods 0
ciMethodData jdk/internal/util/WeakReferenceKey <init> (Ljava/lang/Object;Ljava/lang/ref/ReferenceQueue;)V 2 1048 orig 80 0 0 0 0 0 0 0 0 0 0 0 0 147 1 0 0 0 0 0 0 0 0 0 0 0 0 0 0 0 0 0 0 0 0 0 0 0 0 0 0 0 0 0 0 0 0 0 0 0 0 0 0 0 0 0 0 0 0 0 0 0 0 0 0 0 0 0 0 0 0 0 0 0 0 0 0 0 0 0 0 data 15 0x30002 0x418 0x80002 0x418 0x0 0x0 0x0 0x0 0x0 0x0 0x9 0x3 0x1e 0x0 0x0 oops 0 methods 0
ciMethodData sun/invoke/util/Wrapper isSubwordOrInt ()Z 1 379 orig 80 0 0 0 0 0 0 0 0 0 0 0 0 147 1 0 0 0 0 0 0 0 0 0 0 0 0 0 0 0 0 0 0 0 0 0 0 0 0 0 0 0 0 0 0 0 0 0 0 0 0 0 0 0 0 0 0 0 0 0 0 0 0 0 0 0 0 0 0 0 0 0 0 0 0 0 0 0 0 0 0 data 32 0x10005 0x17b 0x0 0x0 0x0 0x0 0x40007 0x5d 0x88 0x11e 0x80005 0x11e 0x0 0x0 0x0 0x0 0xb0007 0x56 0x38 0xc8 0xf0003 0xc8 0x18 0x0 0x0 0x0 0x0 0x0 0x0 0x9 0x1 0x0 oops 0 methods 0
ciMethodData sun/invoke/util/Wrapper isIntegral ()Z 1 379 orig 80 0 0 0 0 0 0 0 0 0 0 0 0 147 1 0 0 0 0 0 0 0 0 0 0 0 0 0 0 0 0 0 0 0 0 0 0 0 0 0 0 0 0 0 0 0 0 0 0 0 0 0 0 0 0 0 0 0 0 0 0 0 0 0 0 0 0 0 0 0 0 0 0 0 0 0 0 0 0 0 0 data 26 0x10005 0x17b 0x0 0x0 0x0 0x0 0x40007 0x29 0x58 0x152 0xe0007 0x34 0x38 0x11e 0x120003 0x11e 0x18 0x0 0x0 0x0 0x0 0x0 0x0 0x9 0x1 0x0 oops 0 methods 0
ciMethodData sun/invoke/util/Wrapper isNumeric ()Z 1 379 orig 80 0 0 0 0 0 0 0 0 0 0 0 0 147 1 0 0 0 0 0 0 0 0 0 0 0 0 0 0 0 0 0 0 0 0 0 0 0 0 0 0 0 0 0 0 0 0 0 0 0 0 0 0 0 0 0 0 0 0 0 0 0 0 0 0 0 0 0 0 0 0 0 0 0 0 0 0 0 0 0 0 data 13 0x70007 0x29 0x38 0x152 0xb0003 0x152 0x18 0x0 0x0 0x0 0x9 0x1 0x0 oops 0 methods 0
ciMethodData sun/invoke/util/Wrapper isSingleWord ()Z 1 286 orig 80 0 0 0 0 0 0 0 0 0 0 0 0 147 1 0 0 0 0 0 0 0 0 0 0 0 0 0 0 0 0 0 0 0 0 0 0 0 0 0 0 0 0 0 0 0 0 0 0 0 0 0 0 0 0 0 0 0 0 0 0 0 0 0 0 0 0 0 0 0 0 0 0 0 0 0 0 0 0 0 0 data 13 0x60007 0x56 0x38 0xc8 0xa0003 0xc8 0x18 0x0 0x0 0x0 0x9 0x1 0x0 oops 0 methods 0
ciMethodData java/util/Arrays fill ([Ljava/lang/Object;Ljava/lang/Object;)V 2 306 orig 80 0 0 0 0 0 0 0 0 0 0 0 0 147 1 0 0 0 0 0 0 0 0 0 0 0 0 0 0 0 0 0 0 0 0 0 0 0 0 0 0 0 0 0 0 0 0 0 0 0 0 0 0 0 0 0 0 0 0 0 0 0 0 0 0 0 0 0 0 0 0 0 0 0 0 0 0 0 0 0 0 data 23 0x70007 0x132 0x68 0x1373 0xd0004 0x0 0x193c5011d78 0x1373 0x0 0x0 0x110003 0x1373 0xffffffffffffffb0 0x0 0x0 0x0 0x0 0x0 0x0 0x9 0x2 0x0 0x0 oops 1 6 java/lang/Class methods 0
ciMethodData java/util/concurrent/ConcurrentHashMap replaceNode (Ljava/lang/Object;Ljava/lang/Object;Ljava/lang/Object;)Ljava/lang/Object; 1 0 orig 80 0 0 0 0 0 0 0 0 0 0 0 0 0 0 0 0 0 0 0 0 0 0 0 0 0 0 0 0 0 0 0 0 0 0 0 0 0 0 0 0 0 0 0 0 0 0 0 0 0 0 0 0 0 0 0 0 0 0 0 0 0 0 0 0 0 0 0 0 0 0 0 0 0 0 0 0 0 0 0 0 data 249 0x10005 0x0 0x0 0x0 0x0 0x0 0x40002 0x0 0x110007 0x0 0x708 0x0 0x1a0007 0x0 0x6e8 0x0 0x290002 0x0 0x2f0007 0x0 0x38 0x0 0x320003 0x0 0x698 0x3e0007 0x0 0x68 0x0 0x460005 0x0 0x0 0x0 0x0 0x0 0x4b0003 0x0 0x618 0x5e0002 0x0 0x630007 0x0 0x548 0x0 0x680007 0x0 0x268 0x0 0x7c0007 0x0 0x1f8 0x0 0x880007 0x0 0x90 0x0 0x8d0007 0x0 0x1b8 0x0 0x930005 0x0 0x0 0x0 0x0 0x0 0x960007 0x0 0x168 0x0 0xa10007 0x0 0xb0 0x0 0xa70007 0x0 0x90 0x0 0xac0007 0x0 0x140 0x0 0xb20005 0x0 0x0 0x0 0x0 0x0 0xb50007 0x0 0xf0 0x0 0xbd0007 0x0 0x38 0x0 0xc60003 0x0 0xb0 0xcb0007 0x0 0x38 0x0 0xd80003 0x0 0x78 0xe40002 0x0 0xe70003 0x0 0x50 0xf60007 0x0 0xfffffffffffffe08 0x0 0xf90003 0x0 0x18 0xfc0003 0x0 0x2d8 0x1010004 0x0 0x0 0x0 0x0 0x0 0x1040007 0x0 0x230 0x0 0x10c0004 0x0 0x0 0x0 0x0 0x0 0x1190007 0x0 0x1c8 0x0 0x1220005 0x0 0x0 0x0 0x0 0x0 0x1280007 0x0 0x178 0x0 0x1330007 0x0 0xb0 0x0 0x1390007 0x0 0x90 0x0 0x13e0007 0x0 0x118 0x0 0x1440005 0x0 0x0 0x0 0x0 0x0 0x1470007 0x0 0xc8 0x0 0x14f0007 0x0 0x38 0x0 0x1580003 0x0 0x88 0x15f0005 0x0 0x0 0x0 0x0 0x0 0x1620007 0x0 0x40 0x0 0x16e0002 0x0 0x1710002 0x0 0x1740003 0x0 0x78 0x1790004 0x0 0x0 0x0 0x0 0x0 0x17c0007 0x0 0x30 0x0 0x1850002 0x0 0x18c0003 0x0 0x18 0x1990007 0x0 0x90 0x0 0x19e0007 0x0 0x88 0x0 0x1a20007 0x0 0x50 0x0 0x1aa0005 0x0 0x0 0x0 0x0 0x0 0x1b00003 0x0 0xfffffffffffff910 0x0 0x0 0x0 0x0 0x0 0x0 0x0 0x0 0x9 0x4 0x0 0x0 0x0 0x0 0x18f0001 0x18f0001 oops 0 methods 0
ciMethodData java/util/concurrent/ConcurrentHashMap remove (Ljava/lang/Object;)Ljava/lang/Object; 1 0 orig 80 0 0 0 0 0 0 0 0 0 0 0 0 0 0 0 0 0 0 0 0 0 0 0 0 0 0 0 0 0 0 0 0 0 0 0 0 0 0 0 0 0 0 0 0 0 0 0 0 0 0 0 0 0 0 0 0 0 0 0 0 0 0 0 0 0 0 0 0 0 0 0 0 0 0 0 0 0 0 0 0 data 16 0x40005 0x0 0x0 0x0 0x0 0x0 0x0 0x0 0x0 0x0 0x0 0x0 0x9 0x2 0xffffffffffffffff 0xffffffffffffffff oops 0 methods 0
ciMethodData sun/invoke/util/Wrapper isDoubleWord ()Z 1 73 orig 80 0 0 0 0 0 0 0 0 0 0 0 0 0 0 0 0 0 0 0 0 0 0 0 0 0 0 0 0 0 0 0 0 0 0 0 0 0 0 0 0 0 0 0 0 0 0 0 0 0 0 0 0 0 0 0 0 0 0 0 0 0 0 0 0 0 0 0 0 0 0 0 0 0 0 0 0 0 0 0 0 data 13 0x60007 0x25 0x38 0x24 0xa0003 0x24 0x18 0x0 0x0 0x0 0x9 0x1 0x0 oops 0 methods 0
compile java/lang/invoke/MethodType makeImpl (Ljava/lang/Class;[Ljava/lang/Class;Z)Ljava/lang/invoke/MethodType; -1 4 inline 173 0 -1 0 java/lang/invoke/MethodType makeImpl (Ljava/lang/Class;[Ljava/lang/Class;Z)Ljava/lang/invoke/MethodType; 1 17 0 java/lang/invoke/MethodType <init> (Ljava/lang/Class;[Ljava/lang/Class;)V 2 1 0 java/lang/Object <init> ()V 1 25 0 jdk/internal/util/ReferencedKeySet get (Ljava/lang/Object;)Ljava/lang/Object; 2 5 0 jdk/internal/util/ReferencedKeyMap get (Ljava/lang/Object;)Ljava/lang/Object; 3 1 0 jdk/internal/util/ReferencedKeyMap removeStaleReferences ()V 4 4 0 java/lang/ref/NativeReferenceQueue poll ()Ljava/lang/ref/Reference; 5 1 0 java/lang/ref/ReferenceQueue headIsNull ()Z 4 4 0 java/lang/ref/ReferenceQueue poll ()Ljava/lang/ref/Reference; 5 1 0 java/lang/ref/ReferenceQueue headIsNull ()Z 4 20 0 java/util/concurrent/ConcurrentHashMap remove (Ljava/lang/Object;)Ljava/lang/Object; 3 6 0 jdk/internal/util/ReferencedKeyMap getNoCheckStale (Ljava/lang/Object;)Ljava/lang/Object; 4 3 0 java/util/Objects requireNonNull (Ljava/lang/Object;Ljava/lang/String;)Ljava/lang/Object; 4 13 0 jdk/internal/util/ReferencedKeyMap lookupKey (Ljava/lang/Object;)Ljdk/internal/util/ReferenceKey; 5 5 0 jdk/internal/util/StrongReferenceKey <init> (Ljava/lang/Object;)V 6 1 0 java/lang/Object <init> ()V 4 16 0 java/util/concurrent/ConcurrentHashMap get (Ljava/lang/Object;)Ljava/lang/Object; 5 1 0 jdk/internal/util/StrongReferenceKey hashCode ()I 6 1 0 jdk/internal/util/StrongReferenceKey get ()Ljava/lang/Object; 6 4 0 java/lang/invoke/MethodType hashCode ()I 5 4 0 java/util/concurrent/ConcurrentHashMap spread (I)I 5 34 0 java/util/concurrent/ConcurrentHashMap tabAt ([Ljava/util/concurrent/ConcurrentHashMap$Node;I)Ljava/util/concurrent/ConcurrentHashMap$Node; 5 73 0 jdk/internal/util/StrongReferenceKey equals (Ljava/lang/Object;)Z 6 13 0 java/lang/ref/SoftReference get ()Ljava/lang/Object; 6 20 0 jdk/internal/util/StrongReferenceKey get ()Ljava/lang/Object; 6 24 0 java/util/Objects equals (Ljava/lang/Object;Ljava/lang/Object;)Z 5 149 0 jdk/internal/util/StrongReferenceKey equals (Ljava/lang/Object;)Z 6 13 0 java/lang/ref/SoftReference get ()Ljava/lang/Object; 6 20 0 jdk/internal/util/StrongReferenceKey get ()Ljava/lang/Object; 6 24 0 java/util/Objects equals (Ljava/lang/Object;Ljava/lang/Object;)Z 1 42 0 java/util/Objects requireNonNull (Ljava/lang/Object;)Ljava/lang/Object; 1 64 0 java/util/Arrays copyOf ([Ljava/lang/Object;I)[Ljava/lang/Object; 1 82 0 java/lang/invoke/MethodType <init> (Ljava/lang/Class;[Ljava/lang/Class;)V 2 1 0 java/lang/Object <init> ()V 1 91 0 java/lang/invoke/MethodTypeForm findForm (Ljava/lang/invoke/MethodType;)Ljava/lang/invoke/MethodTypeForm; 2 2 0 java/lang/invoke/MethodTypeForm canonicalize (Ljava/lang/invoke/MethodType;I)Ljava/lang/invoke/MethodType; 3 1 0 java/lang/invoke/MethodType ptypes ()[Ljava/lang/Class; 3 7 0 java/lang/invoke/MethodTypeForm canonicalizeAll ([Ljava/lang/Class;I)[Ljava/lang/Class; 4 19 0 java/lang/invoke/MethodTypeForm canonicalize (Ljava/lang/Class;I)Ljava/lang/Class; 3 12 0 java/lang/invoke/MethodType returnType ()Ljava/lang/Class; 3 20 0 java/lang/invoke/MethodTypeForm canonicalize (Ljava/lang/Class;I)Ljava/lang/Class; 3 55 0 java/lang/invoke/MethodType methodType (Ljava/lang/Class;[Ljava/lang/Class;Z)Ljava/lang/invoke/MethodType; 4 23 0 java/lang/invoke/MethodType isAllObject ([Ljava/lang/Class;I)Z 4 45 0 java/lang/invoke/MethodType genericMethodType (IZ)Ljava/lang/invoke/MethodType; 5 1 0 java/lang/invoke/MethodType checkSlotCount (I)V 5 55 0 java/util/Arrays fill ([Ljava/lang/Object;Ljava/lang/Object;)V 4 65 0 java/lang/invoke/MethodType makeImpl (Ljava/lang/Class;[Ljava/lang/Class;Z)Ljava/lang/invoke/MethodType; 5 17 0 java/lang/invoke/MethodType <init> (Ljava/lang/Class;[Ljava/lang/Class;)V 6 1 0 java/lang/Object <init> ()V 5 25 0 jdk/internal/util/ReferencedKeySet get (Ljava/lang/Object;)Ljava/lang/Object; 6 5 0 jdk/internal/util/ReferencedKeyMap get (Ljava/lang/Object;)Ljava/lang/Object; 7 1 0 jdk/internal/util/ReferencedKeyMap removeStaleReferences ()V 8 4 0 java/lang/ref/NativeReferenceQueue poll ()Ljava/lang/ref/Reference; 9 1 0 java/lang/ref/ReferenceQueue headIsNull ()Z 8 4 0 java/lang/ref/ReferenceQueue poll ()Ljava/lang/ref/Reference; 9 1 0 java/lang/ref/ReferenceQueue headIsNull ()Z 8 20 0 java/util/concurrent/ConcurrentHashMap remove (Ljava/lang/Object;)Ljava/lang/Object; 7 6 0 jdk/internal/util/ReferencedKeyMap getNoCheckStale (Ljava/lang/Object;)Ljava/lang/Object; 8 3 0 java/util/Objects requireNonNull (Ljava/lang/Object;Ljava/lang/String;)Ljava/lang/Object; 8 13 0 jdk/internal/util/ReferencedKeyMap lookupKey (Ljava/lang/Object;)Ljdk/internal/util/ReferenceKey; 9 5 0 jdk/internal/util/StrongReferenceKey <init> (Ljava/lang/Object;)V 10 1 0 java/lang/Object <init> ()V 8 16 0 java/util/concurrent/ConcurrentHashMap get (Ljava/lang/Object;)Ljava/lang/Object; 9 1 0 jdk/internal/util/StrongReferenceKey hashCode ()I 10 1 0 jdk/internal/util/StrongReferenceKey get ()Ljava/lang/Object; 10 4 0 java/lang/invoke/MethodType hashCode ()I 9 4 0 java/util/concurrent/ConcurrentHashMap spread (I)I 9 34 0 java/util/concurrent/ConcurrentHashMap tabAt ([Ljava/util/concurrent/ConcurrentHashMap$Node;I)Ljava/util/concurrent/ConcurrentHashMap$Node; 9 73 0 jdk/internal/util/StrongReferenceKey equals (Ljava/lang/Object;)Z 10 13 0 java/lang/ref/SoftReference get ()Ljava/lang/Object; 10 20 0 jdk/internal/util/StrongReferenceKey get ()Ljava/lang/Object; 10 24 0 java/util/Objects equals (Ljava/lang/Object;Ljava/lang/Object;)Z 9 149 0 jdk/internal/util/StrongReferenceKey equals (Ljava/lang/Object;)Z 10 13 0 java/lang/ref/SoftReference get ()Ljava/lang/Object; 10 20 0 jdk/internal/util/StrongReferenceKey get ()Ljava/lang/Object; 10 24 0 java/util/Objects equals (Ljava/lang/Object;Ljava/lang/Object;)Z 5 42 0 java/util/Objects requireNonNull (Ljava/lang/Object;)Ljava/lang/Object; 5 91 0 java/lang/invoke/MethodTypeForm findForm (Ljava/lang/invoke/MethodType;)Ljava/lang/invoke/MethodTypeForm; 6 2 0 java/lang/invoke/MethodTypeForm canonicalize (Ljava/lang/invoke/MethodType;I)Ljava/lang/invoke/MethodType; 7 1 0 java/lang/invoke/MethodType ptypes ()[Ljava/lang/Class; 7 7 0 java/lang/invoke/MethodTypeForm canonicalizeAll ([Ljava/lang/Class;I)[Ljava/lang/Class; 8 19 0 java/lang/invoke/MethodTypeForm canonicalize (Ljava/lang/Class;I)Ljava/lang/Class; 7 12 0 java/lang/invoke/MethodType returnType ()Ljava/lang/Class; 7 20 0 java/lang/invoke/MethodTypeForm canonicalize (Ljava/lang/Class;I)Ljava/lang/Class; 7 55 0 java/lang/invoke/MethodType methodType (Ljava/lang/Class;[Ljava/lang/Class;Z)Ljava/lang/invoke/MethodType; 8 23 0 java/lang/invoke/MethodType isAllObject ([Ljava/lang/Class;I)Z 8 45 0 java/lang/invoke/MethodType genericMethodType (IZ)Ljava/lang/invoke/MethodType; 9 1 0 java/lang/invoke/MethodType checkSlotCount (I)V 9 55 0 java/util/Arrays fill ([Ljava/lang/Object;Ljava/lang/Object;)V 6 15 0 java/lang/invoke/MethodTypeForm <init> (Ljava/lang/invoke/MethodType;)V 7 1 0 java/lang/Object <init> ()V 7 10 0 java/lang/invoke/MethodType ptypes ()[Ljava/lang/Class; 7 137 0 java/lang/invoke/MethodType returnType ()Ljava/lang/Class; 7 268 0 java/lang/invoke/MethodType form ()Ljava/lang/invoke/MethodTypeForm; 6 20 0 java/lang/invoke/MethodType form ()Ljava/lang/invoke/MethodTypeForm; 5 102 0 jdk/internal/util/ReferencedKeySet intern (Ljava/lang/Object;)Ljava/lang/Object; 6 5 0 jdk/internal/util/ReferencedKeyMap intern (Ljdk/internal/util/ReferencedKeyMap;Ljava/lang/Object;)Ljava/lang/Object; 7 2 0 jdk/internal/util/ReferencedKeyMap existingKey (Ljdk/internal/util/ReferencedKeyMap;Ljava/lang/Object;)Ljava/lang/Object; 8 1 0 jdk/internal/util/ReferencedKeyMap removeStaleReferences ()V 9 4 0 java/lang/ref/NativeReferenceQueue poll ()Ljava/lang/ref/Reference; 10 1 0 java/lang/ref/ReferenceQueue headIsNull ()Z 9 4 0 java/lang/ref/ReferenceQueue poll ()Ljava/lang/ref/Reference; 10 1 0 java/lang/ref/ReferenceQueue headIsNull ()Z 9 20 0 java/util/concurrent/ConcurrentHashMap remove (Ljava/lang/Object;)Ljava/lang/Object; 8 7 0 jdk/internal/util/ReferencedKeyMap lookupKey (Ljava/lang/Object;)Ljdk/internal/util/ReferenceKey; 9 5 0 jdk/internal/util/StrongReferenceKey <init> (Ljava/lang/Object;)V 10 1 0 java/lang/Object <init> ()V 8 10 0 jdk/internal/util/ReferencedKeyMap get (Ljava/lang/Object;)Ljava/lang/Object; 9 1 0 jdk/internal/util/ReferencedKeyMap removeStaleReferences ()V 10 4 0 java/lang/ref/NativeReferenceQueue poll ()Ljava/lang/ref/Reference; 11 1 0 java/lang/ref/ReferenceQueue headIsNull ()Z 10 4 0 java/lang/ref/ReferenceQueue poll ()Ljava/lang/ref/Reference; 11 1 0 java/lang/ref/ReferenceQueue headIsNull ()Z 10 20 0 java/util/concurrent/ConcurrentHashMap remove (Ljava/lang/Object;)Ljava/lang/Object; 9 6 0 jdk/internal/util/ReferencedKeyMap getNoCheckStale (Ljava/lang/Object;)Ljava/lang/Object; 10 3 0 java/util/Objects requireNonNull (Ljava/lang/Object;Ljava/lang/String;)Ljava/lang/Object; 10 13 0 jdk/internal/util/ReferencedKeyMap lookupKey (Ljava/lang/Object;)Ljdk/internal/util/ReferenceKey; 11 5 0 jdk/internal/util/StrongReferenceKey <init> (Ljava/lang/Object;)V 12 1 0 java/lang/Object <init> ()V 10 16 0 java/util/concurrent/ConcurrentHashMap get (Ljava/lang/Object;)Ljava/lang/Object; 11 1 0 jdk/internal/util/StrongReferenceKey hashCode ()I 12 1 0 jdk/internal/util/StrongReferenceKey get ()Ljava/lang/Object; 12 4 0 jdk/internal/util/StrongReferenceKey hashCode ()I 13 1 0 jdk/internal/util/StrongReferenceKey get ()Ljava/lang/Object; 11 4 0 java/util/concurrent/ConcurrentHashMap spread (I)I 11 34 0 java/util/concurrent/ConcurrentHashMap tabAt ([Ljava/util/concurrent/ConcurrentHashMap$Node;I)Ljava/util/concurrent/ConcurrentHashMap$Node; 11 73 0 jdk/internal/util/StrongReferenceKey equals (Ljava/lang/Object;)Z 12 13 0 java/lang/ref/SoftReference get ()Ljava/lang/Object; 12 20 0 jdk/internal/util/StrongReferenceKey get ()Ljava/lang/Object; 12 24 0 java/util/Objects equals (Ljava/lang/Object;Ljava/lang/Object;)Z 11 149 0 jdk/internal/util/StrongReferenceKey equals (Ljava/lang/Object;)Z 12 13 0 java/lang/ref/SoftReference get ()Ljava/lang/Object; 12 20 0 jdk/internal/util/StrongReferenceKey get ()Ljava/lang/Object; 12 24 0 java/util/Objects equals (Ljava/lang/Object;Ljava/lang/Object;)Z 7 14 0 jdk/internal/util/ReferencedKeyMap internKey (Ljdk/internal/util/ReferencedKeyMap;Ljava/lang/Object;)Ljava/lang/Object; 8 2 0 jdk/internal/util/ReferencedKeyMap entryKey (Ljava/lang/Object;)Ljdk/internal/util/ReferenceKey; 9 29 0 jdk/internal/util/WeakReferenceKey <init> (Ljava/lang/Object;Ljava/lang/ref/ReferenceQueue;)V 10 3 0 java/lang/ref/WeakReference <init> (Ljava/lang/Object;Ljava/lang/ref/ReferenceQueue;)V 11 3 0 java/lang/ref/Reference <init> (Ljava/lang/Object;Ljava/lang/ref/ReferenceQueue;)V 12 1 0 java/lang/Object <init> ()V 10 8 0 java/util/Objects hashCode (Ljava/lang/Object;)I 11 5 0 java/lang/invoke/MethodType hashCode ()I 8 7 0 jdk/internal/util/ReferencedKeyMap removeStaleReferences ()V 9 4 0 java/lang/ref/NativeReferenceQueue poll ()Ljava/lang/ref/Reference; 10 1 0 java/lang/ref/ReferenceQueue headIsNull ()Z 9 4 0 java/lang/ref/ReferenceQueue poll ()Ljava/lang/ref/Reference; 10 1 0 java/lang/ref/ReferenceQueue headIsNull ()Z 9 20 0 java/util/concurrent/ConcurrentHashMap remove (Ljava/lang/Object;)Ljava/lang/Object; 8 16 0 java/util/concurrent/ConcurrentHashMap putIfAbsent (Ljava/lang/Object;Ljava/lang/Object;)Ljava/lang/Object; 2 15 0 java/lang/invoke/MethodTypeForm <init> (Ljava/lang/invoke/MethodType;)V 3 1 0 java/lang/Object <init> ()V 3 10 0 java/lang/invoke/MethodType ptypes ()[Ljava/lang/Class; 3 137 0 java/lang/invoke/MethodType returnType ()Ljava/lang/Class; 3 268 0 java/lang/invoke/MethodType form ()Ljava/lang/invoke/MethodTypeForm; 2 20 0 java/lang/invoke/MethodType form ()Ljava/lang/invoke/MethodTypeForm; 1 102 0 jdk/internal/util/ReferencedKeySet intern (Ljava/lang/Object;)Ljava/lang/Object; 2 5 0 jdk/internal/util/ReferencedKeyMap intern (Ljdk/internal/util/ReferencedKeyMap;Ljava/lang/Object;)Ljava/lang/Object; 3 2 0 jdk/internal/util/ReferencedKeyMap existingKey (Ljdk/internal/util/ReferencedKeyMap;Ljava/lang/Object;)Ljava/lang/Object; 4 1 0 jdk/internal/util/ReferencedKeyMap removeStaleReferences ()V 5 4 0 java/lang/ref/NativeReferenceQueue poll ()Ljava/lang/ref/Reference; 6 1 0 java/lang/ref/ReferenceQueue headIsNull ()Z 5 4 0 java/lang/ref/ReferenceQueue poll ()Ljava/lang/ref/Reference; 6 1 0 java/lang/ref/ReferenceQueue headIsNull ()Z 5 20 0 java/util/concurrent/ConcurrentHashMap remove (Ljava/lang/Object;)Ljava/lang/Object; 4 7 0 jdk/internal/util/ReferencedKeyMap lookupKey (Ljava/lang/Object;)Ljdk/internal/util/ReferenceKey; 5 5 0 jdk/internal/util/StrongReferenceKey <init> (Ljava/lang/Object;)V 6 1 0 java/lang/Object <init> ()V 4 10 0 jdk/internal/util/ReferencedKeyMap get (Ljava/lang/Object;)Ljava/lang/Object; 5 1 0 jdk/internal/util/ReferencedKeyMap removeStaleReferences ()V 6 4 0 java/lang/ref/NativeReferenceQueue poll ()Ljava/lang/ref/Reference; 7 1 0 java/lang/ref/ReferenceQueue headIsNull ()Z 6 4 0 java/lang/ref/ReferenceQueue poll ()Ljava/lang/ref/Reference; 7 1 0 java/lang/ref/ReferenceQueue headIsNull ()Z
